Name,exp,if_regulated,Dams_Year_Min,Dams_Year_Max,Alpha,Thelta,m,Am_25,D0,kQ,kA,S_sls,fER0,VPDmin,VPDmax,hc,Ts,CFMAX,CFR,CWH,BETA,LP,FC,PERC,K0,K1,K2,UZL,MAXBAS
AUS-HRS_105101A,SimulationRaw,0,,,0.047772886,0.068873113,25.44538714,36.81173774,1.872114421,0.112143085,0.88589047,0.15765849,0.037217318,1.040763975,3.681638574,9.718643837,1.281878245,4.060065371,0.617082319,0.113253781,6.944862395,0.317841634,628.626933,5.30302708,0.343622185,0.364047502,0.04940597,270.6924808,1.833622143
AUS-HRS_116011A,SimulationRaw,0,,,0.022937049,0.035090648,8.430151284,11.20791934,1.593115702,0.849955541,0.792421844,0.148689789,0.144268879,0.666966493,5.170982401,3.381168649,4.881721296,19.62644027,0.019068159,0.64624358,5.78773144,0.473940317,774.4318143,10.10610507,1.996497091,0.238847562,0.03041016,58.12204879,1.05046962
AUS-HRS_126003A,SimulationRaw,0,,,0.037218402,0.018907552,19.91805862,25.58292103,0.648437885,0.72698417,0.701021315,0.046717921,0.03513303,1.257221219,5.028942342,2.763848427,-2.986572989,2.219066656,0.298499401,0.06488591,5.417585768,0.533590629,248.545216,0.909808278,1.274975454,0.545997343,0.030834209,45.83535547,1.597894103
AUS-HRS_215207,SimulationRaw,0,,,0.047562638,0.036081903,13.43847844,39.18379901,1.595906077,0.573856989,0.811102239,0.158298421,0.055713352,1.373807321,6.468253854,1.88660884,-2.125515476,16.75470876,0.795091259,0.671174032,5.499973407,0.659781283,245.8657832,0.356465678,1.219891301,0.556951864,0.025873884,107.0423505,1.39102488
AUS-HRS_221207,SimulationRaw,0,,,0.040080823,0.01810692,19.76993442,24.87418382,0.993938371,0.402146789,0.827058446,0.150889303,0.122512003,0.926907607,6.110381561,4.882624737,-0.152061255,19.10457511,0.330565561,0.469966578,1.131929845,0.854960259,123.5743091,11.39157061,0.487119641,0.112727153,0.035320594,20.05502131,1.323598451
AUS-HRS_221210,SimulationRaw,0,,,0.039434816,0.014647215,23.24868097,7.571450792,1.158753505,0.240180766,0.759712701,0.165776775,0.06355754,1.471090755,5.257958901,9.48027033,4.70654282,0.158471963,0.199934096,0.369462189,6.748832661,0.31858185,285.0581995,51.15662588,1.949873601,0.656128948,0.020064024,16.70938124,1.837309189
AUS-HRS_224201,SimulationRaw,0,,,0.03140606,0.064327436,14.69114378,16.47792631,1.307486823,0.319157826,0.8585049,0.088431048,0.015578102,1.255974535,6.328360996,2.447863083,0.499763585,8.538743485,0.971161605,0.369079448,6.726716415,0.525778372,431.9493148,10.31313288,1.093759595,0.107601689,0.071935779,215.6480858,1.053615391
AUS-HRS_224206,SimulationRaw,0,,,0.035906793,0.018313356,24.74366597,20.27331726,1.541894465,0.78930778,0.83694147,0.132605597,0.098754478,1.11154133,4.796279623,1.953830551,-2.13245283,4.179311964,0.812212047,0.023666127,3.134824607,0.301776995,207.5275203,4.002823336,1.771991112,0.188135596,0.076812728,278.8417249,1.268507105
AUS-HRS_227225,SimulationRaw,0,,,0.038969198,0.0305427,21.43429279,3.408482529,1.824264044,0.741915467,0.70812977,0.15601934,0.009187213,0.724087664,4.351114545,0.27654355,-4.463323631,0.158263114,0.961281002,0.184622985,4.723565136,0.988221124,637.6513528,8.739265044,1.859941868,0.055285692,0.026837421,5.424819986,2.01175196
AUS-HRS_235205,SimulationRaw,0,,,0.047164762,0.04943398,5.729689176,17.99977269,1.152410406,0.758037227,0.882759708,0.103671197,0.086336561,0.743818756,5.263471824,7.033885285,3.798248433,16.17134465,0.172189123,0.703683018,6.314333055,0.400107469,1156.248988,5.934369351,1.409858671,0.361253739,0.07309013,22.24877729,1.767225486
AUS-HRS_236213,SimulationRaw,0,,,0.033826101,0.031249927,25.03687467,14.62234222,1.749045356,0.277356716,0.689798759,0.041599249,0.123267861,0.814347778,5.269797959,2.784063051,1.101011614,15.42952754,0.936774137,0.627072545,6.510955579,0.405666406,531.1105379,14.12955698,1.660706031,0.377733768,0.022515676,257.2913899,1.552762814
AUS-HRS_238208,SimulationRaw,0,,,0.026163573,0.065645741,15.21844581,19.68629939,1.461325898,0.639146867,0.742992295,0.036839876,0.157394897,1.270022664,5.903284597,1.403874502,-2.950141611,2.792990536,0.094501505,0.756214438,6.501983967,0.425218775,1626.583371,91.82447508,0.722214995,0.471198169,0.031140981,74.0000451,3.024139645
AUS-HRS_304499,SimulationRaw,0,,,0.016021658,0.043399853,22.57920905,44.06409843,1.831224653,0.634834598,0.708935093,0.124198361,0.110055691,1.254526153,3.997984221,3.555549021,-0.013274721,14.63405744,0.121892596,0.655313917,3.11181235,0.779514224,1175.772382,0.861599205,1.537364178,0.282422378,0.070316411,210.6780796,1.820811189
AUS-HRS_408200,SimulationRaw,0,,,0.045206079,0.068027333,25.18290659,34.45423457,1.813671055,0.640254513,0.741477145,0.026036247,0.028755858,0.856297596,6.4699326,2.213900787,-0.806192477,19.30628439,0.115611805,0.025389263,6.696723123,0.332177504,490.3736857,26.26785128,1.616928866,0.643822838,0.020084971,6.673155847,1.372157975
AUS-HRS_418032,SimulationRaw,0,,,0.044717204,0.058773997,24.80491416,42.12536792,1.765507533,0.262412368,0.786868541,0.084347013,0.073484144,0.888499058,4.825954174,9.82036296,4.788033791,13.35868552,0.880463626,0.138313088,6.970691538,0.300020682,374.0209129,90.14106475,1.573362125,0.678528549,0.02081948,23.12907903,2.106359786
AUS-HRS_422321B,SimulationRaw,0,,,0.025395702,0.053269548,21.47333702,9.259784241,1.793790539,0.323802871,0.804795179,0.013876724,0.028688733,1.339063845,6.15510451,9.548415898,0.427147031,15.26037813,0.792301435,0.667257565,1.329663938,0.589853083,65.85161909,15.55977572,1.36304827,0.345614447,0.023699458,196.6434952,1.441002526
AUS-HRS_606002,SimulationRaw,0,,,0.047017778,0.06311108,25.49002396,40.11952576,1.724920285,0.132111892,0.727506154,0.108158642,0.015358329,1.034536446,5.045058208,9.961509587,-1.838605057,8.848477801,0.319689709,0.702571975,6.569108425,0.500743931,1009.533607,12.70003973,1.955987744,0.254015799,0.03221573,294.2739847,1.24711052
AUS-HRS_608002,SimulationRaw,0,,,0.043923348,0.020566135,22.27656205,23.62205472,1.119725933,0.100889383,0.763500762,0.168133069,0.150663834,0.743733116,5.445223166,4.83351539,1.066124498,7.160257109,0.852558082,0.147078378,2.909453907,0.548753804,1941.206293,9.932274507,0.697862319,0.388703586,0.02130287,2.21717128,3.444066048
AUS-HRS_701007,SimulationRaw,0,,,0.047176181,0.064577312,25.56681112,42.81483592,1.921026519,0.122808817,0.892234562,0.148266239,0.034538399,0.969933291,6.455641399,9.619533615,-1.820261184,2.784414707,0.856241968,0.065360854,6.459028402,0.530154981,435.0060406,77.41288642,0.744798023,0.623888812,0.025318509,12.1620826,1.437606715
AUS-HRS_707002,SimulationRaw,0,,,0.042264315,0.052377138,22.33357832,20.27174314,1.966567732,0.660864121,0.793511886,0.026107359,0.032769465,1.383760251,6.34290927,0.61834963,-3.128608914,17.7144803,0.786599697,0.777028693,6.846086067,0.324298675,545.4403679,0.541757723,1.826782375,0.682132455,0.020130055,29.28554669,1.19827273
AUS-HRS_809316,SimulationRaw,0,,,0.044709611,0.05748036,19.12863469,42.49000441,1.985293491,0.827333017,0.696270329,0.15725492,0.054692842,0.792959152,4.728079739,4.171472367,-3.855226042,4.437661988,0.588745718,0.649960325,5.460448126,0.369502717,252.6747193,20.70927514,1.398788857,0.571153604,0.045196905,5.158900417,1.741482933
AUS-HRS_A0020101,SimulationRaw,0,,,0.038078092,0.027077267,20.60386403,45.94997495,1.978143237,0.246371084,0.898180591,0.021404962,0.020796145,1.415632357,5.161205997,3.317245092,2.90685913,7.055008343,0.569754716,0.682748672,6.970237313,0.344125042,395.6680169,20.62056976,0.09485804,0.03724402,0.02229493,159.5221473,1.181225527
AUS-HRS_A0030501,SimulationRaw,0,,,0.036444773,0.067190327,25.06237383,34.50954651,1.920959588,0.461592199,0.680077979,0.129911527,0.152759173,1.417490954,5.96907328,2.347036026,-4.506229336,9.742442624,0.807823736,0.78041912,6.85600018,0.315153012,347.0849151,94.15102383,1.186232861,0.03805021,0.022425207,28.79530316,1.073324869
AUS-HRS_A2390519,SimulationRaw,0,,,0.04565918,0.067973805,25.14514392,39.77336281,1.792337291,0.599094612,0.735143739,0.155017934,0.010715567,1.308768336,5.26581584,6.931969913,-0.735563881,4.532691449,0.393097402,0.07641354,6.962537692,0.315092403,426.3901176,0.194205139,0.128564817,0.185939205,0.02357021,179.4513633,1.06112803
AUS-HRS_AUS-Zhang_108002A,SimulationRaw,0,,,0.028957554,0.034445271,4.718535263,34.69128807,0.962941324,0.131812953,0.693780955,0.1696825,0.058022367,1.393654263,4.240136477,8.561594757,0.073064575,2.676277255,0.102614745,0.513076033,2.030542142,0.589361573,849.4398838,7.389271289,1.231222249,0.212455635,0.02592079,9.256724733,2.121312133
AUS-HRS_AUS-Zhang_111005A,SimulationRaw,0,,,0.017885007,0.025775501,9.616175827,14.10007161,1.548800937,0.294800664,0.853887208,0.16668754,0.011794085,0.88314645,6.340999508,1.836326945,4.249669661,13.78892979,0.967482306,0.077172307,2.358256922,0.605290625,1828.95514,12.68491461,1.010592551,0.361454602,0.046553195,20.54396823,2.339953736
AUS-HRS_AUS-Zhang_111007A,SimulationRaw,0,,,0.027423336,0.003977977,12.48746614,43.94385381,1.389636504,0.47023085,0.822255297,0.006952789,0.028392122,0.706058548,4.759633636,3.187942139,3.430803579,18.03668205,0.299423385,0.562758594,5.227648036,0.562910281,1833.766861,5.767986215,1.327699313,0.23063476,0.040743952,75.49764908,1.310531039
AUS-HRS_AUS-Zhang_112101B,SimulationRaw,0,,,0.017770058,0.056824801,11.89000443,30.59498635,1.867612701,0.976701567,0.799183787,0.045407046,0.124638767,0.999276599,3.918739712,8.105974733,1.986846246,8.491806612,0.53773442,0.093010406,2.979253209,0.819622213,1324.953999,7.181278804,1.183474166,0.232834657,0.023675709,146.0850715,1.227896902
AUS-HRS_AUS-Zhang_112102A,SimulationRaw,0,,,0.016884838,0.026217829,7.065741104,22.65343255,1.432182256,0.357477705,0.753764659,0.035979865,0.095256705,1.449814868,5.022099275,0.514830146,1.364721242,7.975927236,0.739993972,0.10119288,6.326031099,0.446067227,1945.834457,17.40425184,0.506870397,0.208298813,0.028104072,32.27031203,1.083333585
AUS-HRS_AUS-Zhang_114001A,SimulationRaw,0,,,0.037097197,0.056923518,12.22096719,33.55585724,0.591112084,0.193882395,0.867233255,0.148667037,0.068001947,1.22919212,4.94980234,8.111270599,1.083993985,6.090335073,0.788505652,0.689049051,1.824071801,0.597356195,1327.501245,3.995066536,1.539856408,0.487871778,0.021676593,11.59979401,2.056601951
AUS-HRS_AUS-Zhang_116006B,SimulationRaw,0,,,0.034435826,0.057830593,19.32472004,12.67764755,1.386708629,0.390124319,0.814082092,0.144810322,0.058600453,1.126726334,5.245242495,6.36398779,-2.676781082,2.000181509,0.623598638,0.468294142,4.205799717,0.754224251,657.5315528,50.84005367,1.753587659,0.56399374,0.022274997,13.76271558,2.053116551
AUS-HRS_AUS-Zhang_116010A,SimulationRaw,0,,,0.039515712,0.024381704,17.2175728,28.71784258,1.057218066,0.351646413,0.89221191,0.13930564,0.085968642,1.190055463,6.488317151,8.182244631,-2.514267816,8.532148858,0.223173127,0.430156154,2.442174234,0.601497412,1340.008995,1.295097467,1.300298264,0.139452424,0.032186883,16.30301498,2.331566729
AUS-HRS_AUS-Zhang_116013A,SimulationRaw,0,,,0.01099188,0.044881764,18.85066916,14.94997825,1.550731614,0.830492685,0.710229284,0.137285756,0.100679468,0.711494691,5.002222986,7.233592004,-3.47573994,13.33857058,0.659479998,0.510126095,2.16464875,0.474816798,514.5406079,8.096069194,0.968980678,0.135582676,0.027818215,22.22723093,1.219753482
AUS-HRS_AUS-Zhang_116014A,SimulationRaw,0,,,0.042502753,0.025508028,24.1410993,9.87099314,1.755907995,0.316248819,0.703577551,0.054271515,0.149489512,0.902107191,4.540190491,5.491372346,0.784311572,14.71310115,0.301715995,0.382481537,5.981922477,0.421879439,364.6777212,4.304938587,0.260262281,0.417649063,0.049205549,4.26849342,1.00145329
AUS-HRS_AUS-Zhang_117002A,SimulationRaw,0,,,0.042755131,0.03294371,20.85485804,32.70012688,1.613727353,0.20245214,0.764872752,0.02266787,0.096736718,1.413623048,6.423287441,8.215932958,-3.644535404,9.766001053,0.851793389,0.61555967,4.091531473,0.348441063,521.8861102,6.828432693,0.180042424,0.731560098,0.040529526,281.6327029,1.355080384
AUS-HRS_AUS-Zhang_117003A,SimulationRaw,0,,,0.03917576,0.029773004,10.75316059,4.216261804,1.72738236,0.918570219,0.826939759,0.170970225,0.083642623,1.11084931,3.601814852,4.207238749,0.470811992,12.28114472,0.205335943,0.436174316,4.360696901,0.396694195,450.1716108,2.392747814,0.649026951,0.61793735,0.038682358,136.1098041,1.194629354
AUS-HRS_AUS-Zhang_118106A,SimulationRaw,0,,,0.0180831,0.067033765,10.60904023,21.11007145,1.433288497,0.234162503,0.803607836,0.108717666,0.027705956,0.939726507,3.626814492,9.426650644,2.152608773,15.94420106,0.403149592,0.142132898,5.332229582,0.864456816,659.1010305,99.42143974,0.903480893,0.476684559,0.067957992,19.44001624,1.665827216
AUS-HRS_AUS-Zhang_120102A,SimulationRaw,0,,,0.035795445,0.038138349,24.82722882,10.09085521,1.152607756,0.632555532,0.681028763,0.126859303,0.088957921,0.898423033,3.655345868,3.147020612,-3.041371245,13.08452932,0.689174226,0.41684657,5.684097043,0.317083087,195.356341,4.318351865,1.357290805,0.790154929,0.055254813,28.00104089,2.077880598
AUS-HRS_AUS-Zhang_120304A,SimulationRaw,0,,,0.047346649,0.053767351,24.8688463,25.45295095,1.927884696,0.132192972,0.803991785,0.132572538,0.131085935,1.476916704,4.346887654,8.453840821,-4.149143114,16.76630653,0.844258914,0.328911025,5.331184502,0.342038257,402.1919005,2.149292722,0.330832309,0.754016281,0.020476097,31.35566586,1.313497823
AUS-HRS_AUS-Zhang_121002A,SimulationRaw,0,,,0.021655527,0.047909544,25.56342379,32.81806624,0.997234136,0.347103653,0.709583024,0.124302816,0.009432529,1.206937337,3.748267092,8.917853573,0.174828566,10.46248159,0.112565336,0.45089411,3.89570025,0.306404579,379.6834961,94.94663729,1.381535639,0.045737387,0.028269135,1.340311401,1.010531088
AUS-HRS_AUS-Zhang_130403A,SimulationRaw,0,,,0.025672919,0.054493789,16.13242966,28.10215649,1.69454029,0.113460988,0.890286319,0.086096391,0.008210341,1.468110007,6.403716083,4.26260794,3.710163866,0.794609933,0.741035592,0.074570463,5.981393582,0.621521259,212.1091747,49.82515695,1.080110013,0.386291672,0.046708922,26.45020571,2.444640552
AUS-HRS_AUS-Zhang_130410A,SimulationRaw,0,,,0.046240478,0.064388023,25.31042928,46.20784487,1.871406333,0.285984652,0.775152521,0.140172499,0.142494248,1.284859569,6.077120047,9.763448033,1.142759722,13.8894238,0.638153154,0.23290252,6.098288642,0.342441566,410.392022,85.0752788,1.740317356,0.461812359,0.02081874,3.826010452,1.817195985
AUS-HRS_AUS-Zhang_130413A,SimulationRaw,0,,,0.042777505,0.049633972,21.15242135,41.33831161,1.579604865,0.21238491,0.727807028,0.15721823,0.038743214,0.739959708,6.44391157,9.549893028,3.108936176,6.774789134,0.553356284,0.713910642,5.662602471,0.316492265,365.1908792,6.499882943,1.648141104,0.458767905,0.056471931,25.705344,1.342656872
AUS-HRS_AUS-Zhang_135002A,SimulationRaw,0,,,0.035096588,0.06681138,20.76400097,28.91850804,0.902770991,0.483448321,0.71438682,0.157461518,0.049104435,0.898187024,5.507036168,9.490168771,-1.6201472,1.7594745,0.36351667,0.538155868,6.887582425,0.324440848,261.6936746,3.381778508,1.84150352,0.518578495,0.02514149,166.3148385,1.157736042
AUS-HRS_AUS-Zhang_143209B,SimulationRaw,0,,,0.041468647,0.06009465,10.46518944,31.8407427,1.310649457,0.289331848,0.724976955,0.043188027,0.010095949,1.200816096,6.246688802,2.640774984,1.831380473,7.631093071,0.533567997,0.688279302,6.424424848,0.632056862,323.0256638,27.5532951,1.184558041,0.729428079,0.0272577,17.61617079,1.35871465
AUS-HRS_AUS-Zhang_204002,SimulationRaw,0,,,0.040341506,0.046810936,22.98358326,41.63534361,1.907490528,0.309416547,0.723777217,0.16820987,0.092943405,1.173683712,4.125469085,5.216146976,-1.871776807,1.403258063,0.587940814,0.160090718,6.934248617,0.303666785,202.1318097,9.12652396,0.560005402,0.412746544,0.053430503,213.7546024,2.013866051
AUS-HRS_AUS-Zhang_204007,SimulationRaw,0,,,0.033819481,0.058493407,12.51782135,34.41432808,1.100494971,0.392296943,0.684723109,0.159338809,0.035460292,1.413743272,6.008784747,1.674232412,3.932529576,9.09841243,0.754812735,0.013544314,5.386727525,0.50727262,245.159989,9.452500771,1.817419149,0.572851513,0.020384032,230.1669957,1.642072098
AUS-HRS_AUS-Zhang_204017,SimulationRaw,0,,,0.039945307,0.049403752,5.786653567,19.63159241,1.895559716,0.976708914,0.714115804,0.007819216,0.072595992,0.968525948,3.88327938,3.812669765,3.407743913,7.28625543,0.392519885,0.145129382,4.517115809,0.682064437,788.2399797,21.3725573,1.078678276,0.370345009,0.02581584,14.06651375,1.903321136
AUS-HRS_AUS-Zhang_204037,SimulationRaw,0,,,0.03769258,0.039641553,21.65248829,35.61236062,1.655864891,0.147512046,0.881727648,0.098073674,0.111963489,1.031360599,3.72300588,9.581718055,-1.222270871,12.82262324,0.031822216,0.10042391,5.734883261,0.372716806,359.9372933,70.65680505,0.176039452,0.632884489,0.024535358,9.227278106,1.776679217
AUS-HRS_AUS-Zhang_204041,SimulationRaw,0,,,0.046582383,0.02793383,19.52521444,32.59975536,1.29238008,0.250821721,0.712189387,0.053256327,0.066758765,1.387929266,5.604898993,9.163831622,1.52320983,18.64076249,0.746024368,0.382790171,5.407077587,0.540129919,764.8853108,8.249028899,1.576513035,0.208146467,0.099464948,11.7645305,2.738330415
AUS-HRS_AUS-Zhang_204046,SimulationRaw,0,,,0.03244857,0.016488267,13.33108378,21.15073694,0.995801305,0.270489596,0.686193795,0.078942332,0.059625707,0.708862396,4.504756131,6.748285184,1.735561171,8.903881338,0.376041078,0.161897395,6.770094013,0.376519075,531.0246675,15.6170421,1.792654178,0.499497012,0.043096398,2.638759737,2.118423641
AUS-HRS_AUS-Zhang_204051,SimulationRaw,0,,,0.038394952,0.056265718,19.26134282,31.01469784,1.56908313,0.434130368,0.879659181,0.126726403,0.026831647,1.246961049,4.297914566,9.330557746,-4.572129125,17.4299686,0.692863383,0.589366246,6.732197863,0.307036928,262.2417155,6.677500831,0.568867524,0.509977202,0.039273108,137.1440095,1.783691771
AUS-HRS_AUS-Zhang_204906,SimulationRaw,0,,,0.024554748,0.058138511,21.90888637,43.91717658,0.890234857,0.693936892,0.889485169,0.13795028,0.156477003,1.468968061,6.156919345,2.120911709,3.144845598,16.1933078,0.095740814,0.685375091,6.649481947,0.744766523,653.5746447,4.712217372,0.237555652,0.584809367,0.020043461,12.26509511,2.047127201
AUS-HRS_AUS-Zhang_207004,SimulationRaw,0,,,0.023989841,0.065152137,11.46594981,12.1936814,1.82894315,0.3724807,0.704196179,0.116560997,0.134249936,0.855108002,3.951311611,2.013138302,2.883709854,13.37913839,0.805666913,0.724316741,5.164572431,0.593486571,653.2012797,84.72571408,1.266260125,0.358259513,0.05440814,4.848432912,1.947673879
AUS-HRS_AUS-Zhang_207013,SimulationRaw,0,,,0.023100683,0.053985295,21.48606145,23.94258927,1.291062712,0.434340376,0.867780126,0.114841349,0.029866872,0.691403916,3.92713921,9.70561982,4.840684607,7.975028995,0.866639669,0.744035138,5.101578285,0.868540796,624.4735273,40.52123363,1.991267747,0.29899604,0.02729241,15.46108545,2.170602258
AUS-HRS_AUS-Zhang_207014,SimulationRaw,0,,,0.037906064,0.064789687,13.16794479,10.23238307,0.547439317,0.256104398,0.681447188,0.085598467,0.10888225,0.727025894,5.27735165,9.43071038,0.740186023,1.363344548,0.579861286,0.085014791,5.579544301,0.388594519,274.5920705,20.68244845,0.746362235,0.575000284,0.024946732,25.68237383,1.839759342
AUS-HRS_AUS-Zhang_208003,SimulationRaw,0,,,0.036011685,0.028115712,19.07682957,34.01682588,1.813691444,0.974342174,0.818238887,0.078047357,0.109108594,1.220897817,3.627594593,7.88576921,0.996109017,11.51054423,0.652979621,0.056665752,6.453660084,0.989844562,419.2107985,1.973921566,1.385246456,0.528412482,0.023808057,21.72014079,2.373833209
AUS-HRS_AUS-Zhang_208004,SimulationRaw,0,,,0.024988217,0.067862987,13.464125,31.01132368,1.981645583,0.250724408,0.857569542,0.158291467,0.129058318,0.845225089,5.688623879,1.300860774,-2.587207982,16.16098194,0.291678326,0.57154801,6.285611869,0.861924933,311.5049083,1.494034878,0.329170668,0.393090561,0.026053438,6.93228968,2.033146217
AUS-HRS_AUS-Zhang_208005,SimulationRaw,0,,,0.017192337,0.031940918,21.80099748,45.49303785,1.337481692,0.238939737,0.735892388,0.10666383,0.082304806,1.443622725,4.46108474,1.57897992,-1.745706408,7.583852445,0.772162146,0.513210725,5.310282352,0.692475393,608.9938329,1.545436974,1.835815476,0.303288855,0.029040867,14.8748218,2.348817544
AUS-HRS_AUS-Zhang_208011,SimulationRaw,0,,,0.037564182,0.018806481,20.67635692,38.79693348,1.934940381,0.11827737,0.799712612,0.121177648,0.030571702,0.862012562,3.660300123,1.32818485,0.309657213,11.88040092,0.054825368,0.176860182,5.915209071,0.681458867,316.0749022,2.692270253,0.678899012,0.5491196,0.028543214,138.4795339,2.331998463
AUS-HRS_AUS-Zhang_216002,SimulationRaw,0,,,0.026429126,0.063181958,19.59091077,20.90008252,1.58455513,0.77056093,0.887508671,0.000871475,0.086843621,1.224899943,5.737798082,4.786983772,-0.298885178,5.444357966,0.811990549,0.073727116,6.330134953,0.381565513,200.7203952,97.45056968,0.530884532,0.917506737,0.02076622,78.53701683,1.895886381
AUS-HRS_AUS-Zhang_218005,SimulationRaw,0,,,0.010032104,0.009635159,25.51124888,26.01380426,1.619087673,0.556418688,0.877664661,0.05415008,0.11786647,0.907939451,6.490723803,8.086663512,-1.121575298,1.860986087,0.44537994,0.790271389,5.260312354,0.631859869,400.7560994,28.41549599,0.65284669,0.407044501,0.032556844,24.34686375,2.073768004
AUS-HRS_AUS-Zhang_218007,SimulationRaw,0,,,0.035902964,0.016641348,10.6285833,36.24353919,0.614969571,0.603355493,0.836797292,0.094706978,0.104413264,0.827712202,5.018748205,9.713592323,3.051057814,13.57220017,0.01618195,0.771307788,3.882030351,0.33467764,187.1985254,18.23708289,0.592562954,0.466733679,0.0578969,123.5842449,1.367066133
AUS-HRS_AUS-Zhang_218008,SimulationRaw,0,,,0.030788221,0.018648757,13.08452145,20.7722135,0.635953907,0.201865591,0.781068502,0.005369843,0.003653376,1.074569613,6.417017442,4.887130538,3.769768115,7.930092588,0.341162448,0.758481179,3.677114795,0.407853758,283.1597634,4.591192198,0.155783079,0.546299187,0.020640627,205.9760889,1.132516011
AUS-HRS_AUS-Zhang_219006,SimulationRaw,0,,,0.031908255,0.017338854,23.42741393,37.6627836,0.536579895,0.620060914,0.892360652,0.042745836,0.101139595,1.184326878,4.215051548,9.536020058,2.152766966,9.287999363,0.688497331,0.463977333,1.3223509,0.403947481,193.5827473,72.11740452,0.795083741,0.170916745,0.031292508,10.60270371,1.234375621
AUS-HRS_AUS-Zhang_219022,SimulationRaw,0,,,0.033563285,0.023451773,12.83798643,11.97697007,0.68771429,0.261625716,0.827363605,0.085391907,0.133098635,0.676851141,3.558383494,9.276355871,3.287137834,12.03451387,0.779478523,0.038256485,5.449003339,0.836723315,354.6785993,15.46157743,1.599496261,0.543618641,0.020576035,204.7190971,1.186380246
AUS-HRS_AUS-Zhang_221201,SimulationRaw,0,,,0.019562609,0.018069546,15.74853565,16.43692339,0.954560153,0.108990628,0.860858821,0.154747416,0.007731921,0.664503084,5.900088236,7.995490328,2.816114836,14.80476538,0.708005145,0.142932961,3.41055356,0.420974993,502.1595243,0.416586792,0.636020715,0.313398769,0.0279055,6.183775387,2.448615185
AUS-HRS_AUS-Zhang_221209,SimulationRaw,0,,,0.037440408,0.019835,20.67244265,22.4426476,0.811210994,0.407739389,0.74066243,0.162939614,0.005380717,1.052943787,4.769448345,1.377646522,1.424040689,4.526139285,0.877462314,0.688962996,6.783037099,0.313297223,253.7001542,1.074856539,0.6610694,0.636346427,0.021256611,148.6470801,1.270911649
AUS-HRS_AUS-Zhang_221212,SimulationRaw,0,,,0.02657656,0.056641993,20.72274641,35.86124209,1.565428892,0.36913193,0.728243874,0.012662918,0.150140642,1.215783851,5.165339739,7.688726392,1.22885125,9.498288568,0.473553073,0.441610397,2.190619627,0.630419359,778.2056366,55.00329737,1.757416167,0.209170216,0.043958374,6.179932047,2.40260891
AUS-HRS_AUS-Zhang_222004,SimulationRaw,0,,,0.027266419,0.043724993,18.543568,24.05289908,1.796104699,0.455928732,0.82203995,0.135444993,0.099616839,1.435730874,6.175315052,4.00388383,-2.993094444,17.03084705,0.029589738,0.571215211,3.151067114,0.398897885,424.7412475,52.41152597,1.508164714,0.425607056,0.021150386,125.3862569,4.378018065
AUS-HRS_AUS-Zhang_224213,SimulationRaw,0,,,0.023573643,0.056742798,20.70220741,12.67100437,0.943220658,0.608988336,0.775372599,0.172165763,0.134945418,1.147388763,5.352319071,1.418155508,-0.827309711,10.37664516,0.202812914,0.581285388,2.513947399,0.346489969,332.2284837,2.179596081,0.423056758,0.121101174,0.075293595,92.06689844,1.316344189
AUS-HRS_AUS-Zhang_224214,SimulationRaw,0,,,0.036285688,0.050952646,22.94154341,24.27429944,1.036989912,0.220265411,0.839005435,0.102749301,0.062978526,1.476202101,5.85246358,8.414974007,-0.018883473,6.340065938,0.048617697,0.589158507,5.586634221,0.665957701,376.4793835,1.143932403,1.656106946,0.355891367,0.042228717,6.089383416,2.338686893
AUS-HRS_AUS-Zhang_225110A,SimulationRaw,0,,,0.045476364,0.043530532,25.74628911,46.2667731,1.244408057,0.149913458,0.817262233,0.065400395,0.070477024,0.821659091,4.700304749,9.867995843,-2.619075408,11.16465359,0.205323402,0.399864427,4.518497244,0.511085406,670.4249801,0.395175754,1.147279001,0.3922253,0.05379285,26.05653741,1.532572277
AUS-HRS_AUS-Zhang_225213,SimulationRaw,0,,,0.041025468,0.03555959,24.52529848,21.27348961,1.205396729,0.430581856,0.700296953,0.121291868,0.10010349,0.814625972,5.054180573,8.577945639,3.098287988,0.089534071,0.335878352,0.405036532,6.459887077,0.449949926,374.9714395,33.01774392,0.531955035,0.555279847,0.037851983,12.83175251,2.027640971
AUS-HRS_AUS-Zhang_225218,SimulationRaw,0,,,0.046029883,0.026603468,21.67578362,37.00093729,1.965923707,0.172282053,0.701147097,0.163001874,0.041905822,1.375480285,4.566515824,2.364750563,1.087926273,7.516148631,0.847921421,0.095534392,6.781876247,0.410908918,115.2952425,0.529627915,1.881510078,0.359922593,0.028085565,78.39420405,1.37586386
AUS-HRS_AUS-Zhang_225219,SimulationRaw,0,,,0.019838572,0.0349051,22.18537847,32.37064565,0.993383825,0.689801188,0.841722722,0.112607879,0.062210169,1.0716119,5.900015595,2.363637663,-4.307312463,6.659363544,0.199797263,0.7546128,6.445844802,0.787214624,310.6671332,7.233419841,1.342450567,0.296386888,0.033089487,121.1585556,1.18598493
AUS-HRS_AUS-Zhang_226226,SimulationRaw,0,,,0.037018866,0.019785112,19.93675518,40.03776616,1.678315708,0.681188218,0.709828313,0.015619938,0.11673526,1.457438879,4.124834592,7.815592838,1.5037306,18.10469751,0.988518762,0.394899603,3.055802881,0.887683701,1714.258424,3.151316444,1.035323747,0.323371057,0.03811952,12.31934661,2.369238994
AUS-HRS_AUS-Zhang_227202,SimulationRaw,0,,,0.024649317,0.061597877,21.97751831,19.64946048,1.724169249,0.335811381,0.77278073,0.072033204,0.102513175,0.85038971,5.720605964,5.324068819,0.633135895,8.455834829,0.17207009,0.766090181,6.350348027,0.483839535,344.2093662,42.75965704,1.999387081,0.168429739,0.081901779,9.726353386,1.73988445
AUS-HRS_AUS-Zhang_235224,SimulationRaw,0,,,0.038465527,0.042246193,13.82198301,35.17624854,1.523634503,0.757524976,0.830903265,0.168501635,0.142809305,1.278262863,4.448436683,9.231532093,-4.152371016,17.74480238,0.458711272,0.293711836,6.74854366,0.660495836,829.7519817,53.76387156,0.939280618,0.027001415,0.098102466,221.7422479,1.895932337
AUS-HRS_AUS-Zhang_236205,SimulationRaw,0,,,0.036245201,0.068282046,25.29290806,39.75112003,1.96776731,0.116426942,0.768238348,0.020638674,0.055094011,1.483054045,5.940103327,1.393451854,2.184593965,5.331176298,0.540212573,0.304203652,6.681137102,0.334993409,506.5367909,0.395978972,1.301053952,0.448173722,0.038607493,44.44842562,1.542535571
AUS-HRS_AUS-Zhang_237205,SimulationRaw,0,,,0.038746188,0.061404579,15.38373873,30.50639918,1.317138504,0.336932266,0.807778607,0.103922693,0.01266891,0.879957817,6.136693499,4.740447342,-0.402424394,13.10405321,0.592108067,0.262179278,6.154169226,0.364670861,1113.827048,11.58332495,0.755382732,0.217779849,0.030458582,177.3762075,4.503045926
AUS-HRS_AUS-Zhang_237206,SimulationRaw,0,,,0.03016442,0.039958491,21.76782021,19.30981093,1.46567309,0.57285307,0.833433025,0.030120995,0.131165489,1.241333221,6.454394505,3.171708038,-0.529972972,13.99213498,0.480569651,0.112653599,6.317271822,0.507303757,646.8994575,60.84864304,0.890785576,0.102507994,0.038949675,3.794514141,2.36334079
AUS-HRS_AUS-Zhang_237207,SimulationRaw,0,,,0.016910325,0.066992754,23.92625679,34.21317868,1.176413628,0.162445896,0.698021304,0.156445206,0.057082022,0.857237829,4.971159134,4.08697071,-3.983476918,9.708384353,0.600766705,0.235401453,6.815745965,0.505725019,381.5524751,0.418417735,0.832201002,0.319557124,0.024802514,27.14574898,1.244237787
AUS-HRS_AUS-Zhang_238235,SimulationRaw,0,,,0.028435708,0.065571184,21.73248137,31.61652177,1.115313601,0.350873887,0.813045618,0.090058968,0.108239186,0.77527595,5.340952958,3.40945806,3.313472234,15.79265595,0.32857201,0.615138931,6.52433199,0.366006986,389.0467297,0.97508532,1.546797589,0.454831076,0.027262266,142.826452,1.630757601
AUS-HRS_AUS-Zhang_304040,SimulationRaw,0,,,0.031175958,0.038770041,23.87473252,21.82296126,1.764427076,0.428919717,0.833115672,0.150154306,0.120982924,0.856592507,4.421384619,9.669093409,-4.167582094,17.56729514,0.956897367,0.171375077,2.566295331,0.831867823,1429.200664,0.803273072,0.777792243,0.280848107,0.081574153,65.56729603,2.161169091
AUS-HRS_AUS-Zhang_308799,SimulationRaw,0,,,0.029332189,0.048297551,12.21111022,34.96219967,0.890356129,0.979013921,0.750528682,0.159562147,0.093611595,1.389326319,5.7392323,3.138216234,-0.082497487,9.495507168,0.080269241,0.25613783,6.888981265,0.309047044,278.1527406,4.293995506,1.057812331,0.720404989,0.024809099,34.70486695,1.775396094
AUS-HRS_AUS-Zhang_314207,SimulationRaw,0,,,0.045793991,0.026214091,22.99805118,27.01078657,0.824003025,0.788510576,0.860168309,0.09987409,0.128759461,1.005397778,5.042696692,6.944129647,1.016795167,11.85162559,0.774942177,0.172281982,3.875866056,0.727399077,1402.863436,1.829210167,1.957030699,0.53568341,0.098037551,296.4493105,2.041480192
AUS-HRS_AUS-Zhang_314212,SimulationRaw,0,,,0.045182685,0.062208007,25.2863802,24.14625077,1.086188496,0.779338783,0.731206339,0.145598303,0.154306488,0.753376385,4.234962115,4.816256159,-2.02344023,19.12557545,0.763783051,0.400121272,4.313067351,0.897591371,1096.325754,3.217688138,0.719822038,0.398151813,0.099839777,252.1272042,1.992102013
AUS-HRS_AUS-Zhang_314214,SimulationRaw,0,,,0.042830041,0.040612733,22.06537802,39.43829971,1.189924505,0.532343022,0.725642563,0.103196366,0.130961404,0.695758281,3.853303514,6.807214315,4.846034225,17.58409732,0.290855508,0.685035841,3.582680359,0.420039827,1639.63926,5.807652616,0.776784836,0.622957914,0.080466656,138.0598235,4.135492075
AUS-HRS_AUS-Zhang_318076,SimulationRaw,0,,,0.046641701,0.035196928,23.0024385,16.8006772,1.360527865,0.628087311,0.764436769,0.104987926,0.123248066,1.311096941,3.581304069,4.944343707,-2.369833358,2.096824822,0.005218199,0.332607048,3.77716272,0.733320517,1618.79988,85.075436,1.715783021,0.502252905,0.055254314,11.20082185,2.656641474
AUS-HRS_AUS-Zhang_318150,SimulationRaw,0,,,0.03696678,0.064808625,23.57125471,38.7944388,0.800869668,0.347906961,0.787700107,0.147296019,0.035034942,0.854992421,5.261147863,7.030567298,2.321663017,2.587910325,0.454171651,0.517076283,2.879031064,0.504740219,236.4680086,0.763274315,1.90968807,0.5116153,0.094098077,242.7015563,1.837137778
AUS-HRS_AUS-Zhang_318181,SimulationRaw,0,,,0.043727745,0.047021495,19.54712029,15.05838905,1.307460358,0.37581545,0.880326976,0.160914756,0.00275702,1.297992515,4.558733165,3.063223797,3.260797189,15.69294823,0.541354169,0.186512753,4.411097504,0.681421128,259.7716038,2.088961477,0.516190976,0.325745244,0.03698122,201.5502431,2.084049354
AUS-HRS_AUS-Zhang_401012,SimulationRaw,0,,,0.039472656,0.046439823,25.15656504,28.08070383,1.665685084,0.861437446,0.760839366,0.03390951,0.075712566,1.042858312,4.470219362,8.791427082,1.217897897,2.419267429,0.811045745,0.208017612,4.117703962,0.76767569,1249.451058,69.64503701,1.569371017,0.372112429,0.040497489,75.84972914,3.620233887
AUS-HRS_AUS-Zhang_401203,SimulationRaw,0,,,0.03495127,0.042796384,25.74488663,25.59519103,0.905863735,0.516256963,0.808677837,0.07542312,0.010025204,0.665409729,4.345520461,6.95615263,-2.214112884,17.18434001,0.520635565,0.534687898,6.273925583,0.899508131,1769.93239,98.89975396,1.698982999,0.395850775,0.07197714,69.92206988,2.074158521
AUS-HRS_AUS-Zhang_401212,SimulationRaw,0,,,0.015178336,0.053553344,10.44044457,18.47538121,1.558134909,0.226971061,0.81392976,0.158707653,0.080037353,0.696633956,5.222849729,7.439642828,2.285379522,16.09470132,0.448071532,0.69996036,3.953203472,0.962184423,1169.953242,29.80478017,0.050997944,0.107397496,0.049766329,151.4602073,2.019940894
AUS-HRS_AUS-Zhang_401216,SimulationRaw,0,,,0.01177298,0.055142741,25.74507857,16.46781284,0.77094629,0.271244097,0.848282052,0.136719407,0.008529371,0.861428822,6.300839746,2.901329518,0.174090125,11.94649534,0.099693798,0.509155969,3.345204418,0.667803873,1614.741546,45.04451921,1.798493428,0.203013095,0.064808617,23.31814677,3.489608437
AUS-HRS_AUS-Zhang_401217,SimulationRaw,0,,,0.023571583,0.044965616,25.50379124,42.3518207,0.835855171,0.377813645,0.879406638,0.156201991,0.084926873,1.201838396,4.877054104,9.714362989,-0.216591083,14.93802826,0.272157511,0.101414166,5.944471191,0.470288458,1338.568327,68.39571191,1.434832204,0.196120715,0.093555757,236.1749981,3.358144717
AUS-HRS_AUS-Zhang_402206,SimulationRaw,0,,,0.036368247,0.04373023,24.64440275,44.36916255,1.353369168,0.169984064,0.858683267,0.038224454,0.066530453,0.722985615,3.516613369,7.569520971,4.400730981,15.2127009,0.086183383,0.318534716,5.00972425,0.96622966,1403.313679,7.132929722,0.356133868,0.226785674,0.043140223,259.8517338,2.253028581
AUS-HRS_AUS-Zhang_403213,SimulationRaw,0,,,0.027332685,0.028393935,24.07692073,30.18214348,0.669004417,0.266956508,0.780954399,0.03663478,0.134366615,0.982066722,4.728913366,9.100169083,-2.583218755,9.865628718,0.950140298,0.601068797,6.317690262,0.329985289,563.0049239,3.365383864,1.151666171,0.335374417,0.042849698,134.887345,1.033391442
AUS-HRS_AUS-Zhang_403217,SimulationRaw,0,,,0.043519827,0.067305392,22.9846654,38.58607067,0.963543018,0.236876483,0.741356435,0.15657757,0.118483795,0.898831238,5.139300507,6.901695014,-2.437046415,5.773774853,0.106360106,0.599264068,6.4718001,0.345537823,572.896915,6.642540742,1.288383964,0.392154955,0.037681283,236.6081255,2.267453483
AUS-HRS_AUS-Zhang_403222,SimulationRaw,0,,,0.039863494,0.041000619,18.10646611,35.23222116,0.825526762,0.514882325,0.78576297,0.111096678,0.139804244,1.361431273,5.208259974,3.021145164,-0.500737203,19.79809048,0.80548249,0.704708179,6.29908574,0.630425205,545.472355,2.188007587,1.068624751,0.197183017,0.082581965,155.5056378,1.077694988
AUS-HRS_AUS-Zhang_403226,SimulationRaw,0,,,0.045959743,0.048430301,21.83300242,21.41808964,0.852666294,0.166934378,0.718095946,0.120123392,0.148867357,0.708493171,5.910513516,3.978393429,-0.675841308,18.71011391,0.598235737,0.22873915,5.980325294,0.346822536,776.0603279,8.478206079,1.551339815,0.565970123,0.04260821,227.1357764,1.517890783
AUS-HRS_AUS-Zhang_403232,SimulationRaw,0,,,0.041989967,0.025791952,25.58844873,41.89192811,1.724875469,0.438610997,0.817806473,0.098127423,0.035046323,0.963091361,4.470552881,7.251315178,-1.243753271,10.65193477,0.364829616,0.480115515,4.127200339,0.469927438,711.5377969,2.140152384,0.504691874,0.245978974,0.077767288,29.1349193,2.120404659
AUS-HRS_AUS-Zhang_405209,SimulationRaw,0,,,0.039281867,0.019772818,13.70037899,26.94045193,1.836482442,0.175460922,0.860831116,0.152997964,0.060410957,0.801650048,5.067977258,8.226830914,-4.921799728,2.502237854,0.817407701,0.066653214,2.59708258,0.435549345,1911.827589,91.03535379,1.178251114,0.331224765,0.045699111,36.81047597,3.83126913
AUS-HRS_AUS-Zhang_405214,SimulationRaw,0,,,0.047318238,0.066103433,21.71784123,34.15091731,1.839537912,0.335357213,0.788854694,0.093792584,0.005290309,0.896371416,4.228860518,6.071252639,-1.549534111,5.946092549,0.519628325,0.485353379,5.419783985,0.656948918,1390.187708,38.39509946,1.597927852,0.504949914,0.055352214,19.34374123,2.232666692
AUS-HRS_AUS-Zhang_405215,SimulationRaw,0,,,0.022102637,0.0326515,18.3399561,15.21992055,1.970758204,0.277664165,0.756249257,0.09605489,0.080423571,1.458556178,5.775518534,8.437268988,-3.872676775,1.323299218,0.746551072,0.222743612,3.127405978,0.834640449,353.111924,1.128201616,0.238972785,0.108099538,0.021120352,52.54744877,1.325678447
AUS-HRS_AUS-Zhang_405217,SimulationRaw,0,,,0.034198098,0.054356779,19.67704487,44.29305377,1.604014144,0.211088115,0.832121444,0.120277645,0.132895831,0.831038441,4.624714888,9.425326363,4.131080979,8.948413888,0.471866857,0.130832408,6.898022366,0.388739018,881.4685205,38.51370447,1.079602302,0.296733747,0.089120492,3.445349451,2.801383759
AUS-HRS_AUS-Zhang_405218,SimulationRaw,0,,,0.043082045,0.051415727,12.23850878,25.75284107,1.55715194,0.576793195,0.894640909,0.071434827,0.132209838,1.058060454,6.202248497,5.385130615,0.364972737,13.49535642,0.607141169,0.59700111,4.779424444,0.808177216,623.4503255,3.97404579,1.484343372,0.250489661,0.065078609,267.2557973,1.591431653
AUS-HRS_AUS-Zhang_405219,SimulationRaw,0,,,0.036002516,0.023188523,17.9020917,38.23114645,0.959964183,0.476001498,0.685093932,0.088923421,0.116191159,1.370138358,4.721954397,9.339232388,-1.222503636,19.40302535,0.701257927,0.42138621,4.754206643,0.937267244,520.4172237,2.337133742,0.703804835,0.200256916,0.054730496,246.4512236,1.125332945
AUS-HRS_AUS-Zhang_405229,SimulationRaw,0,,,0.044220066,0.059447158,24.26894351,46.04104718,1.903471915,0.376257157,0.704821712,0.077131343,0.10009152,1.275823149,3.759118556,4.181688762,-1.605592529,15.3611807,0.547286055,0.512672696,6.995230199,0.537910522,1002.364311,83.30172654,1.086352385,0.465155819,0.021290769,87.28151041,1.524645125
AUS-HRS_AUS-Zhang_405230,SimulationRaw,0,,,0.041668435,0.04342772,25.49464465,38.60473129,1.539772446,0.622567292,0.680450396,0.00501073,0.034401702,0.898553175,5.685099944,6.374507217,2.626826907,9.519647099,0.608967019,0.638404881,6.725555301,0.450574006,638.0013807,0.414159958,0.303656148,0.413521501,0.021369106,257.6409412,1.881101969
AUS-HRS_AUS-Zhang_405231,SimulationRaw,0,,,0.022055958,0.009294534,24.98479542,24.5407829,1.831131979,0.471069451,0.693673101,0.134095648,0.093472613,1.008908965,5.01272425,9.604152038,3.515302899,2.000551868,0.329816025,0.466605585,5.753391485,0.558246964,868.8534014,1.367118478,1.438260584,0.492923019,0.051657311,122.9978777,1.5494771
AUS-HRS_AUS-Zhang_405248,SimulationRaw,0,,,0.033707614,0.053162144,25.08660138,27.76856125,1.501854407,0.11077605,0.763440011,0.030545334,0.103295894,1.389861289,5.696288162,8.602472871,-4.976891858,12.51188537,0.415655592,0.135861286,6.46506506,0.373604163,407.3679548,45.96477322,1.336046219,0.308244605,0.020599545,1.634334006,2.039619868
AUS-HRS_AUS-Zhang_405264,SimulationRaw,0,,,0.044672361,0.066289455,10.66097261,32.919114,0.933316124,0.350784627,0.754569062,0.039392402,0.140766733,1.318743489,4.389957159,3.480509838,-2.716196516,13.2061097,0.810683888,0.3520922,4.765341685,0.534658792,1562.399364,4.213817997,1.509703063,0.224094514,0.062388174,262.2465452,1.680695362
AUS-HRS_AUS-Zhang_407213,SimulationRaw,0,,,0.042057879,0.064115547,22.93538517,27.18917768,1.812823194,0.440813407,0.79458787,0.100251038,0.05222768,1.313524799,5.054611476,8.790128661,4.388634044,3.976725218,0.972881273,0.400904742,6.990362775,0.328993981,332.2404442,37.07257476,1.508098417,0.639192578,0.021678585,297.8794544,1.084689154
AUS-HRS_AUS-Zhang_408202,SimulationRaw,0,,,0.039508383,0.044700169,21.93450186,28.49255503,0.834190893,0.612150871,0.741520557,0.036412918,0.04627767,1.429242167,6.127965043,4.758468404,-3.2189735,13.53371451,0.129301255,0.781188696,6.911110539,0.435487186,512.9524027,0.522878105,1.637062179,0.421280751,0.024916495,1.79662044,1.239124741
AUS-HRS_AUS-Zhang_408206,SimulationRaw,0,,,0.040435587,0.061134899,23.03501902,24.02920521,1.801256635,0.179124347,0.772263478,0.045636523,0.142662602,1.172739969,6.229936443,9.76200984,-0.900255225,15.79068825,0.467830876,0.658192559,6.81615039,0.383230171,511.6290875,55.34278072,1.79616201,0.572015472,0.020808754,205.0512992,2.356666695
AUS-HRS_AUS-Zhang_410047,SimulationRaw,0,,,0.029375791,0.054094887,24.77697663,20.1651122,1.025397809,0.416586493,0.721676477,0.039794909,0.129573462,1.381794824,5.097483244,8.073020175,0.253300964,13.9478816,0.629368051,0.481477523,6.632886007,0.648442589,825.1443384,0.978964884,1.405989039,0.34118763,0.023896804,8.677816291,2.820943409
AUS-HRS_AUS-Zhang_410091,SimulationRaw,0,,,0.032892298,0.065800958,21.32329927,40.86296497,1.787295018,0.253206343,0.751079769,0.048460951,0.024647726,1.258559427,4.155058858,5.76512567,-3.654797786,9.914424779,0.148291712,0.376769281,6.581233764,0.3767815,409.3363014,68.2609976,0.428419688,0.248674357,0.020217104,1.844940584,2.477778172
AUS-HRS_AUS-Zhang_415220,SimulationRaw,0,,,0.047979445,0.061672088,25.61566908,36.26722753,1.974570176,0.350959617,0.701453875,0.133570673,0.129080503,1.309863161,5.629624501,3.976100941,1.928404224,3.038449182,0.939639503,0.691058444,6.702384651,0.428095879,630.7142213,37.48784429,1.41076207,0.425353943,0.020224902,189.0075252,3.428333945
AUS-HRS_AUS-Zhang_415226,SimulationRaw,0,,,0.028695914,0.068241098,19.94979028,44.4267265,0.982746249,0.140441472,0.877813391,0.109836029,0.028391384,0.994418687,6.108952355,9.994493498,-0.524498521,6.575321094,0.906181217,0.473035023,6.781656576,0.42497697,610.6170319,0.41655089,1.502009704,0.18963883,0.020931177,1.279226987,2.300188813
AUS-HRS_AUS-Zhang_415237,SimulationRaw,0,,,0.03505601,0.066946816,20.52839191,27.98145035,1.750764166,0.281407928,0.761383805,0.044239419,0.031749952,1.204843483,3.58033473,6.527302337,3.323622084,10.41573818,0.951616365,0.126193954,6.851755266,0.545834554,544.3343552,13.95860949,1.972077923,0.617904923,0.020436391,7.973335209,1.48691175
AUS-HRS_AUS-Zhang_415238,SimulationRaw,0,,,0.035586106,0.044875557,25.50141091,28.66426765,1.284579278,0.433117905,0.722746345,0.057773542,0.026977942,0.791654587,3.606556971,4.271612037,-1.10987476,13.49512798,0.969685475,0.322732936,6.921092801,0.475491392,732.5797415,0.53577265,1.768644577,0.516994533,0.0211601,141.8011092,1.24414523
AUS-HRS_AUS-Zhang_415245,SimulationRaw,0,,,0.026202077,0.055349777,18.65064373,46.12515951,1.994599955,0.192212217,0.705256109,0.074789096,0.045176095,0.924860115,5.32365773,3.049839068,2.486595529,11.63532328,0.370204049,0.412010495,6.358376714,0.455858964,461.1421638,66.82958541,1.547985252,0.551520161,0.022507229,7.829566288,1.510367296
AUS-HRS_AUS-Zhang_416020,SimulationRaw,0,,,0.041470506,0.059576757,25.56412342,39.2328945,1.934073831,0.684182791,0.817956123,0.137793878,0.021973768,1.295891854,4.237073729,6.584276759,0.725186277,3.040618351,0.2708153,0.123295609,6.980329813,0.345676984,412.0799932,53.73886841,0.812727477,0.502069002,0.020161483,2.467496798,1.270789964
AUS-HRS_AUS-Zhang_419005,SimulationRaw,0,,,0.028946045,0.05957306,19.84713863,11.08838154,0.691458247,0.800381762,0.759749515,0.16001794,0.05622965,1.21829806,3.927904232,7.945697878,2.08955566,0.307416628,0.633171798,0.254542251,6.929532515,0.370482038,296.1409044,1.108383404,1.844013975,0.423607815,0.020255771,24.98399355,2.224890338
AUS-HRS_AUS-Zhang_419029,SimulationRaw,0,,,0.037885342,0.06019501,20.14564932,15.9617505,1.958700585,0.784599043,0.71697006,0.13282497,0.120788453,1.371166546,4.808913396,7.735223097,1.583649739,9.040923479,0.896260877,0.12926057,6.68800696,0.309930025,336.3991943,1.939221395,0.445592737,0.512557544,0.020139858,6.043830669,1.902148823
AUS-HRS_AUS-Zhang_420003,SimulationRaw,0,,,0.040553573,0.040094943,22.04517491,24.71316327,0.638766223,0.204595547,0.718674791,0.148020754,0.15139782,1.008745777,5.510551355,9.228808305,3.331308605,13.46267862,0.009361624,0.019458572,6.16014968,0.675615633,518.5447168,1.250586081,0.798758484,0.586909532,0.03165578,84.4021553,1.32208448
AUS-HRS_AUS-Zhang_420017,SimulationRaw,0,,,0.042305054,0.061708851,23.66843467,27.7679799,1.888584468,0.691957253,0.79797909,0.004460738,0.031533429,1.243461055,4.876549427,9.735566333,2.953937356,13.23562302,0.466800502,0.151942574,6.944640636,0.304890799,519.8563825,45.55059729,1.174744302,0.435047008,0.026535314,5.63817284,1.329855062
AUS-HRS_AUS-Zhang_421042,SimulationRaw,0,,,0.047206179,0.067503664,25.35699482,44.56634712,1.989189501,0.266071841,0.86228039,0.036327079,0.076907028,1.218246576,4.43861502,8.678394627,-3.74806524,10.83378866,0.962654434,0.446963754,6.999326778,0.313006248,557.0190358,91.32080735,1.88226848,0.426320047,0.0230197,183.7038376,1.49553054
AUS-HRS_AUS-Zhang_421048,SimulationRaw,0,,,0.038921795,0.058761193,22.88377112,44.07913442,1.975626936,0.957167975,0.713092035,0.009720521,0.100736417,1.009353328,3.929351085,5.758184281,2.704605303,1.174570967,0.37105751,0.163797798,6.961287069,0.33906713,302.3192006,0.503591454,0.242409277,0.355896958,0.027083684,8.482321919,1.274007359
AUS-HRS_AUS-Zhang_422338A,SimulationRaw,0,,,0.046964934,0.063215473,25.40556882,37.6145382,1.950206157,0.200877984,0.783845473,0.023194212,0.006108354,1.409183621,5.260134788,9.147052628,0.609926786,2.980047694,0.458515069,0.140224437,6.884373395,0.562573197,289.9969868,5.820449339,1.963349747,0.469998003,0.020246307,2.3599406,1.068487533
AUS-HRS_AUS-Zhang_603005,SimulationRaw,0,,,0.030572885,0.047564088,25.69788762,45.93721616,1.474339095,0.331229277,0.792806247,0.014116346,0.084045886,0.95029849,5.652114801,6.241957516,2.705014577,8.239710615,0.754337662,0.175990609,4.968266674,0.425326566,599.1972288,16.74623025,1.923035738,0.710370757,0.02013332,81.11941688,2.965805421
AUS-HRS_AUS-Zhang_605012,SimulationRaw,0,,,0.044105514,0.057174582,25.69922032,30.1497252,1.667278925,0.720055987,0.804524275,0.085180666,0.018108732,0.905949237,3.981823178,2.005553146,1.853497349,12.06140318,0.357450088,0.013822866,5.617752092,0.32967496,289.9548527,72.36656536,0.888405675,0.089777408,0.052852447,163.7029738,1.186304643
AUS-HRS_AUS-Zhang_607003,SimulationRaw,0,,,0.036064757,0.06222419,24.31975164,39.05133573,1.131078864,0.398324928,0.716909412,0.12643349,0.073224636,0.715930684,5.441839176,5.323572935,-3.635623044,5.345961513,0.817769691,0.507494633,6.79655453,0.424977923,536.3471843,0.347769002,1.680258998,0.19845013,0.036833883,192.4289346,1.307397908
AUS-HRS_AUS-Zhang_607004,SimulationRaw,0,,,0.043675725,0.066838608,25.6037376,32.66280028,1.744997315,0.268336837,0.690148685,0.108895621,0.010573172,1.338746298,4.825341674,8.236186485,4.797885041,17.22289229,0.132633378,0.773235467,6.925539982,0.327802271,529.9012501,62.47595129,1.54176346,0.01338714,0.036109909,35.85121957,1.140182338
AUS-HRS_AUS-Zhang_607013,SimulationRaw,0,,,0.04022754,0.067422144,24.22074418,43.61509687,1.776083109,0.332314865,0.71719259,0.012687771,0.151174401,1.435464159,6.108689583,5.755157824,1.532266939,0.706996267,0.704214524,0.63356849,4.898625467,0.420903966,717.2254448,1.128364211,1.237596634,0.221139354,0.077969162,158.2252744,1.891012816
AUS-HRS_AUS-Zhang_607144,SimulationRaw,0,,,0.032638194,0.048749105,22.34953357,10.96082419,0.823223844,0.17018915,0.88367036,0.125726525,0.073411958,1.236530807,6.082105116,2.924819621,0.788728471,10.56784983,0.923659082,0.247150959,6.888418415,0.405159854,1091.919729,26.87998204,1.871336294,0.183209712,0.035048398,127.9551924,2.335182185
AUS-HRS_AUS-Zhang_607220,SimulationRaw,0,,,0.04557268,0.047919871,22.11573448,46.14149765,1.953251442,0.693241668,0.729599171,0.150335456,0.146666893,0.850909661,5.242512522,9.34626656,0.180113719,3.958750916,0.341764183,0.445081255,6.738055016,0.494521342,482.1878433,58.88854135,0.267049282,0.037870092,0.095693072,273.6458462,1.47509337
AUS-HRS_AUS-Zhang_608151,SimulationRaw,0,,,0.033853945,0.061783797,21.65855087,40.71420816,1.241235489,0.462286575,0.831620636,0.031850634,0.048073866,1.302149806,3.564328155,6.020139566,-0.004876439,13.62120215,0.033342639,0.559049512,6.18469539,0.502857349,669.132443,91.21306566,0.753779013,0.355150547,0.0370962,135.468357,2.136353868
AUS-HRS_AUS-Zhang_609010,SimulationRaw,0,,,0.041760908,0.067669958,25.65340113,44.75240823,1.806839493,0.199957056,0.74366354,0.133802823,0.138458007,1.456456985,6.450785555,9.263785021,1.263801145,3.667601489,0.990379069,0.072211286,6.517500877,0.438760931,1986.697373,0.283395329,1.425101853,0.021178205,0.020303671,115.2253225,1.026518998
AUS-HRS_AUS-Zhang_610001,SimulationRaw,0,,,0.027319515,0.059253447,18.8822415,44.65846345,1.988791417,0.372577638,0.837707304,0.020508088,0.098750306,1.120366029,4.730347746,6.550429015,2.544118397,13.04963886,0.451982949,0.206697988,6.968346059,0.30467233,452.3038345,0.343042461,0.796054127,0.03535315,0.099367586,294.8069141,1.385827602
AUS-HRS_AUS-Zhang_611004,SimulationRaw,0,,,0.029801682,0.0244015,25.56267691,44.72474669,1.628207169,0.197814561,0.828255754,0.044857575,0.087507288,1.106179948,4.393148881,5.21455299,1.686091711,7.963256411,0.999012325,0.039684624,4.157424714,0.473767995,673.4538365,1.41833922,0.924432732,0.636344428,0.03007202,100.6162683,1.774431044
AUS-HRS_AUS-Zhang_612014,SimulationRaw,0,,,0.043002323,0.057342736,24.97192743,44.91077458,1.81754059,0.234543254,0.722221104,0.172546435,0.087719404,1.461543194,4.374193353,9.855092773,-4.42944238,0.356364981,0.879242201,0.033715328,6.918219742,0.404361769,1509.05446,0.142636646,1.978908824,0.067920525,0.020465735,83.238651,1.170778224
AUS-HRS_AUS-Zhang_612034,SimulationRaw,0,,,0.046200672,0.065623253,24.77307821,43.14188655,1.945541223,0.443560638,0.791494009,0.049457148,0.111655067,1.484601705,4.615029615,8.200631159,3.405908806,16.07746569,0.269290471,0.28446122,6.140267203,0.325345414,427.5710783,0.399116832,1.429209553,0.20119666,0.024758294,192.850788,1.335567445
AUS-HRS_AUS-Zhang_614006,SimulationRaw,0,,,0.039024093,0.048130784,25.65537308,34.34137447,1.569262206,0.278941347,0.7913823,0.047793499,0.008334131,0.711068513,5.80794624,9.042855065,1.388510117,5.72355033,0.786226795,0.675020157,5.486917518,0.31207701,342.1085718,66.27620453,0.552935357,0.248220549,0.025180444,227.6792653,1.400880718
AUS-HRS_AUS-Zhang_614044,SimulationRaw,0,,,0.040937869,0.065058912,25.07449177,42.36682852,1.991901196,0.1458101,0.845564935,0.078628919,0.147094018,0.710087005,5.358025244,9.540007288,0.634915519,13.93433043,0.179414734,0.372926877,6.902114147,0.315906794,989.8870361,0.807924385,0.870810808,0.188364642,0.021335982,257.1193308,1.082857198
AUS-HRS_AUS-Zhang_614224,SimulationRaw,0,,,0.039218998,0.058489144,25.43741742,40.26339938,1.966617185,0.131038906,0.849784287,0.011831995,0.156065603,0.662825683,6.469344758,8.669920034,2.483818057,17.99676528,0.897566718,0.06886299,6.910609083,0.340105331,389.9664612,11.36385113,0.590949918,0.288112532,0.03284269,85.35839353,1.365390412
AUS-HRS_AUS-Zhang_616002,SimulationRaw,0,,,0.047863442,0.064623146,24.97074487,44.68741368,1.989784958,0.193756242,0.731490536,0.143624373,0.129595401,1.411003167,5.800370994,9.94945734,4.531817883,7.098762465,0.122797992,0.421821072,5.771926927,0.401163748,1876.97823,77.27237701,0.497317593,0.035839751,0.020566624,103.632751,1.122518432
AUS-HRS_AUS-Zhang_616006,SimulationRaw,0,,,0.025778539,0.042896342,25.61213751,18.16906893,1.42423159,0.263197147,0.782566591,0.0892635,0.005660476,1.285779662,6.286802591,7.981074046,-2.482007482,10.148109,0.42441487,0.064834876,6.164187832,0.506905744,697.1005905,0.259360618,1.649919048,0.160344642,0.020142297,147.2794582,2.370835897
AUS-HRS_AUS-Zhang_616013,SimulationRaw,0,,,0.046400186,0.067742943,25.1135872,44.12756888,1.972294578,0.1,0.775346704,0.124062083,0.155367472,1.086197195,5.948333403,9.623395267,4.172347706,2.917850924,0.138161301,0.615474952,6.433827097,0.354782796,1608.998578,56.31418188,1.357147088,0.016680022,0.02,19.38552059,1.268140714
AUS-HRS_AUS-Zhang_616019,SimulationRaw,0,,,0.023518161,0.047336351,25.17490414,44.38631138,0.91441098,0.232053722,0.79542221,0.164742683,0.018448564,1.011862047,5.333368443,9.88525767,-3.030673911,9.385117607,0.44703028,0.222494567,6.849946009,0.382101583,684.4782533,0.674383798,0.190718465,0.070308358,0.0413062,238.4605951,1.181288945
AUS-HRS_AUS-Zhang_616216,SimulationRaw,0,,,0.046027461,0.067037696,25.66445335,42.31845016,1.83743829,0.107612911,0.732951652,0.171758854,0.155568291,0.695717463,6.138817439,9.804107485,-0.989373747,4.29803008,0.411404535,0.448560773,6.582130254,0.303627913,1754.149557,60.16625396,0.204618287,0.099034737,0.021777956,260.9430847,1.089776702
AUS-HRS_AUS-Zhang_617002,SimulationRaw,0,,,0.04618118,0.065906608,25.56613605,44.69486481,1.98962814,0.133697329,0.710906761,0.145717103,0.154056529,1.378347109,6.238768093,9.717603537,-1.555416981,12.00260673,0.215040032,0.547220477,6.940713729,0.412006654,1855.24761,37.03306458,1.023565997,0.017252546,0.020190477,88.25262494,1.433494736
AUS-HRS_AUS-Zhang_617003,SimulationRaw,0,,,0.03697652,0.062117804,21.95081846,20.0159201,1.61709574,0.288631246,0.861882708,0.118938104,0.098468035,1.137144044,6.463398654,5.048216793,3.311311674,8.799408734,0.995954399,0.459818813,4.579807391,0.343243704,1153.240426,0.329318168,0.081392236,0.208986372,0.029352033,31.49338703,2.460598144
AUS-HRS_AUS-Zhang_701002,SimulationRaw,0,,,0.045616783,0.066190455,25.74762728,38.599928,1.939783491,0.165007662,0.707994664,0.122871456,0.114093378,1.207784248,5.809315103,9.517756443,-4.016070217,11.03570473,0.207129734,0.127567117,6.987161526,0.373219425,1990.356459,53.37077652,1.223407724,0.015456337,0.020222561,273.7584424,1.182368
AUS-HRS_AUS-Zhang_701009,SimulationRaw,0,,,0.048,0.06605451,25.15462593,43.34696253,1.994507896,0.1763055,0.789095546,0.154628463,0.134852911,1.046980431,5.545337994,9.024336996,-1.939288646,3.325332063,0.057421042,0.327246224,6.139153289,0.460356852,553.0596723,44.42787997,0.176785484,0.376624982,0.020420498,75.07578561,1.019001674
AUS-HRS_AUS-Zhang_704139,SimulationRaw,0,,,0.046685706,0.064681206,25.74271402,45.54390394,1.834338255,0.157745339,0.84536056,0.170829369,0.010156737,1.450148935,6.48048166,9.240368199,3.131079595,15.78699697,0.156918394,0.005893909,6.493290716,0.441666288,184.0510546,73.75031193,1.670167941,0.682869639,0.020786417,268.2052605,1.338716293
AUS-HRS_AUS-Zhang_704193,SimulationRaw,0,,,0.04719755,0.06083814,24.55417483,33.55982963,1.422077757,0.652046112,0.893842376,0.040168792,0.065016927,0.96696839,3.692064212,8.899978261,1.24034807,15.6162627,0.038416001,0.676825476,6.247633809,0.421599041,318.8918021,15.10828226,1.725004077,0.683773375,0.020181989,3.088899841,2.119745846
AUS-HRS_AUS-Zhang_705001,SimulationRaw,0,,,0.039495217,0.042640816,25.62974584,26.39109802,1.790695213,0.536330522,0.869029694,0.056827831,0.034066495,1.267978747,6.036098952,9.215416992,3.295736593,14.63570628,0.083468014,0.189047516,6.975746757,0.321658643,1087.530216,12.79491126,1.931095642,0.466343239,0.020211158,0.799459261,1.203643275
AUS-HRS_AUS-Zhang_707005,SimulationRaw,0,,,0.039561914,0.065323265,25.39071793,45.64986019,1.824678672,0.168328443,0.767300075,0.110256264,0.104507288,0.806109594,5.410495452,6.618461074,1.591613042,5.315638348,0.895083679,0.110226264,6.950566703,0.65419578,290.2178065,1.131133796,0.195475419,0.793174831,0.02023851,240.4003436,1.447807588
AUS-HRS_AUS-Zhang_708011,SimulationRaw,0,,,0.045354153,0.0583131,23.87248944,45.67970026,1.926654777,0.265905948,0.836258308,0.134766099,0.002344714,1.467497538,6.184526684,7.797330726,0.286596587,16.00535148,0.341753977,0.538525999,6.479556481,0.527284025,305.9716817,0.892248362,1.708107168,0.691119807,0.02073608,167.7342083,1.361763304
AUS-HRS_AUS-Zhang_709010,SimulationRaw,0,,,0.04677113,0.05989956,25.22521192,43.93085108,1.994601458,0.485812651,0.7058341,0.093423569,0.151659846,1.103607685,4.229259799,8.820062658,-4.478398255,10.10263971,0.999882185,0.576962611,6.974178933,0.628429,340.6487539,25.38311867,1.75676527,0.874549298,0.020789666,7.036377628,1.112771496
AUS-HRS_AUS-Zhang_710003,SimulationRaw,0,,,0.028274442,0.06105738,25.18188583,14.24187375,1.329581324,0.880562075,0.782369762,0.017549879,0.007447567,1.138530724,6.371196684,4.595441815,2.140666317,1.466562422,0.595828838,0.25329289,6.950732029,0.366746758,794.2236851,80.44316549,0.098166668,0.093504076,0.080674345,21.81114117,1.213213901
AUS-HRS_AUS-Zhang_710229,SimulationRaw,0,,,0.039084809,0.059105408,23.91742074,41.42186446,1.47629879,0.429519293,0.792973862,0.063091912,0.046986447,1.325374371,5.896091853,6.723898331,2.894128684,1.60874248,0.442907948,0.590502971,6.614721682,0.453752207,181.1398708,3.340279784,0.763535929,0.682243817,0.020268438,80.36303467,2.29348289
AUS-HRS_AUS-Zhang_802055,SimulationRaw,0,,,0.011827692,0.052551049,24.71830259,31.36971384,1.573846027,0.798830637,0.782208813,0.043944079,0.058233067,1.36703434,4.733105757,5.484569291,4.185304872,18.77012558,0.852470122,0.641831987,6.764935867,0.786377848,468.8277288,0.419745748,0.089870553,0.327285861,0.050909999,287.3283776,1.910087781
AUS-HRS_AUS-Zhang_809310,SimulationRaw,0,,,0.0309211,0.05638526,25.3298325,44.78652029,1.112081192,0.255554126,0.769203768,0.039563106,0.07880595,0.946328934,6.207371176,6.251779846,0.095958757,10.52562431,0.301283994,0.507352554,3.869457096,0.331853289,208.4638619,85.84245581,1.726446313,0.774378925,0.033331234,7.8399115,1.030089879
AUS-HRS_AUS-Zhang_809315,SimulationRaw,0,,,0.029875307,0.062292985,24.95093688,40.78364463,1.292802706,0.469088621,0.697810609,0.145092215,0.002862346,1.372848003,6.495681669,2.072057838,1.673218383,12.47456995,0.743514709,0.054967708,6.258682223,0.598034071,506.5703268,1.51181894,1.718060051,0.520069148,0.041747883,195.5812563,1.254531825
AUS-HRS_AUS-Zhang_809321,SimulationRaw,0,,,0.017630632,0.056305982,12.97509964,15.16347311,1.649384602,0.707277938,0.8938516,0.02832117,0.029035219,1.055377495,5.474248986,8.184641848,1.192127641,7.478266783,0.760910378,0.398353314,6.169712024,0.519484616,467.7596741,79.83154978,1.244437687,0.603748605,0.02833054,7.151059739,2.4419249
AUS-HRS_AUS-Zhang_809322,SimulationRaw,0,,,0.023205912,0.065263301,20.0622295,44.86427294,1.633619849,0.924590287,0.857226453,0.098508153,0.069403221,1.299416713,4.752575206,8.816389679,1.317012868,14.29844157,0.062884143,0.211593909,6.780694093,0.545855672,386.8169612,0.241335575,1.611434442,0.822801935,0.022817365,45.73689353,2.033999431
AUS-HRS_AUS-Zhang_915206A,SimulationRaw,0,,,0.04252505,0.060566997,25.07572634,27.97832053,1.851825337,0.233767472,0.752662185,0.149973973,0.138507873,1.41713454,4.53684477,9.731823527,1.011430824,5.097528323,0.32954225,0.208685065,6.626665383,0.463515131,429.7891546,1.206679868,0.423843015,0.796389661,0.021282622,224.8544743,1.279677108
AUS-HRS_AUS-Zhang_919003A,SimulationRaw,0,,,0.042374795,0.042194119,21.72020663,4.893780593,1.993956278,0.400000765,0.713499593,0.158539401,0.139733327,0.892923345,3.822688435,6.921187757,0.856589466,4.924013812,0.694613731,0.4698566,6.264965759,0.568668232,556.5954128,2.040848892,0.620258127,0.781877297,0.020070375,153.6176918,1.850767793
AUS-HRS_AUS-Zhang_919005A,SimulationRaw,0,,,0.015129045,0.040767247,22.31710432,37.43292799,1.016792368,0.447075019,0.879629279,0.132519855,0.150646386,0.725169952,6.265080467,6.799289578,1.229346235,2.622226991,0.087416192,0.067869715,4.428299006,0.315560145,1804.236884,87.19203419,1.991641076,0.306444095,0.048735958,8.980690296,2.16766062
AUS-HRS_AUS-Zhang_919309A,SimulationRaw,0,,,0.027499607,0.051713687,23.94490175,24.17813965,1.143320151,0.645305726,0.871143463,0.130849724,0.087427348,0.789220005,3.650448073,8.123791676,4.279748252,4.55983889,0.376567129,0.63774941,6.647791654,0.413964089,526.0455739,1.78305678,0.062490072,0.415104452,0.073257114,128.923754,1.443430972
AUS-HRS_AUS-Zhang_925001A,SimulationRaw,0,,,0.009516373,0.059504962,17.52545574,37.19772536,1.619424518,0.175024418,0.833340376,0.128437957,0.113451214,1.088036366,4.397439103,4.131343156,2.341617147,3.26702848,0.592696887,0.157159052,2.319269357,0.643572282,1045.359864,66.2118749,1.819556566,0.046814686,0.040349407,95.9237729,1.180221996
AUS-HRS_AUS-Zhang_926002A,SimulationRaw,0,,,0.015846465,0.045566244,11.67459318,5.251585624,1.360767284,0.771332312,0.740133896,0.106257171,0.120750474,1.469403104,3.605556502,3.889834022,-4.013856807,14.34564873,0.576422335,0.561078164,2.626369143,0.798963435,1771.325443,17.97190868,1.720166543,0.048045163,0.020993735,264.8538581,1.349049005
AUS-HRS_AUS-Zhang_A2390523,SimulationRaw,0,,,0.032980427,0.064792746,24.07790737,36.81189144,1.717805106,0.304756555,0.684203194,0.060888627,0.005680028,1.456842992,4.596808648,8.489207211,-0.682785631,0.694297386,0.669349793,0.225517235,6.748977172,0.301970822,857.3898215,0.63678497,1.259781896,0.102201394,0.021555214,213.5543754,1.002294929
AUS-HRS_AUS-Zhang_A2390531,SimulationRaw,0,,,0.04583851,0.068995121,24.29013607,38.87923287,1.825190533,0.546508292,0.713626381,0.121760516,0.057099821,0.764428198,5.79256768,7.87015717,-2.79581897,8.729717221,0.554707539,0.433246759,6.724318174,0.412715863,676.6746583,66.80489872,0.711457337,0.25136698,0.022280338,298.3194776,1.316850664
AUS-HRS_AUS-Zhang_A5060500,SimulationRaw,0,,,0.041533166,0.063062785,24.75689429,46.08343993,1.787517152,0.579100419,0.743889836,0.030938701,0.031716648,1.401948822,4.980498659,2.525446475,-1.357171264,18.80526837,0.596120014,0.3569732,6.914717888,0.365645836,510.5731857,36.0566975,0.265022122,0.314402791,0.021292163,171.6881836,1.270229709
AUS-HRS_AUS-Zhang_A5070500,SimulationRaw,0,,,0.039501821,0.041040142,21.71805091,13.4108085,1.96303481,0.907815756,0.760198879,0.027007101,0.002868865,1.194820349,5.315254471,9.79399764,3.052100642,15.13491749,0.344828019,0.719654443,6.578088093,0.3,564.5802031,1.15623739,0.18196709,0.435325106,0.02004458,112.3705398,1.296957011
AUS-HRS_AUS-Zhang_A5070503,SimulationRaw,0,,,0.036164743,0.065976824,23.59367757,44.45872451,1.976925225,0.687411185,0.71611672,0.007884554,0.081331963,1.424855574,6.437123638,4.231289657,4.349602249,5.571976752,0.195198589,0.187374504,5.07587341,0.414484614,739.3956397,95.64318472,1.674620605,0.242081546,0.021465582,64.60345145,2.235689378
AUS-HRS_AUS-Zhang_A5090503,SimulationRaw,0,,,0.045872697,0.064960173,25.52663397,45.88672122,1.931701974,0.110230326,0.688624227,0.164713123,0.127270497,1.187712571,6.224100191,9.914841011,-3.643746598,3.241201686,0.526644249,0.501044236,4.104942476,0.337283064,1977.574053,21.79697718,0.511040734,0.021331881,0.021254268,202.2454089,1.050027566
AUS-HRS_AUS-Zhang_G8110004,SimulationRaw,0,,,0.021551414,0.014333106,18.51715816,27.91522781,1.484857102,0.800065939,0.703181768,0.103920832,0.070641391,1.334745766,3.995392656,2.853688797,4.235787319,13.86478906,0.614364644,0.793827196,5.821774323,0.533320385,1570.868299,67.10619805,0.290409751,0.428803049,0.021010996,4.281125413,2.872063493
AUS-HRS_AUS-Zhang_G8140001,SimulationRaw,0,,,0.044414611,0.067306349,19.85854977,11.83938951,0.984317251,0.490779165,0.795813888,0.003635668,0.069119315,1.034259667,5.947070913,8.034600554,2.539656465,3.500324452,0.910493771,0.621801591,6.959600589,0.952691074,1148.925127,0.642537759,1.309976774,0.352463469,0.02340173,129.2163637,1.730044545
AUS-HRS_AUS-Zhang_G8140008,SimulationRaw,0,,,0.045155671,0.058879449,25.21227233,32.62350205,1.487119633,0.595307877,0.692860729,0.117594573,0.053954279,1.47498332,5.316957401,4.124396688,2.726246451,11.59816991,0.352581105,0.111985422,6.637032949,0.645920293,553.7053271,0.537218161,0.709839711,0.7869914,0.025542143,16.3937264,2.463648442
AUS-HRS_AUS-Zhang_G8140011,SimulationRaw,0,,,0.04537976,0.065712037,23.77453398,31.03521172,1.996635485,0.377269201,0.688789983,0.013844308,0.116782772,1.46629625,5.398604131,9.947292567,3.611104338,8.337526344,0.323171494,0.249652549,6.691947514,0.426882567,726.693902,0.27143505,0.165045345,0.270650218,0.021271707,224.053055,1.727520277
AUS-HRS_AUS-Zhang_G8140040,SimulationRaw,0,,,0.0221875,0.039824311,23.56040473,28.4847383,1.465191337,0.126249915,0.830291298,0.001323701,0.018887168,1.005121024,5.058279574,8.417158477,4.316241429,6.614124391,0.999805057,0.796706198,6.022241102,0.7934501,1697.916849,9.923969627,0.700954768,0.274879025,0.020492116,3.550025312,5.696176082
AUS-HRS_AUS-Zhang_G8140063,SimulationRaw,0,,,0.013846652,0.027428711,14.90593561,39.89581366,1.063551387,0.941435335,0.834065651,0.169540877,0.126649225,1.491889405,5.889231274,5.159777838,-1.28033905,17.95898698,0.782974489,0.523399031,6.77186467,0.335144686,1675.716147,72.80842701,1.101467775,0.160347198,0.02053431,9.696912925,1.693490414
AUS-HRS_AUS-Zhang_G8140067,SimulationRaw,0,,,0.036737504,0.043863873,15.83901231,37.91460441,1.355432837,0.916051952,0.687238926,0.076944407,0.071875237,1.481187645,4.791761736,9.357753027,-3.764792057,1.156438797,0.781054046,0.746192098,4.077558111,0.362781405,1390.079872,49.84718693,1.745062998,0.672787613,0.020800216,181.5057125,5.815346091
AUS-HRS_AUS-Zhang_G8150010,SimulationRaw,0,,,0.047184053,0.028559887,17.73194734,44.39320191,1.35561955,0.574094269,0.853502804,0.037171299,0.091699277,0.953247791,3.657716766,8.347492498,-1.016742231,11.09243088,0.478285671,0.50540419,5.659572222,0.539091702,531.8435177,3.508190096,1.147029381,0.779783256,0.024499172,102.8291878,1.941833431
AUS-HRS_AUS-Zhang_G8150180,SimulationRaw,0,,,0.04364953,0.046150416,12.0700044,39.53975706,1.802782892,0.344039425,0.733602397,0.151124583,0.063483566,0.866533162,3.736495813,9.804691041,-0.916321821,1.017717172,0.081116808,0.681185051,6.741981941,0.994545661,1342.090661,90.07398102,1.003047608,0.465745367,0.031205128,6.377757191,1.608595393
AUS-HRS_AUS-Zhang_G9030001,SimulationRaw,0,,,0.037683636,0.0390154,24.25348052,32.26830796,1.625718653,0.879303354,0.792735252,0.078769468,0.07570097,0.981802185,5.795316201,6.65447972,-1.917324959,3.658562127,0.870144583,0.270365351,6.856840502,0.348314645,1210.147173,0.812323812,0.517006522,0.054666902,0.021733548,1.966512501,1.398132959
AUS-HRS_G8150018,SimulationRaw,0,,,0.022972348,0.035090501,24.76979455,29.71507687,1.332298986,0.881135407,0.749336609,0.159479867,0.142880657,0.667644699,6.489887007,9.939298114,-3.585557755,17.36739882,0.338219306,0.753343109,5.271892069,0.304244134,407.6629852,23.7763071,0.197446281,0.693020311,0.034111496,19.22583538,2.41713951
AUS-HRS_G9070142,SimulationRaw,0,,,0.033010975,0.051834251,23.98400374,13.23164674,1.277911437,0.131780589,0.86951831,0.039856571,0.039802288,1.440700551,5.355452539,3.276155872,2.310106166,10.92031439,0.638849305,0.508025282,6.995716965,0.646177214,842.838861,0.683708491,1.135471329,0.55668276,0.021312731,101.7043026,1.269277763
Brazil_25200000,SimulationRaw,0,2006,2006,0.024433495,0.032691144,15.84792797,26.77385713,1.790544741,0.111852935,0.728998431,0.152515386,0.128836715,1.320493969,5.927147102,5.693779409,4.062739218,19.00616844,0.095270588,0.604192828,1.385448805,0.748708636,1919.240244,99.30257512,1.625429695,0.052269871,0.021551677,169.5065754,1.240201927
Brazil_40269900,SimulationRaw,0,,,0.041558878,0.060663427,21.26508058,17.11290012,1.861649768,0.471148007,0.707234974,0.167978753,0.08220907,1.405768954,3.639342145,9.840664721,2.087913297,9.524225073,0.557856957,0.279587696,1.32079506,0.522796722,1960.191949,23.30318696,1.349598496,0.059243072,0.020582854,65.62532621,1.467824271
Brazil_45910001,SimulationRaw,0,,,0.045339227,0.054701783,25.60107493,41.70846372,1.976520984,0.52098685,0.81319347,0.126191971,0.155143261,0.715776587,3.833485802,9.895871976,-2.286105417,17.36554153,0.225630252,0.131682804,2.203871324,0.591796809,1995.685832,97.09698627,1.467919687,0.135819447,0.020285358,174.6121506,1.360845837
Brazil_55790000,SimulationRaw,0,,,0.044645816,0.005130009,14.24197592,16.8084357,1.458130257,0.719891447,0.834137588,0.084887678,0.125287947,0.736369853,4.19478392,6.414112904,4.166560487,1.837501828,0.575853513,0.15389633,1.432303181,0.622995105,1410.007386,4.087660991,0.095779003,0.196030253,0.022263507,7.535182818,1.463177543
Brazil_56765000,SimulationRaw,0,,,0.006480565,0.026874128,11.82374704,40.38671327,1.264600317,0.362452838,0.683647545,0.1067399,0.043976118,0.939421377,3.876026039,9.674789638,-4.841929266,15.87323898,0.940313245,0.663313612,1.174923671,0.3,1950.787105,16.34756551,0.343372965,0.12692907,0.02,10.88710739,1.166727064
Brazil_56989001,SimulationRaw,0,,,0.0331679,0.012351059,22.81261565,9.561599955,1.11914274,0.86773642,0.864404628,0.10348028,0.151957516,1.447747028,4.475794888,7.203926073,0.098450772,7.942315441,0.507596588,0.583762584,0.866658611,0.555344044,1749.056021,8.45509837,1.82921149,0.131433043,0.020236932,129.6085462,1.173837934
Brazil_58516500,SimulationRaw,0,2006,2006,0.009916761,0.022326709,9.449845677,28.78205221,1.190874216,0.597010625,0.718003056,0.040356329,0.072778812,1.29598318,4.531603737,3.15137222,3.56732324,3.948434904,0.746815335,0.617810454,1.311826319,0.503384459,1998.861474,8.910772239,1.242221339,0.069978308,0.020657296,109.2384803,1.35454561
Brazil_58670002,SimulationRaw,0,,,0.010464472,0.022965764,12.23664767,7.618041414,1.968249398,0.641146746,0.888991183,0.066677019,0.056570375,1.475409471,3.569308686,3.350246919,-2.096334904,14.61708677,0.644582706,0.014273229,2.800673182,0.745439944,1954.008601,5.0918299,1.694971383,0.049017594,0.020325221,42.76860465,1.298560582
CAMELS-BR_10500000,SimulationRaw,0,,,0.031574682,0.062008415,2.035463875,33.44539105,1.733180746,0.381280641,0.710230259,0.121575017,0.153316753,1.070866697,4.789436178,9.507681826,-1.651118724,13.09140149,0.822979001,0.29322228,5.90632544,0.644559921,472.7125534,31.54082442,1.885942523,0.01233981,0.044697012,197.7108745,1.010913112
CAMELS-BR_11500000,SimulationRaw,0,1917,2011,0.005230842,0.044455302,24.77566522,0.750084158,1.526220229,0.642329775,0.706468705,0.023913055,0.021623549,1.367316877,5.982291677,8.890737449,-3.388481959,7.028520705,0.608764124,0.703702794,3.522472154,0.367599241,355.3749635,55.38971332,0.39506145,0.013991963,0.021224398,57.32321229,1.229318722
CAMELS-BR_13750000,SimulationRaw,0,,,0.030441103,0.038841594,16.35820175,28.32106847,0.910461155,0.909062951,0.80527436,0.142975265,0.099622452,0.839322931,3.542511943,9.335693929,4.673340162,12.40295862,0.640355139,0.448523877,1.795437139,0.85603103,441.7375614,60.84355825,1.107211292,0.094679059,0.038630619,13.99836783,1.20016472
CAMELS-BR_13870000,SimulationRaw,0,,,0.034842538,0.060264954,11.79447291,11.67228065,1.897371191,0.281672002,0.86280606,0.155434292,0.10807523,0.804159446,6.45922757,9.674376256,-4.954510319,4.44562995,0.399732556,0.298115692,1.33280092,0.793023011,646.6062756,89.83978281,1.817784521,0.033664671,0.036562165,11.23047371,1.155885305
CAMELS-BR_13880000,SimulationRaw,0,,,0.040366821,0.057655008,8.966295883,28.9613956,0.860886993,0.944590909,0.76815524,0.169286628,0.15096515,1.045699996,5.871140466,9.828946323,-4.882437806,7.444975492,0.352791816,0.444883862,2.221681833,0.762989024,321.6174716,64.10575021,0.843317583,0.054976515,0.021284313,6.028821005,1.219175386
CAMELS-BR_14100000,SimulationRaw,0,1917,2011,0.003113477,0.019210388,16.7981239,9.265794488,0.749515942,0.452846365,0.886395194,0.100321294,0.113951502,0.874719092,5.100985255,9.976497942,-3.323563461,15.50066687,0.576085647,0.629994158,1.320893153,0.449808446,602.3295751,47.80829723,0.41645715,0.029504775,0.020618543,285.6749879,1.072774131
CAMELS-BR_14110000,SimulationRaw,0,,,0.01027145,0.062742496,19.5106606,21.45524801,1.258678248,0.410786074,0.817158198,0.081881113,0.003062154,1.364622559,4.219348485,4.832396386,-3.635089399,18.23522375,0.881533518,0.789468298,6.237184219,0.777589075,662.0022543,72.96584777,1.174854403,0.041319829,0.039378334,297.6837537,2.0442294
CAMELS-BR_14230000,SimulationRaw,0,,,0.046083798,0.032324977,5.225655481,27.60112494,1.248127721,0.369493558,0.793024652,0.026734305,0.052270814,0.991417067,6.441048945,8.623859387,-2.070825202,13.02540804,0.411582242,0.1705806,6.457188781,0.516470459,292.4053684,98.52577617,1.982448262,0.128135039,0.024328031,97.35803418,2.297185198
CAMELS-BR_14250000,SimulationRaw,0,,,0.014226094,0.02442743,24.46954252,16.38444407,1.477041469,0.846632027,0.864217602,0.146363745,0.093327675,1.353080622,4.725650293,7.716265776,3.529696401,0.681476961,0.502923967,0.733725004,6.306215331,0.955886608,433.0615427,76.73444841,1.622104127,0.060415309,0.038702561,126.1069243,1.741862579
CAMELS-BR_14260000,SimulationRaw,0,,,0.029495799,0.049437681,16.71681876,25.7244886,1.384067551,0.869676506,0.801391162,0.023213208,0.098975856,1.363663366,4.415182396,9.927321443,0.911370536,18.94538957,0.769055138,0.647399754,5.597628256,0.735315196,405.8277195,24.13374749,0.99447844,0.127954578,0.037893877,223.6503046,1.94816309
CAMELS-BR_14280001,SimulationRaw,0,,,0.040183987,0.058375446,6.494100174,35.67477606,1.214860911,0.352027103,0.813456495,0.022405563,0.074103338,1.271345489,5.713311076,9.891244656,-3.077703654,17.96277189,0.223914539,0.757079279,6.344310302,0.649506782,278.0965429,80.68354756,0.352006151,0.037404549,0.032470637,213.8636079,1.808025092
CAMELS-BR_14310000,SimulationRaw,0,,,0.001830662,0.029333909,25.33086498,7.142042019,1.594124683,0.333756188,0.857013112,0.0458301,0.157731245,1.421072881,3.533114437,1.307314133,0.594431897,15.5452029,0.209220876,0.378930707,1.236674651,0.873257605,276.3129305,37.94019442,0.296523579,0.028407526,0.093955618,244.9103986,1.13790388
CAMELS-BR_14330000,SimulationRaw,0,,,0.010596364,0.004400497,21.66374755,13.12270167,1.118793521,0.334851974,0.806903749,0.080851399,0.142916551,0.869441904,6.043559746,9.785164509,-1.090420955,7.077989726,0.990991857,0.392980957,6.069581415,0.497207603,332.4598344,91.92021349,0.959226904,0.026101914,0.030683831,267.2808131,2.46522474
CAMELS-BR_14350000,SimulationRaw,0,,,0.005402429,0.036696256,20.31041098,29.04148051,1.838807715,0.941704,0.83645717,0.106564189,0.128809847,0.657188088,4.661220422,0.681487303,-0.276740409,2.298047375,0.306557578,0.224056753,2.765377414,0.768340088,420.2841546,41.13423851,0.149650761,0.022301364,0.051318053,164.5753986,1.884617746
CAMELS-BR_14440000,SimulationRaw,0,,,0.041399289,0.045186453,3.62064235,15.1777501,1.432684828,0.430233207,0.836272892,0.08814161,0.11040105,1.058848307,5.415701194,6.103487406,-4.334910273,4.876265822,0.870990519,0.597654338,6.820475303,0.941121923,657.3882503,77.74934641,1.146651929,0.052858879,0.068457969,133.5267198,1.14811735
CAMELS-BR_14680001,SimulationRaw,0,,,0.03557527,0.052832136,23.51797109,16.45857869,1.507932798,0.915950857,0.860233196,0.136453193,0.140704326,0.982210709,5.145829365,9.299843249,2.57634508,12.5920181,0.81412516,0.659774139,0.927265607,0.441505758,1545.29444,44.18640592,1.019806322,0.070658593,0.055668101,46.19377825,1.10854802
CAMELS-BR_15030000,SimulationRaw,0,1917,2011,0.046456015,0.053198447,13.98608,13.80832171,1.238270466,0.452596252,0.896070982,0.148159843,0.136766565,1.169701008,5.974226363,9.880334863,3.948401162,13.61442003,0.90345432,0.214620074,1.608391016,0.84357428,450.5686996,84.2709262,1.770677859,0.013058748,0.020668762,11.63983548,2.305866773
CAMELS-BR_15400000,SimulationRaw,0,1925,2017,0.027549605,0.045268685,13.22970862,29.36892806,1.033830223,0.316534533,0.89603379,0.140707515,0.038751781,0.964107052,5.657317588,6.093974645,-3.461743472,8.709775433,0.36629521,0.603859908,1.121763632,0.696163245,1453.830935,9.762079474,1.160253754,0.023893783,0.031667666,84.99463584,1.059451341
CAMELS-BR_15700000,SimulationRaw,0,1925,2017,0.044574605,0.007167559,24.30192343,43.74576715,1.673813072,0.239344833,0.894250425,0.112954027,0.106885943,1.328431988,3.942608307,9.071214324,-2.493264505,0.78931638,0.128200057,0.439597244,1.041247511,0.817790206,1026.882974,39.81455764,1.616007423,0.027809428,0.02189605,291.0739983,1.377640121
CAMELS-BR_15800000,SimulationRaw,0,,,0.032808076,0.065762544,18.16963251,26.00246348,1.668287551,0.123778184,0.871306883,0.138935619,0.112133571,0.845391639,5.945405795,9.826910384,-3.775616013,7.086038438,0.152846014,0.349158598,1.443052969,0.479387801,1748.028123,74.06776074,1.260413919,0.040341246,0.045302466,209.2187508,1.941660586
CAMELS-BR_17050001,SimulationRaw,0,1917,2017,0.038883795,0.023298752,7.54876413,27.60641006,0.679031245,0.770919437,0.83407979,0.028899481,0.132969602,0.814274484,5.633353565,9.600800565,-3.481759471,19.06877034,0.453335644,0.74375269,4.851761841,0.918366834,1573.123111,4.467024284,1.106445452,0.021465304,0.020937885,65.95236011,1.208203583
CAMELS-BR_17090000,SimulationRaw,0,,,0.046706663,0.043754911,16.08428859,30.87612797,1.562353206,0.426653639,0.831991105,0.138241854,0.117736102,1.485820012,4.907926455,9.543213771,0.324672262,16.33867048,0.928200043,0.423609044,3.859305331,0.306212022,1241.996891,89.76765455,1.608191508,0.331169301,0.032531485,240.2590995,1.025489491
CAMELS-BR_17350000,SimulationRaw,0,,,0.046259184,0.020002753,25.27933077,14.57973774,1.20765778,0.293085074,0.825142991,0.064150968,0.058884164,1.467576601,6.056541066,6.957832848,4.202977062,3.055118743,0.918479318,0.658308586,2.657003679,0.824871801,1189.555057,37.56601234,0.552668235,0.312197986,0.027425284,116.1257999,1.806721359
CAMELS-BR_18200000,SimulationRaw,0,,,0.031087077,0.053697584,19.35800822,4.97696574,0.972066861,0.371382327,0.810483406,0.143667694,0.153424592,0.790061029,5.559230624,8.81422328,-3.315956317,7.417481255,0.822977307,0.105868754,4.131466827,0.422090073,1515.936036,66.32392027,0.558017035,0.274332873,0.062077322,252.924807,1.199845582
CAMELS-BR_19150000,SimulationRaw,0,,,0.037738879,0.054380199,10.03430367,17.51759913,1.07754696,0.497332099,0.832520418,0.159699979,0.156896537,1.244258742,6.343869405,9.60477549,0.926081852,15.12962017,0.018762971,0.51969961,1.409159498,0.621465292,1964.087869,69.75149623,0.98721634,0.028119052,0.047324773,251.1660772,1.439174746
CAMELS-BR_20200000,SimulationRaw,0,,,0.032674156,0.048070375,14.92935086,12.9347391,0.937034683,0.177948848,0.711138083,0.111828779,0.126491575,1.481635458,5.448124561,0.445582168,-1.176414426,12.74059544,0.152953476,0.668931131,1.193803996,0.588210384,1801.922143,86.75810786,0.109079738,0.087489557,0.020203802,96.06396367,1.13365354
CAMELS-BR_20250000,SimulationRaw,0,,,0.034860479,0.062449244,11.68198766,37.48728927,1.423009561,0.40355724,0.721009457,0.122133466,0.155583764,0.982445727,6.195777257,4.875837605,-0.259431362,11.28310712,0.347137222,0.4097435,1.540067565,0.615913246,1007.558818,0.24017607,0.378362038,0.011695904,0.030393192,160.2612207,1.154133252
CAMELS-BR_21500000,SimulationRaw,0,2006,2009,0.010294677,0.05601432,15.5061253,39.4858489,1.706417492,0.983900165,0.86281742,0.031000147,0.120062521,0.96238016,6.014502062,9.942580417,4.940933798,10.93217562,0.040855754,0.407015396,1.719381142,0.38743796,1959.686445,21.65086783,0.781739044,0.114317268,0.021975251,253.2741002,1.167129981
CAMELS-BR_21750000,SimulationRaw,0,,,0.001270621,0.056837892,16.4253771,31.75447755,1.756179987,0.986518508,0.831641517,0.144327113,0.048090681,1.107465997,4.229422873,8.945473088,-3.204601747,4.370873208,0.110134775,0.687090297,0.383237175,0.851056978,1590.601343,96.2425077,0.12199524,0.012543877,0.020670419,67.53313903,1.171644385
CAMELS-BR_22680000,SimulationRaw,0,,,0.036738475,0.059622396,14.18414796,20.7902404,0.928055313,0.968578546,0.684752829,0.162785526,0.132681629,0.682106445,3.660577198,9.114122203,3.454554586,18.82261148,0.298124534,0.151565857,0.694996348,0.359451127,1712.394672,5.712861262,1.669320272,0.083622624,0.020167002,69.03005413,1.403506139
CAMELS-BR_22700000,SimulationRaw,0,,,0.019682122,0.046427795,22.60298632,16.70331412,0.589877495,0.855119961,0.722849101,0.171304718,0.136334273,0.839299211,4.150714644,8.352103838,-4.985854865,10.5932777,0.910554887,0.205826591,0.71546619,0.352579294,1901.933531,4.451275556,0.230644166,0.056326222,0.022508786,31.1258038,1.404744226
CAMELS-BR_22900000,SimulationRaw,0,1982,1995,0.011792469,0.053022098,23.12603031,21.26021801,1.270373433,0.800484742,0.740601461,0.153884914,0.067483136,0.669878089,3.710646473,8.739441747,1.507146285,11.44095829,0.526273085,0.258108615,1.143570497,0.570093397,1971.375008,49.04756076,0.172680856,0.105868095,0.020329733,110.8045458,1.37088955
CAMELS-BR_23150000,SimulationRaw,0,,,0.005657433,0.015136917,25.15241512,28.11336448,1.319550983,0.982771805,0.761921644,0.062253296,0.093289062,1.404989043,4.962816868,2.899268557,-4.238829149,1.593789063,0.482009312,0.233384971,1.928668447,0.665526223,1967.610412,6.708091147,0.358213996,0.071701255,0.020409179,292.2359624,1.229853439
CAMELS-BR_23220000,SimulationRaw,0,,,0.043936619,0.036374668,22.06111907,11.51808838,0.872726164,0.65351688,0.685206106,0.123469212,0.149986411,0.799848405,3.652708748,1.841758697,3.75970873,7.950852088,0.065648743,0.783226543,1.251425668,0.54038068,1990.682345,88.94579268,1.970557086,0.05697269,0.020692626,217.2727756,1.331545129
CAMELS-BR_23230000,SimulationRaw,0,,,0.01370999,0.03302751,20.07010766,12.90847573,1.082370865,0.616691872,0.761433514,0.10629572,0.03691067,0.741114175,3.562848951,2.894663547,4.945131599,13.32011148,0.316525652,0.447029613,1.173722954,0.710901621,1791.995308,29.42996575,1.660117522,0.090790791,0.023660037,91.25359886,1.342403074
CAMELS-BR_23250000,SimulationRaw,0,,,0.038227322,0.063962241,15.82621262,3.223140744,1.173894975,0.171948089,0.811443004,0.112344808,0.114654322,0.749567565,3.853331622,9.461019868,-0.121951477,13.98075743,0.698411489,0.256266574,0.834229992,0.325838944,1952.101333,44.09241601,0.096579953,0.063290408,0.020214545,214.478205,1.346846617
CAMELS-BR_24050000,SimulationRaw,0,,,0.033607667,0.062988908,14.50790956,38.56445385,0.778234777,0.102504267,0.684667223,0.148234139,0.155955873,0.87513027,5.695844607,9.713607215,-3.810654964,3.984098085,0.692557038,0.735428379,0.831742879,0.489438102,1933.871988,13.81023562,1.893999229,0.059463206,0.021577114,105.8550297,1.091951724
CAMELS-BR_24200000,SimulationRaw,0,,,0.017162147,0.03077594,22.91068046,29.79418545,1.274123871,0.893227819,0.69491156,0.066162109,0.076071719,1.410394761,5.677180482,8.553716495,-2.681372132,17.44263807,0.241106417,0.506433839,0.779418686,0.660697111,1800.128727,18.54900012,0.671195826,0.093644862,0.021180556,170.2927658,1.383681544
CAMELS-BR_24500000,SimulationRaw,0,,,0.027177037,0.039277015,11.68772506,19.67444462,1.885316594,0.254153938,0.792307315,0.083409736,0.128347482,0.7772789,6.0796527,2.648446022,1.774086245,2.664120353,0.179346517,0.089056838,0.783948999,0.840737559,1831.801707,8.235911249,0.418628245,0.055423478,0.02031334,24.52581475,1.366627525
CAMELS-BR_24700000,SimulationRaw,0,,,0.041232229,0.023519462,11.39958281,8.476813559,1.696705731,0.518334742,0.893908595,0.005364265,0.122374459,1.252770657,6.461692104,4.331695814,-3.306123936,10.84266895,0.929205537,0.399801207,1.224215691,0.64174666,1933.941484,26.29112724,1.486809651,0.117596243,0.02072401,128.7602474,1.373360194
CAMELS-BR_24750000,SimulationRaw,0,2006,2006,0.018152913,0.033829589,17.78084153,22.30142769,1.913067204,0.781501418,0.804291391,0.029277281,0.019528875,1.371855151,5.615643524,3.109425042,-2.301947935,6.423086871,0.029081447,0.154809494,1.315522973,0.830137958,1341.601599,6.398117137,0.615795056,0.165152039,0.020348275,226.8458683,1.498369233
CAMELS-BR_24780000,SimulationRaw,0,2006,2006,0.047046217,0.017989381,16.26234314,23.69722232,0.945201287,0.479604389,0.893917854,0.158379974,0.065995447,1.490507197,6.411791814,8.76240095,-4.625560039,18.35956373,0.746374261,0.726584499,2.033456804,0.88505771,963.6726381,12.12141798,1.204251791,0.381480095,0.020568316,182.4204744,1.065999075
CAMELS-BR_24800000,SimulationRaw,0,2006,2006,0.017023345,0.061767392,15.24804876,24.13157519,1.925784602,0.644596957,0.870898541,0.027970866,0.079846001,1.470335252,6.10475351,2.79941939,0.68153909,12.09971362,0.219368021,0.381581024,1.841529503,0.939265989,1971.392972,7.275403485,0.604323593,0.15611566,0.022099332,216.1747029,1.242950317
CAMELS-BR_24850000,SimulationRaw,0,2006,2006,0.036099344,0.040577642,25.63849938,20.40547064,1.38550429,0.541624723,0.868899153,0.104669065,0.079940237,1.340381316,5.627452659,3.656994277,1.97929648,13.05296046,0.965234272,0.759657307,0.799493359,0.621654106,1942.356402,3.729318319,0.485910592,0.054411348,0.020429302,246.3674166,1.196023782
CAMELS-BR_24900000,SimulationRaw,0,,,0.038842177,0.046169923,6.843564073,44.42338225,1.626669726,0.880657142,0.783708941,0.115874773,0.124733838,0.808032772,6.418901089,0.309995385,2.179827744,6.221403454,0.98740888,0.370703704,1.018152096,0.442229598,1982.593627,16.47592449,1.900599554,0.083141642,0.02,44.53239125,1.084231683
CAMELS-BR_24950000,SimulationRaw,0,,,0.041567947,0.030330948,24.63615556,14.26698677,1.300729281,0.991451102,0.880539319,0.113635009,0.015025947,0.675483922,6.394231166,5.558374089,0.126411759,17.65226334,0.310138823,0.156836597,1.586830709,0.902797447,1964.275485,11.98236113,1.945238855,0.081428494,0.020890744,140.030531,1.225932161
CAMELS-BR_25130000,SimulationRaw,0,,,0.028828851,0.039547729,24.06397907,31.70771362,1.897079721,0.512484391,0.696232487,0.129908616,0.11210351,0.866139024,3.513862463,1.131854384,1.971006238,9.579163941,0.496492184,0.562426791,2.066880232,0.625486325,1134.646384,6.349262502,1.932511656,0.424970557,0.020163,55.92173957,1.818585828
CAMELS-BR_25200000,SimulationRaw,0,2006,2006,0.021018229,0.021050911,14.72289034,31.20577262,1.986156891,0.917304394,0.741295935,0.053427986,0.131870714,1.209838606,6.396111115,9.534503326,1.200212735,14.31243007,0.298304933,0.18008961,1.223493312,0.57342734,1928.057969,13.17294136,0.526941499,0.053036704,0.022183153,151.9974863,1.261091682
CAMELS-BR_25700000,SimulationRaw,0,2006,2006,0.027633619,0.052838737,15.59900288,24.28338323,1.546817693,0.115550845,0.77187946,0.096685904,0.144758592,1.456316425,6.107860079,8.639944515,2.815437663,10.3864527,0.306363724,0.056718981,1.385966392,0.842446797,1934.796268,18.32869578,0.156681514,0.052704518,0.020564698,134.0262996,1.240590455
CAMELS-BR_25950000,SimulationRaw,0,2006,2006,0.044887765,0.012599926,24.09884131,24.20702816,1.325839321,0.308151827,0.703162038,0.143449969,0.131274938,0.668050421,6.321287384,9.641413057,-3.066936863,6.02773377,0.630530926,0.782227193,1.297934261,0.631354138,1939.705917,77.10220501,1.517188422,0.025961114,0.020188407,70.97356102,1.119448248
CAMELS-BR_26050000,SimulationRaw,0,,,0.031324895,0.041026416,16.54542229,31.97610669,1.570421709,0.108975851,0.718016089,0.104133598,0.149291045,0.797151717,5.312795222,9.126807884,4.024116015,9.736913393,0.307456911,0.288449626,1.13207489,0.607228796,1945.480922,74.50899787,0.680588253,0.037272149,0.020014114,36.70310022,1.017658347
CAMELS-BR_26100000,SimulationRaw,0,2008,2008,0.043628419,0.007637123,21.81159195,44.35322992,1.247654541,0.216870533,0.706307669,0.169955347,0.14342976,1.31347431,5.651997566,9.273029079,-4.561672319,11.91535251,0.740213285,0.622298504,1.461338872,0.550476166,1978.973568,30.04605764,1.025719055,0.035594682,0.020861928,226.3700842,1.397561987
CAMELS-BR_26200000,SimulationRaw,0,2008,2008,0.038788406,0.037227641,12.31174358,20.47293424,0.822745767,0.118640393,0.782863696,0.155592106,0.13668927,1.006473711,4.702214379,5.878052753,-2.66963048,19.8649115,0.1885059,0.560425193,1.125884438,0.472965515,1945.344724,68.75376194,1.97306644,0.053193412,0.020346641,295.6717709,1.039292061
CAMELS-BR_26300000,SimulationRaw,0,2008,2008,0.021505859,0.068260734,23.47094843,24.8186964,1.417831273,0.367808721,0.722118891,0.173933451,0.142944641,0.839795672,6.45465485,9.264670306,-0.258575835,1.11746998,0.576465556,0.735053118,1.241083666,0.716686186,1997.047667,95.37284833,0.216707241,0.064312771,0.020843766,110.9763661,1.035479263
CAMELS-BR_26350000,SimulationRaw,0,2006,2008,0.029573742,0.052952384,22.09809574,11.42658694,1.702020784,0.57313841,0.701262775,0.005405085,0.140060362,1.399295534,5.815781889,5.816603276,3.429522764,0.537164669,0.066464435,0.153190761,2.283592619,0.976548233,1959.433648,23.23352713,1.387982987,0.015319635,0.020121169,39.32097721,1.008714026
CAMELS-BR_26720000,SimulationRaw,0,,,0.042047285,0.022080105,20.24437142,39.15685575,0.917525708,0.490782891,0.702772494,0.147861905,0.15560482,1.246318196,5.197894869,5.175000103,0.972280198,3.122052314,0.618009144,0.058550216,5.895792375,0.836224856,1396.170993,2.524160737,1.864419881,0.098174025,0.032894227,230.8343534,1.200426722
CAMELS-BR_27500000,SimulationRaw,0,2006,2008,0.016899645,0.056441871,20.58368793,42.87246871,1.123784076,0.881250582,0.714837589,0.092612798,0.058283101,1.309799553,5.44005354,6.257358693,-0.202258526,0.122074383,0.966103242,0.689452892,2.407720565,0.906436393,1967.202137,34.02411356,0.7060428,0.014034949,0.022088562,74.78983979,1.460507776
CAMELS-BR_27550000,SimulationRaw,0,,,0.020342598,0.053593684,21.82680675,36.67109772,1.447640783,0.912450993,0.703195409,0.173308704,0.002953499,1.293266,4.331111391,7.601648049,-1.83229174,17.74815902,0.503072057,0.5893338,1.852498123,0.738557023,1424.073771,7.052050073,0.830927824,0.249376047,0.024998993,98.06966076,1.950356361
CAMELS-BR_28150000,SimulationRaw,0,,,0.014542054,0.037285079,22.02726748,3.743647862,1.412964207,0.396547224,0.866327479,0.039847958,0.081810481,1.39630545,3.85554739,9.492736304,-2.22542687,8.73159119,0.089170099,0.132257083,2.173671183,0.915074662,1238.560948,94.7271585,0.650772156,0.106090191,0.024332621,60.09867372,1.374848939
CAMELS-BR_28300000,SimulationRaw,0,2006,2008,0.014858899,0.020090206,22.59782028,34.36184605,1.932105253,0.845257983,0.888121129,0.077744894,0.040399848,1.490023617,6.090848821,9.787195525,-0.55294119,8.163021415,0.671438402,0.137594784,1.456367531,0.570247163,1292.616457,81.34069754,0.935951874,0.037613461,0.021208453,193.1554292,1.223337018
CAMELS-BR_28850000,SimulationRaw,0,2006,2008,0.034895267,0.011733902,15.89585347,16.3952374,1.986494862,0.951398759,0.791302187,0.005983033,0.145912522,1.459788875,6.441297374,9.943371293,-1.667167896,8.374223048,0.137644465,0.676634325,4.163628699,0.909426435,1668.412563,46.16536465,0.986709492,0.05364163,0.021075343,289.0774564,1.385892959
CAMELS-BR_29100000,SimulationRaw,0,,,0.017965807,0.022290027,22.81379879,5.162490555,1.765838647,0.277915578,0.834131196,0.059412558,0.150274724,0.938017769,5.298748422,9.619277148,0.627761625,3.261813323,0.827932597,0.111538511,2.498289835,0.716468115,1188.568049,9.700646006,1.949284292,0.051752635,0.052673785,270.4725471,1.157631118
CAMELS-BR_30400000,SimulationRaw,0,,,0.022634313,0.014797279,24.51640405,35.9376597,1.232990262,0.439137865,0.831714044,0.152136952,0.149895521,1.390013637,5.87057636,7.611433795,1.480531486,17.72553762,0.811829187,0.36051702,0.849350064,0.327824889,1767.290663,5.794377335,0.565129331,0.074293009,0.056018151,147.9395756,1.984084091
CAMELS-BR_31490000,SimulationRaw,0,,,0.023244942,0.047825275,20.10746364,22.77840764,1.55859505,0.579090429,0.819201272,0.143579077,0.006809548,1.098773249,6.261230919,9.065599802,2.619516969,13.8344381,0.112162055,0.331129466,1.053924994,0.91221613,1790.142011,98.37510041,1.498647195,0.074056344,0.025013934,87.25299826,1.037449118
CAMELS-BR_31520000,SimulationRaw,0,,,0.00852661,0.050655093,25.52584185,20.77599811,0.872443847,0.235698132,0.863512711,0.014671761,0.059642403,0.809138733,4.483824604,8.532059393,-0.837119235,1.302398226,0.144739004,0.23552228,1.24025647,0.867866411,1406.234569,37.12546699,0.074877312,0.052019802,0.027951434,20.01940173,1.477814042
CAMELS-BR_31680000,SimulationRaw,0,,,0.028561559,0.049831294,8.099769176,18.20594709,0.719672884,0.680533501,0.880678973,0.172371131,0.132048478,0.73255512,4.911944956,0.425961189,-3.861416878,2.821475948,0.333018762,0.580699441,1.371000917,0.332599995,1933.658485,89.97596406,1.668402061,0.074567076,0.020658665,192.6200862,1.34254831
CAMELS-BR_31700000,SimulationRaw,0,,,0.045600647,0.063561279,16.34495525,2.183734365,0.803792629,0.145660753,0.681952659,0.173655473,0.15535596,0.756872655,3.675137839,8.324278373,-0.239357805,12.56653225,0.762553715,0.111971261,1.110806496,0.302444005,1991.840008,35.91585978,1.722499571,0.028299027,0.020050274,218.4295188,1.317235363
CAMELS-BR_32550000,SimulationRaw,0,,,0.044612732,0.012944225,6.506604273,37.77634253,1.008172914,0.82016817,0.809089962,0.153611769,0.151578052,1.254819771,4.645484752,0.164090748,-4.027351984,16.04686784,0.924785926,0.671522346,1.233203508,0.310621198,1980.971761,33.97392018,1.783203238,0.032461884,0.020120096,217.2500178,1.208054634
CAMELS-BR_32620000,SimulationRaw,0,,,0.033555112,0.056447526,11.47652023,15.48455952,0.791725298,0.793442026,0.836420874,0.170422525,0.157732594,0.659832928,4.53736679,9.556149159,-2.164683335,0.144486861,0.859525812,0.519400617,1.275878857,0.398873257,1997.264004,62.44711759,0.825477972,0.024096078,0.021923534,167.6608529,1.318817375
CAMELS-BR_32830000,SimulationRaw,0,,,0.017234251,0.010172316,17.06529605,24.46282571,1.346684879,0.311603246,0.77603582,0.16531865,0.028596433,1.147143246,4.920003952,6.043343053,3.585197342,0.262699086,0.86641387,0.16475357,5.080318132,0.824826927,1840.679822,64.80116603,1.774783388,0.032042699,0.068248975,299.2754645,1.244926994
CAMELS-BR_33025000,SimulationRaw,0,,,0.0439974,0.05691423,22.69185585,20.68023455,0.754885619,0.670865977,0.701617741,0.163525555,0.15653287,0.767980719,5.660992329,5.333366021,-1.289081944,11.53433935,0.24729656,0.0533322,2.621439379,0.516414805,1980.476458,12.91890258,1.360309472,0.051520238,0.021735527,63.31236384,1.445462921
CAMELS-BR_33170000,SimulationRaw,0,,,0.040792366,0.047167794,22.43835607,24.14397938,0.745075095,0.822383796,0.721432172,0.16091001,0.141309495,0.693738211,3.606546177,9.459035737,4.278532771,16.16004153,0.225531505,0.607391537,2.451068676,0.432180423,1936.100662,74.76920536,1.394110035,0.29218794,0.020155129,199.9609637,1.045395155
CAMELS-BR_33190000,SimulationRaw,0,,,0.037310235,0.034299234,23.27451987,39.08558516,1.316165771,0.606282498,0.745111412,0.169497088,0.157613245,1.286403496,5.950569186,7.701402451,3.784655952,6.283703124,0.405748646,0.671587173,1.858037369,0.498472791,1990.126631,70.96842528,1.465551438,0.170318981,0.020282122,234.1711521,1.207684511
CAMELS-BR_33205000,SimulationRaw,0,,,0.044508719,0.043713776,10.92394698,15.30331448,0.915886715,0.141102065,0.719073096,0.169733333,0.135428185,0.944159008,5.763812766,9.698913035,-4.981788299,18.73489341,0.869689859,0.428803735,1.577840743,0.603405718,1940.687976,48.60231351,0.547939702,0.043037754,0.021549811,256.0419246,1.037562444
CAMELS-BR_33250000,SimulationRaw,0,,,0.047027753,0.06649249,22.81973095,14.81175316,1.315483341,0.159760647,0.697843919,0.142043587,0.153413925,0.972442993,4.294278938,9.961424952,2.550402248,18.34668011,0.374659165,0.661456821,2.428327796,0.592716635,1944.590953,44.68712643,0.606844614,0.036271034,0.021379355,193.2067634,1.067828081
CAMELS-BR_33260000,SimulationRaw,0,,,0.043011148,0.061669329,25.30076115,25.48198082,0.511365,0.134445139,0.766784802,0.147993064,0.146093142,0.871927645,3.96297292,9.768834944,0.600872708,3.686227456,0.517293809,0.510556508,1.901440476,0.366602432,1981.326617,71.56091156,1.142488147,0.047722104,0.020577839,63.99876189,1.050553042
CAMELS-BR_33321000,SimulationRaw,0,,,0.032257694,0.048025031,11.88973947,38.10120185,0.704484678,0.527602543,0.812648698,0.156662521,0.028217319,0.877018025,4.419224896,8.905583395,-1.210555488,3.666180359,0.074647448,0.495602059,3.824522042,0.597105945,1934.504975,25.37158195,1.008964584,0.350238528,0.021216315,243.7191879,2.264223903
CAMELS-BR_33330000,SimulationRaw,0,,,0.03088343,0.024068158,9.807404309,35.10798414,0.817439848,0.125581561,0.706178151,0.059869607,0.067443722,0.970174494,4.192952425,9.211290817,0.592716476,13.97828023,0.121573775,0.041178305,4.937494083,0.377001859,1817.318474,7.052929466,0.369112852,0.115190149,0.0279981,260.7764958,1.200601638
CAMELS-BR_33450000,SimulationRaw,0,,,0.044233477,0.065380792,25.23817736,46.32200983,1.78660664,0.107386581,0.82836042,0.125492276,0.153038717,1.234832176,3.517687523,9.839988619,-0.789114088,18.2943063,0.993043491,0.460503916,4.944462615,0.306095487,1995.206095,34.23487404,0.754777445,0.129174278,0.02039044,226.0329371,1.288166838
CAMELS-BR_33460000,SimulationRaw,0,,,0.043114204,0.066624085,25.40904568,45.22609911,1.994997223,0.166163183,0.717877963,0.158331731,0.154843393,0.749000996,4.382196508,9.806997499,-0.957721817,18.63315016,0.390555661,0.469358727,5.571611623,0.336865105,1948.465865,5.844582449,0.366786765,0.022736259,0.021760584,197.7707668,1.173338798
CAMELS-BR_33480000,SimulationRaw,0,,,0.045068191,0.066427915,24.87260219,44.17580473,1.802706794,0.133140644,0.729698341,0.157690881,0.156174901,0.956977703,4.316440123,9.269316441,-1.324357661,13.29269392,0.602356931,0.737938998,3.048235939,0.407178984,1960.678515,50.87121248,1.666505506,0.083400376,0.020770017,186.5692173,1.40171592
CAMELS-BR_33520000,SimulationRaw,0,,,0.042629488,0.030455008,15.76720023,24.12362468,1.712101201,0.264754887,0.751174242,0.149816835,0.126126965,0.828493483,4.824595279,5.957365861,-0.058121215,18.50644194,0.027726794,0.784496666,3.537018315,0.321571821,1871.228215,63.67839352,0.097840361,0.093801692,0.021238485,138.2925632,1.739141134
CAMELS-BR_33530000,SimulationRaw,0,,,0.04528926,0.06651084,25.67748008,41.84239929,1.987617554,0.22852195,0.682072159,0.172063762,0.1375432,1.378691152,3.685363682,9.669885469,4.070639302,8.275287814,0.311739833,0.562561102,3.623117639,0.47767072,1985.831517,71.91179648,0.406358768,0.107111202,0.020688605,108.6239833,1.445443317
CAMELS-BR_33550000,SimulationRaw,0,,,0.047476791,0.061011554,25.61387793,43.71800252,1.617071029,0.166855352,0.712443525,0.154403373,0.149122777,1.033278656,4.747992103,9.995025623,1.651679686,15.36939099,0.256370959,0.342929461,2.719894066,0.391300767,1975.582159,27.28559161,0.440654865,0.137538206,0.022228086,195.8840904,1.068881134
CAMELS-BR_33620000,SimulationRaw,0,,,0.042633872,0.065502649,18.23281382,37.47951302,0.56981262,0.868312176,0.690191556,0.025495885,0.142935972,0.96467992,4.008033615,7.870990962,2.875939434,13.36272388,0.390407157,0.120506966,3.482293362,0.409809409,1395.755968,0.497130589,0.852972754,0.163603574,0.039688323,259.797159,1.345184061
CAMELS-BR_33630000,SimulationRaw,0,,,0.041882077,0.031344161,20.69827872,17.33712638,0.534973291,0.655240826,0.785426755,0.171947077,0.157278799,0.883046004,4.23471497,8.919786964,-3.010271079,12.82927781,0.829306403,0.476454676,2.711078633,0.500762763,1948.918937,30.530171,1.146568684,0.094164676,0.022840809,164.0444619,1.4050522
CAMELS-BR_33680000,SimulationRaw,0,,,0.038857127,0.064499097,15.79550318,11.04306661,0.575522371,0.202903219,0.714187605,0.142331744,0.148765004,0.844836435,6.053010731,8.035688953,-1.202253514,14.32214131,0.946310079,0.778938107,2.242103098,0.563802859,1951.216329,3.894591795,0.755200627,0.131721271,0.020246794,179.8371427,1.456968875
CAMELS-BR_33730000,SimulationRaw,0,,,0.029345807,0.037383509,17.93428271,29.2714448,1.725777884,0.787515538,0.784423565,0.084528492,0.153533615,1.109479317,3.848120282,0.795573954,0.987746399,14.0942224,0.207933237,0.144110451,4.264210126,0.315909624,1701.266144,82.72401683,0.930018665,0.261436267,0.023514929,93.49061863,1.329249434
CAMELS-BR_33760000,SimulationRaw,0,,,0.035496286,0.025142731,24.6006615,26.86558355,1.148008743,0.20722212,0.688539549,0.17306904,0.147644924,0.836648845,3.959553898,9.949846062,-0.04139961,7.827969688,0.967691618,0.608826209,2.594794024,0.628167789,1972.226108,23.67410168,1.276897765,0.057263521,0.020466549,160.0029759,1.207070702
CAMELS-BR_33780000,SimulationRaw,0,,,0.045008961,0.017890032,22.22883884,31.47449387,0.683757592,0.135418169,0.889611369,0.163378691,0.110583709,0.846086563,6.311775599,8.968397001,-1.397282222,6.525853159,0.467128641,0.593982356,2.625767456,0.598118585,1963.424529,1.597199249,1.292309115,0.179516493,0.020356609,271.0319983,1.072401831
CAMELS-BR_34020000,SimulationRaw,0,,,0.029232858,0.054944235,25.10416789,31.97857789,1.929529636,0.998824432,0.701502039,0.128889302,0.105920647,0.77415821,5.167158323,5.187869231,-4.271017462,17.66502112,0.570549155,0.3471667,1.803238501,0.540233201,1989.477893,31.7961807,1.439718664,0.116831165,0.021100338,64.73545029,1.172929472
CAMELS-BR_34060000,SimulationRaw,0,,,0.03840986,0.05268707,23.90010515,37.89905609,1.238269876,0.6990014,0.699549486,0.062527168,0.134106832,0.810032864,3.923132569,8.991308484,-1.869830456,14.63142992,0.232844803,0.391663944,1.548600858,0.436041283,1933.653572,64.73299906,0.176450464,0.087703252,0.021783581,91.29466321,1.473511198
CAMELS-BR_34070000,SimulationRaw,0,,,0.033552113,0.06589929,22.2435775,36.07922041,1.412388374,0.778318748,0.700827319,0.14906274,0.147970209,0.824002652,4.23321153,3.443324859,0.967463574,19.58665882,0.911769771,0.799804918,1.78393062,0.469988927,1889.865973,3.432793457,1.178569537,0.107538636,0.020030656,191.2943567,1.238250844
CAMELS-BR_34090000,SimulationRaw,0,,,0.04265535,0.066108494,25.72722162,36.21303021,1.847661527,0.35230516,0.7390951,0.145637242,0.140070472,0.986481682,5.427650975,9.601681678,-4.236635029,4.111789249,0.351232997,0.416353125,3.042865719,0.451337871,1952.921434,15.07258889,1.403673804,0.087624352,0.020616555,17.84695679,1.314959359
CAMELS-BR_34130000,SimulationRaw,0,,,0.043844386,0.062052179,22.83887847,36.23060931,0.589842547,0.825275062,0.68641439,0.136400634,0.153728197,0.917126418,4.583218685,9.907166901,-4.666980707,16.03084152,0.054700707,0.180732412,1.255971034,0.402536426,1871.931696,18.06726742,1.908045586,0.08220104,0.024672614,160.9360747,1.271813502
CAMELS-BR_34170000,SimulationRaw,0,,,0.036017318,0.01802735,23.79232951,44.29262906,0.57076904,0.382404428,0.771984667,0.161623525,0.149186761,0.761253762,3.622844265,9.636049564,-4.675824679,17.77954853,0.664922748,0.538857445,1.520714632,0.471977821,1966.634919,94.83314661,0.70491408,0.063115614,0.020411096,61.08947375,1.266843609
CAMELS-BR_34930000,SimulationRaw,0,,,0.043153609,0.064299183,23.30727222,28.44460408,1.798385972,0.491603374,0.697207066,0.15467358,0.143780307,1.4415491,5.032269553,9.658069694,-3.387536109,7.758193315,0.541348066,0.362337423,4.810308515,0.500679258,907.5442181,99.88762139,1.274697529,0.29906966,0.098806886,261.8453314,1.49492835
CAMELS-BR_34940000,SimulationRaw,0,,,0.039215798,0.057997162,25.02915161,24.68353421,1.760942542,0.412481631,0.729844827,0.114458153,0.140206186,1.254514497,5.427140967,9.838019529,0.957758272,4.616944354,0.870304102,0.233785694,6.489951955,0.513343922,1554.126098,36.39428292,1.526436416,0.454956176,0.069282036,237.3819472,1.289751952
CAMELS-BR_36130000,SimulationRaw,0,,,0.041314787,0.066305304,21.3260197,31.73061684,1.706176826,0.339228018,0.743517826,0.149112725,0.144194198,1.171281458,4.576552546,9.0242912,3.490510246,1.428945408,0.800467213,0.514315769,4.456868108,0.377329354,756.9899605,0.201659013,1.541702608,0.34688536,0.02926427,32.61251635,1.30280553
CAMELS-BR_39760000,SimulationRaw,0,,,0.025259553,0.064962034,8.439024701,5.848148274,1.327300662,0.792518638,0.831834498,0.06347915,0.108241135,1.363016438,3.600493753,1.137665346,-4.045401146,12.1462929,0.730732709,0.658408,4.691616832,0.84456644,1104.703347,96.45318532,0.99189701,0.375745203,0.023627162,3.602631886,1.030970448
CAMELS-BR_39770000,SimulationRaw,0,,,0.044212676,0.020103897,7.897259301,22.83275238,1.928105342,0.734760657,0.755812767,0.147206795,0.091164878,1.029436186,4.221185492,8.39034739,0.631922858,15.12461628,0.945248397,0.240946091,1.630612631,0.595213219,1181.752795,17.06160525,1.447781593,0.488333144,0.023285633,5.236202957,1.012427074
CAMELS-BR_39870000,SimulationRaw,0,,,0.034817436,0.04798826,24.2919148,45.45988583,1.783822957,0.333819242,0.798241696,0.104712139,0.1174428,0.961662253,3.902026037,4.13120067,-4.239171124,6.830060612,0.908212994,0.073805154,2.043852687,0.957087426,1794.847967,1.996965129,1.041094838,0.393670771,0.04971983,18.41339759,1.301697479
CAMELS-BR_40037000,SimulationRaw,0,,,0.022809275,0.039110431,4.261172066,30.25676123,1.953803507,0.314961007,0.76862852,0.116855872,0.049902644,0.993404004,5.251934026,0.886238685,-2.111195693,0.76175722,0.623886221,0.334223107,1.683580406,0.693178225,1897.064399,23.75869015,0.772056112,0.094070817,0.021338458,14.1030315,2.244372355
CAMELS-BR_40040000,SimulationRaw,0,,,0.03100533,0.054780803,24.85480017,39.53889671,1.715526294,0.847113897,0.890864265,0.135147143,0.082097969,1.272491944,5.120737826,1.388691412,-1.66911692,19.8781696,0.537126711,0.792179931,0.904218753,0.745896284,1894.094202,7.432727428,0.538815077,0.045782901,0.020504739,24.81880572,1.909264987
CAMELS-BR_40050000,SimulationRaw,0,,,0.03345239,0.031551087,5.993912086,22.15617859,1.93403904,0.584451084,0.786671106,0.096186441,0.132870946,1.321884543,5.809437365,0.527017308,4.88897056,2.136586614,0.312302088,0.417174775,1.069112856,0.350941513,1922.164503,4.374288901,0.068806641,0.087779533,0.020915741,226.8777131,1.541343957
CAMELS-BR_40060001,SimulationRaw,0,,,0.006564075,0.032564169,9.814791801,19.49010103,1.671049627,0.135700208,0.785423376,0.018229767,0.061242901,1.357509386,5.118481155,9.068760834,-3.818569014,1.082159166,0.058633315,0.365079756,1.618510169,0.331853229,1793.861827,40.82539774,1.707053161,0.095090625,0.022163457,89.00910851,1.077599205
CAMELS-BR_40100000,SimulationRaw,0,,,0.02757422,0.060970835,16.16699251,23.60643977,1.759937093,0.988575958,0.701859435,0.01692696,0.122569365,1.489720071,5.078111391,0.049741775,0.398039153,0.254311543,0.754476609,0.013879202,1.327390319,0.778137061,1994.294817,12.38867303,1.379820059,0.037409681,0.020357049,70.61970066,1.416880221
CAMELS-BR_40170000,SimulationRaw,0,,,0.009235995,0.062340191,22.52898502,33.12146091,1.498441147,0.930678631,0.792822564,0.139197535,0.153690676,1.034460343,6.275905174,8.390952105,-0.329135013,14.37926332,0.761968732,0.076308711,1.3996767,0.663388985,1756.503258,25.14716133,1.372394632,0.047570396,0.02000206,108.6678032,1.342097066
CAMELS-BR_40185000,SimulationRaw,0,,,0.037759916,0.058760102,6.238847717,25.7297253,1.431672945,0.99298986,0.740024026,0.119940439,0.079984197,1.376974606,5.508067998,9.609421106,-4.879472416,16.42472463,0.778348397,0.149909155,1.177478384,0.32324156,1915.76778,18.38279779,1.571264064,0.078718912,0.020339413,245.3209125,1.318691817
CAMELS-BR_40330000,SimulationRaw,0,1959,1959,0.021551027,0.039529954,22.68792147,41.57100587,1.626305134,0.794197173,0.699765627,0.154248489,0.150727613,0.779953371,4.003057619,1.093067362,-4.79018786,7.208285174,0.457889691,0.667482718,1.596779057,0.78002053,1970.360577,6.624975264,1.688977791,0.089739941,0.020304167,55.74332649,1.4109773
CAMELS-BR_40500000,SimulationRaw,0,,,0.03951596,0.048943908,15.10861512,40.19551386,0.528205936,0.65609394,0.69109595,0.171065192,0.157685864,1.289532634,6.43553164,9.868439752,-4.667603032,8.092738157,0.28228344,0.506982228,0.952589977,0.554289075,1946.525171,20.27606139,1.967838128,0.029089336,0.020000426,272.2583485,1.301151351
CAMELS-BR_40549998,SimulationRaw,0,,,0.040230132,0.0493648,6.031669686,28.59072156,1.7566869,0.847092632,0.769514266,0.010810657,0.147839429,1.385517779,4.329378754,2.35666216,-3.939300841,4.11300915,0.846685495,0.618793399,0.603613877,0.402388885,1868.083838,7.795900334,0.342908238,0.068720442,0.020246262,22.18642338,1.152965697
CAMELS-BR_40579995,SimulationRaw,0,,,0.032860266,0.048402946,22.80646999,3.051895445,1.360188155,0.831167621,0.680118687,0.019997566,0.144655027,1.11543149,4.878243153,2.474034876,0.345139793,19.45556939,0.589664355,0.324071464,1.802849822,0.796493343,1978.998743,0.774850009,0.525246174,0.013493582,0.020589202,120.0277697,1.457840456
CAMELS-BR_40680000,SimulationRaw,0,,,0.011584072,0.007065319,17.49191525,40.87456206,1.171334449,0.837482571,0.764588963,0.118186867,0.152832466,1.43798097,5.621807404,9.148644057,-3.089817573,6.819585574,0.447605261,0.491327468,1.278564772,0.439555841,1911.071273,11.41535943,0.553091403,0.050818152,0.020229794,40.46015868,1.196279313
CAMELS-BR_40710000,SimulationRaw,0,,,0.014156392,0.039003092,15.91104896,33.52279126,1.791530176,0.666044454,0.777870061,0.169166277,0.031627274,1.486952857,6.098065152,8.288104337,-0.239079951,18.51009633,0.842420634,0.663774893,1.377881673,0.823179073,1980.07623,4.848316671,0.249164459,0.054919534,0.021149891,10.93920972,1.353033925
CAMELS-BR_40740000,SimulationRaw,0,,,0.027535623,0.030896023,19.96164896,40.27641648,0.609098879,0.423490997,0.827676443,0.146830726,0.12636726,1.392073509,4.995728821,8.62180137,-0.003074275,0.286118935,0.44402776,0.587292428,1.407692602,0.746451447,1899.494765,4.553333718,0.870079075,0.087944112,0.020315525,47.02277814,1.258631611
CAMELS-BR_40850000,SimulationRaw,0,1972,1991,0.026451054,0.050992922,17.78717934,42.42050043,1.579463903,0.993187403,0.744184007,0.038547279,0.155936465,1.248737533,4.5981397,2.611066049,-3.114918423,3.044990518,0.003220965,0.179107908,1.169246164,0.592830224,1972.883541,4.378567205,1.852800541,0.068869651,0.020656006,150.110052,1.395243315
CAMELS-BR_41050000,SimulationRaw,0,,,0.035185809,0.030777398,6.688171341,4.691530922,1.726983204,0.37692776,0.693246214,0.059304299,0.026762141,1.416126572,5.896265429,0.829692857,-0.109665131,10.42813692,0.709698279,0.50637077,2.470727417,0.349954742,1203.138115,5.853223411,0.260807129,0.213318648,0.020199559,132.6869229,1.380810882
CAMELS-BR_41199998,SimulationRaw,0,,,0.013626037,0.06307557,20.14420747,34.08412449,1.501754526,0.876145492,0.725258376,0.120244827,0.125096305,1.26987223,5.023592109,5.304807505,4.149221096,14.16838612,0.284485092,0.09475474,0.99599311,0.792376462,1907.128078,12.53293588,0.271726581,0.114771442,0.020060991,41.24220648,1.15506057
CAMELS-BR_41260000,SimulationRaw,0,,,0.016842821,0.063059289,14.85161264,41.12664656,1.904620564,0.92874043,0.712633951,0.144066929,0.131358211,0.841722986,5.182582572,7.739273182,-1.225631305,11.04426963,0.673617177,0.070406744,0.851099343,0.49923822,1936.589907,6.537334851,1.772234122,0.135171145,0.020712923,156.7620069,1.289344159
CAMELS-BR_41300000,SimulationRaw,0,,,0.010713216,0.020385433,16.76032941,6.972435975,1.089278652,0.870618035,0.757548382,0.132995145,0.148774815,1.479844096,6.350385922,6.2434758,-3.716079785,4.261127384,0.053279391,0.367383702,1.763379295,0.331015644,1913.197077,15.54798684,0.55851024,0.105207428,0.020078509,15.49557668,1.426913342
CAMELS-BR_41410000,SimulationRaw,0,1935,1935,0.014616209,0.042739355,13.48682165,37.09099175,1.084858634,0.538327332,0.684497548,0.133240121,0.116362984,1.06118662,5.618432566,9.079013813,-1.422596914,7.386666379,0.739266456,0.253957415,1.022133343,0.427583517,1966.640043,5.60656234,1.209859754,0.126792477,0.020326855,139.3403866,1.069576583
CAMELS-BR_41650002,SimulationRaw,0,1935,1935,0.015199569,0.024048587,19.15658523,11.93965611,1.439519866,0.878494851,0.792224724,0.163697886,0.130351966,0.700537646,5.890375538,7.10888313,-2.534576756,5.652673015,0.372438205,0.227981842,1.571357057,0.622683688,1930.849882,99.7915752,1.501683261,0.094079462,0.020171336,35.46232832,1.291445018
CAMELS-BR_41780002,SimulationRaw,0,,,0.014615068,0.041091043,10.88772219,22.39787949,0.867410937,0.347276284,0.757218162,0.140906906,0.146705066,1.211872948,5.991413299,9.413210533,-4.158150875,7.034703184,0.883731853,0.462081111,1.894566086,0.329652375,1985.09057,81.15619907,1.41315362,0.174789059,0.020358598,8.886283219,1.862737164
CAMELS-BR_41818000,SimulationRaw,0,1935,1935,0.04170273,0.049872956,15.5911682,36.78083732,0.893825306,0.814158839,0.800560154,0.145847495,0.044654595,1.467793076,4.382934641,1.6014985,2.482778271,17.68035008,0.856861634,0.444472211,1.20313758,0.67867701,1912.86554,4.925603171,0.223631114,0.096256737,0.021589092,298.4353284,1.453717236
CAMELS-BR_41990000,SimulationRaw,0,1935,1935,0.026221291,0.050399843,21.87192808,14.83013604,1.906364394,0.376425227,0.888135408,0.159745784,0.065403304,0.863012401,5.798877729,1.878042601,4.014810825,1.142556709,0.277532143,0.467755899,1.614665834,0.965192978,1916.222028,2.72148147,1.454817979,0.103558859,0.021419181,266.9293251,1.025610628
CAMELS-BR_42250000,SimulationRaw,0,,,0.030411757,0.022704077,6.609971875,19.4744466,1.672580446,0.992240369,0.723497746,0.010021206,0.05613725,1.181752777,5.933392218,6.574111544,-3.645752095,0.572708376,0.733155039,0.238690283,0.904519229,0.324143047,1988.345472,99.70934728,1.228951274,0.03064985,0.020009658,298.563834,1.210085053
CAMELS-BR_42257000,SimulationRaw,0,,,0.030361702,0.0604132,18.71179469,38.19014325,1.030520829,0.964565874,0.72986371,0.172166998,0.147603171,1.455637747,5.421153792,4.611705709,-0.811590188,4.668137924,0.369158656,0.339986103,1.376125079,0.761212541,1954.818055,39.63016512,1.530449188,0.016549146,0.020350634,37.3799854,1.223428517
CAMELS-BR_42290000,SimulationRaw,0,,,0.031741434,0.046529775,6.332785267,19.59821713,1.591707186,0.832051338,0.708727996,0.074703862,0.15239782,0.799009007,5.165491742,6.51593476,-0.600340174,13.55322945,0.731096074,0.583466508,1.765276953,0.360543847,1819.302841,29.79908601,0.500128958,0.023637431,0.020870973,263.2282539,1.44248712
CAMELS-BR_42395000,SimulationRaw,0,,,0.047564435,0.049896301,10.56385805,26.42744016,1.461158897,0.891799184,0.76979385,0.124032839,0.124480112,1.37594463,5.649267647,1.455430799,4.047820987,8.635260089,0.766952828,0.001451415,1.741599875,0.800016844,1814.199121,6.245558954,1.93724276,0.02590377,0.020458019,251.0624575,1.107743528
CAMELS-BR_42840000,SimulationRaw,0,,,0.022060433,0.055173116,2.01577035,38.87296217,1.994288167,0.992230209,0.891227408,0.064824663,0.097581381,1.463949517,6.001915796,9.922605567,-0.742544122,9.166356954,0.001586271,0.164339056,0.383226681,0.423668805,1872.191912,45.91063316,1.139112017,0.023283691,0.020088603,115.5965657,1.343898999
CAMELS-BR_43300000,SimulationRaw,0,,,0.019370469,0.052910163,25.05299643,26.74044608,1.402789609,0.973047853,0.762728685,0.173652126,0.149264844,0.754799976,6.218887741,8.850366784,1.220739738,15.23145694,0.792064215,0.500044207,1.017126886,0.672564894,1975.813376,8.170241734,1.014996618,0.108357326,0.021857478,231.0259533,1.022456777
CAMELS-BR_43670000,SimulationRaw,0,,,0.02141071,0.063249956,20.50965865,40.03402587,0.731100452,0.256607772,0.878084797,0.118494262,0.154127786,1.474944207,5.955023317,8.724933131,-4.111628007,9.863733521,0.248489285,0.342613748,1.463789307,0.705077073,1940.265597,4.247946806,1.897904424,0.05669853,0.020335963,117.802824,1.043845837
CAMELS-BR_43675000,SimulationRaw,0,,,0.021623575,0.003916001,19.39118837,32.15395425,1.091837726,0.412392795,0.838734115,0.112970839,0.010524842,1.198286238,5.88969594,3.56109956,2.477042651,16.35937741,0.797253633,0.592893112,3.356862138,0.641429961,1961.431375,79.03372303,1.575837816,0.139631787,0.020556308,11.59293309,1.407216142
CAMELS-BR_44670000,SimulationRaw,0,1983,1983,0.031410548,0.04395104,24.46900793,24.70126102,1.020603716,0.917284566,0.754734903,0.173658813,0.084546434,0.740196817,4.267205235,6.541746895,-1.313535604,13.760907,0.013175578,0.593131636,3.727944975,0.395788641,1416.993065,26.74804244,0.974578466,0.313097003,0.021850679,127.2448755,1.443490966
CAMELS-BR_45131000,SimulationRaw,0,,,0.038097538,0.053396483,24.80892727,42.70308144,1.805623278,0.451501863,0.735034615,0.159928838,0.13802958,0.690567194,3.744678269,9.960561896,-3.258012673,15.59483246,0.10425653,0.539589076,1.425667271,0.454531794,1963.323986,56.98543425,1.697856221,0.058542538,0.020233079,282.2641239,1.266812981
CAMELS-BR_45170001,SimulationRaw,0,,,0.04735428,0.067730167,25.39362806,41.15867577,1.993013223,0.207858999,0.736970188,0.156102906,0.153802725,1.139666896,5.963889288,9.534529901,1.595937188,3.215638889,0.664531805,0.403532776,1.706349137,0.415086113,1962.491058,38.97062016,0.422540687,0.111341609,0.020552205,236.9590393,1.455596875
CAMELS-BR_45260000,SimulationRaw,0,,,0.040658289,0.067170876,24.66812197,44.66654713,1.950928587,0.656438565,0.685777721,0.147962191,0.128059354,0.77365089,3.747002541,9.525682863,-0.704235116,2.784671917,0.639540257,0.193305524,1.460737436,0.432414655,1972.655558,29.27069887,0.123885199,0.089542412,0.020749276,230.0042401,1.331276735
CAMELS-BR_45880000,SimulationRaw,0,,,0.036363973,0.058044825,19.19167046,42.82341254,1.896761784,0.490167589,0.7923132,0.133946449,0.115783377,1.278634888,5.730054995,9.38792078,0.974689265,8.026707393,0.009227649,0.083882312,2.920172698,0.502606929,1925.229738,15.1038728,0.263472947,0.231488361,0.024905114,101.0825745,1.059911961
CAMELS-BR_45910001,SimulationRaw,0,,,0.047015983,0.053138486,24.82321473,27.20435341,1.596817028,0.461072783,0.708616816,0.115352323,0.156966509,0.874403011,4.358507813,8.264952172,4.692895272,16.4401326,0.370607781,0.786492712,2.129558305,0.540826976,1999.092597,87.51062778,0.413179157,0.124940362,0.020361619,206.7006645,1.249842012
CAMELS-BR_45960001,SimulationRaw,0,,,0.044438442,0.068871682,25.39320481,38.56273807,0.654899559,0.812005118,0.724610742,0.173396025,0.137047509,0.711942148,4.460603605,9.507460897,2.223847969,12.78263756,0.05437343,0.009982803,1.638799609,0.477170815,1915.84034,90.4435534,1.032418722,0.023207137,0.020293032,56.58024397,1.456422592
CAMELS-BR_46455000,SimulationRaw,0,1992,2010,0.038179325,0.056162896,25.60527639,33.36437819,1.913311124,0.243953584,0.716412913,0.166180528,0.134959577,0.696399374,3.651507374,9.866219607,-1.183224468,6.056593493,0.957397971,0.774593777,2.261411392,0.44041764,1962.912214,0.82891929,1.798471716,0.018143059,0.021014889,79.41674283,1.213196002
CAMELS-BR_46570000,SimulationRaw,0,,,0.039131786,0.050181634,23.54661703,45.64588332,0.910192946,0.401849385,0.851508448,0.17184225,0.129688674,0.689031781,5.886976625,9.024709385,-3.40422763,12.81621133,0.907584621,0.425235491,2.3892364,0.304542496,1995.844283,50.40948909,1.589662213,0.062760498,0.020198693,280.6590662,1.324028351
CAMELS-BR_46770000,SimulationRaw,0,,,0.047973986,0.061675638,24.85974859,32.96218806,1.998046814,0.176715791,0.699104636,0.153086614,0.152422843,1.001707146,5.149934725,9.888093136,-3.372746594,5.210515014,0.617198807,0.329919901,3.153994395,0.417013643,1968.522699,84.04219648,0.401670343,0.219019293,0.02,257.7704974,1.479957299
CAMELS-BR_46830000,SimulationRaw,0,,,0.045924275,0.040131027,24.90631256,23.30263782,0.777077407,0.490045656,0.702791348,0.149273302,0.127485282,0.86616526,3.787968687,8.271524516,-1.369556084,19.81718595,0.551255455,0.465739623,2.326160531,0.391155639,1943.459299,71.49406168,0.507330378,0.099636848,0.021220024,142.3605479,1.052580122
CAMELS-BR_46902000,SimulationRaw,0,1992,2010,0.043504453,0.034225282,24.57517879,41.93531257,1.156003732,0.174245979,0.69516193,0.164148709,0.142953269,0.859666411,4.382645021,4.424747598,3.352102311,6.37252488,0.96269871,0.741607371,1.965910766,0.374457232,1991.826111,53.2045546,1.314464729,0.045781407,0.021312926,50.89811956,1.062019195
CAMELS-BR_50290000,SimulationRaw,0,,,0.041450035,0.009194467,16.60634167,41.28332216,1.469073466,0.373727468,0.838381424,0.075359624,0.08712281,1.387709365,5.838646537,6.690057004,-2.412848859,7.928349511,0.776912393,0.584611785,6.664917426,0.484309852,513.0107032,22.10259165,1.513707776,0.317847766,0.085001048,12.81118443,1.742166858
CAMELS-BR_50660000,SimulationRaw,0,,,0.015264839,0.067487083,20.45747869,40.76785839,1.764438724,0.396698079,0.768210761,0.02498996,0.011363488,1.107960994,4.915423168,6.015081054,-1.526094893,16.45241091,0.033453022,0.294126254,2.413486739,0.310696942,1432.583781,87.34166656,0.7600276,0.429135844,0.030620043,232.1674296,3.074236263
CAMELS-BR_50755000,SimulationRaw,0,,,0.024557608,0.017318095,14.28610807,21.58828363,1.29523615,0.514341407,0.694106548,0.102135277,0.066018059,0.700855939,6.152055331,8.238136936,0.016740793,1.250771504,0.397888793,0.007251367,5.840564681,0.48764827,993.4443581,51.67877868,0.463729111,0.510775833,0.036167891,271.5048956,1.68654058
CAMELS-BR_50785000,SimulationRaw,0,,,0.043512739,0.02057299,11.57695675,43.66096207,1.900606553,0.680208703,0.852458439,0.161104299,0.028407309,1.299287608,4.312905506,8.091908674,-4.605214209,2.725143579,0.336366815,0.671996475,5.851397172,0.396412145,1705.544839,36.05239932,0.387543076,0.347755485,0.056276707,201.2934171,3.126191142
CAMELS-BR_50795000,SimulationRaw,0,,,0.025634224,0.038890271,19.2558016,22.37282275,1.88610772,0.99948656,0.880843752,0.161396491,0.15396062,1.38377928,5.262060641,9.975538296,-2.718881984,17.23122484,0.697057098,0.516548176,5.101894033,0.396570147,1990.257512,11.14578129,0.903594059,0.430062461,0.047775334,71.7646283,4.945745747
CAMELS-BR_51140000,SimulationRaw,0,,,0.04608958,0.03682186,11.7024707,22.40504312,1.211367618,0.39424865,0.867315203,0.027247394,0.085349612,0.976582911,3.503160334,1.762338339,2.354677064,9.106108859,0.51522286,0.172156406,2.270345176,0.532332054,1963.079812,1.455192842,1.071157207,0.153227042,0.022768428,210.7691667,1.304414904
CAMELS-BR_51170000,SimulationRaw,0,,,0.037458522,0.044639925,22.31127466,24.06584216,1.624757799,0.920595829,0.776608833,0.082065292,0.098133257,1.358414282,5.943086843,4.406847657,0.054166409,6.559539876,0.644365274,0.052158971,1.820260105,0.306992089,1991.962201,39.07440424,0.922728335,0.028479977,0.023897469,183.714865,1.01241399
CAMELS-BR_51230000,SimulationRaw,0,,,0.040661894,0.05052973,23.80570478,6.504055631,1.60005201,0.533764038,0.879769232,0.038961073,0.029269503,0.839979014,5.145338369,3.387705327,-0.332303845,7.272262833,0.170860205,0.132305467,6.192968981,0.403040884,801.1651285,27.34831177,0.694556989,0.4989849,0.095057642,122.3032651,2.280983756
CAMELS-BR_51240000,SimulationRaw,0,,,0.044853968,0.068122334,24.67460257,45.70544894,1.825534928,0.143179243,0.86109634,0.100678226,0.070262471,1.471605989,4.581675593,9.385102885,3.421689466,10.83503,0.626209341,0.284140166,2.597003018,0.592092941,1839.269148,63.14489912,0.422145533,0.272018189,0.069526931,157.7752762,2.145507752
CAMELS-BR_51685000,SimulationRaw,0,,,0.02298633,0.068499679,20.00660687,46.17153833,1.534542858,0.742527525,0.88876025,0.063286955,0.097184654,1.08693716,6.133234345,5.168419241,-0.414698172,5.656775956,0.644140639,0.36121246,4.076045643,0.590449394,1947.75488,0.758272402,1.902366095,0.22620391,0.062522088,97.8154424,1.302794196
CAMELS-BR_51750000,SimulationRaw,0,,,0.025761751,0.055647289,11.32216457,24.70183065,1.806275998,0.233570842,0.729543838,0.009691195,0.105821825,0.716577735,5.109986626,9.238875846,-2.379746701,14.31026104,0.309085625,0.782683295,0.971676108,0.386798857,1668.796695,73.43412357,1.322063618,0.307674369,0.038432482,122.5645059,1.572455596
CAMELS-BR_51795000,SimulationRaw,0,,,0.023025389,0.030142685,13.96494774,38.52407778,0.990737218,0.855470332,0.843320606,0.100308347,0.128212578,0.791413229,4.108706666,9.885962234,2.334657481,5.631038772,0.065512589,0.291325585,1.458525631,0.456891246,1093.901801,11.27689751,1.902020697,0.173206,0.085646022,246.2487879,1.011202181
CAMELS-BR_51820000,SimulationRaw,0,,,0.037269669,0.050789189,21.56179726,38.95150188,1.864031775,0.23548211,0.858266794,0.1596182,0.131091099,1.220500793,6.300357236,9.621984155,4.085060275,5.043937357,0.70589036,0.110604709,1.897105094,0.707137544,1756.416751,39.62438856,1.440691307,0.174502175,0.085341186,144.7644431,1.068343013
CAMELS-BR_51840000,SimulationRaw,0,,,0.040884979,0.059630095,21.56129654,31.40020088,1.997454128,0.133277145,0.726522248,0.141862075,0.149318389,1.016491722,3.694034671,4.288976356,0.562698916,19.19521851,0.128391895,0.746619507,2.465762547,0.304670922,1330.037402,34.63902583,1.580369149,0.313467399,0.026783863,156.367338,2.836814238
CAMELS-BR_51870000,SimulationRaw,0,,,0.038700416,0.042679409,24.76264531,23.13840493,1.370489974,0.773024077,0.746217651,0.162327593,0.096940368,0.696890504,4.975925924,8.472896618,-1.328430742,3.359008402,0.557634726,0.444751252,0.596154866,0.318179002,1426.784322,9.073709054,1.958714441,0.234624674,0.039580616,124.8016892,1.04030791
CAMELS-BR_51940000,SimulationRaw,0,,,0.025486993,0.064394108,9.430121918,46.01190322,1.882494497,0.526397499,0.717210269,0.110624866,0.126330169,0.944994191,5.607517472,8.451337837,-2.180437495,0.265244185,0.734509281,0.558798038,0.953725707,0.454587996,1311.172816,77.00559367,0.547647195,0.117927277,0.053977498,162.7435888,1.047037367
CAMELS-BR_52760000,SimulationRaw,0,,,0.034940095,0.03279366,12.17835578,8.038031811,1.068988578,0.848541354,0.721179606,0.027249577,0.086194323,0.975498321,4.813524025,9.792990845,-1.202163244,3.490586907,0.343752167,0.465444062,1.680367958,0.410473805,1570.477839,65.3914073,0.777126773,0.323857566,0.061750279,4.404385357,1.977172684
CAMELS-BR_52790000,SimulationRaw,0,,,0.027671069,0.018530696,12.50916694,26.25445063,1.982203284,0.725941555,0.761343583,0.048017843,0.006147259,1.378714059,5.357679337,9.223048851,1.8441307,16.81880852,0.592290749,0.741869226,3.479103674,0.648960417,1017.805983,0.92906429,1.557543836,0.415273044,0.06463761,206.395318,2.074215982
CAMELS-BR_53091000,SimulationRaw,0,,,0.0107295,0.025525553,18.63913031,29.77175334,1.712150398,0.316965311,0.888189244,0.026697071,0.132140905,0.912171092,4.886635387,9.648209729,0.99624476,0.555033837,0.449062012,0.132586057,6.000679384,0.645431365,775.2873157,5.372871405,1.978198945,0.888091332,0.054917564,191.4550756,1.946002577
CAMELS-BR_53170000,SimulationRaw,0,,,0.040280621,0.023366456,10.16225393,35.87358971,1.408467712,0.593651395,0.734836821,0.009724821,0.126232364,0.703093227,5.327435591,8.895276825,-3.073310337,17.63530693,0.212556113,0.271073317,5.991599204,0.425776099,295.912436,1.674649226,1.44011752,0.765046946,0.020038228,48.25360342,1.325431062
CAMELS-BR_53780000,SimulationRaw,0,,,0.01516512,0.062703744,11.18305743,22.27448404,1.517890621,0.233576993,0.88378478,0.038812791,0.154943959,1.078176216,5.509372303,6.882169042,2.749946419,1.535767887,0.198443648,0.096970573,2.445834754,0.520814292,1959.747586,0.412642767,1.082721382,0.360864766,0.020741805,132.2320209,3.151930141
CAMELS-BR_54010005,SimulationRaw,0,,,0.009485589,0.067239979,23.93344931,34.4226045,1.602016783,0.681515616,0.703290223,0.025386801,0.144556375,1.066988145,6.208530814,8.518952736,-0.569298849,7.602316226,0.217615561,0.607425431,1.677090408,0.968524265,1912.747129,3.190648123,0.622273066,0.206832957,0.021329946,40.18210835,1.171182016
CAMELS-BR_54110002,SimulationRaw,0,,,0.044509862,0.011549414,16.47430204,36.03220106,1.915780088,0.295065143,0.754189412,0.053757339,0.084642335,1.142075212,6.085339273,1.784867802,-1.176957012,8.63437619,0.744085233,0.526755003,1.234746465,0.386128861,1945.523921,82.10580951,1.361813688,0.274228195,0.02313101,244.0550149,1.359216915
CAMELS-BR_54230000,SimulationRaw,0,,,0.00559634,0.048855781,17.4113844,10.94713418,1.26315012,0.759894344,0.865667402,0.056326691,0.156858255,1.200528111,5.600941582,8.916789694,-1.952408252,1.620830755,0.578978652,0.427593517,2.049513667,0.47361671,1999.906268,7.4410394,1.530893589,0.108156114,0.020450665,229.7984011,1.191842004
CAMELS-BR_54260000,SimulationRaw,0,,,0.031311053,0.027466509,16.28988224,17.25176928,1.195365497,0.353122836,0.699657427,0.165693546,0.15739087,1.206151341,5.29522069,8.939706502,1.557807223,11.12128,0.956360348,0.543830485,1.580614294,0.909525286,1869.627734,2.909867364,0.322372023,0.098867335,0.021328891,107.9298249,1.409500865
CAMELS-BR_54390000,SimulationRaw,0,,,0.019443783,0.045991171,18.80998289,31.73083358,0.799031242,0.958564908,0.822311082,0.14828342,0.142382419,1.418752817,6.129510297,3.930238043,-0.859073053,11.55846012,0.055289875,0.12229302,1.869861167,0.74923436,1989.211004,5.158105601,0.410606137,0.117640956,0.021200457,11.19632845,1.295082187
CAMELS-BR_54485000,SimulationRaw,0,,,0.047918114,0.044486572,17.98023229,25.9135176,1.629873368,0.206409561,0.719433811,0.114308572,0.136242287,0.73899761,4.606263098,0.860810664,1.283700836,15.43772573,0.391046337,0.462246789,2.119892516,0.754519067,1987.617178,81.91330888,1.041536636,0.047538724,0.020916545,240.320976,1.006688451
CAMELS-BR_54500000,SimulationRaw,0,,,0.028341694,0.027959597,13.80519786,28.6061097,1.315063392,0.93362726,0.872336287,0.116165341,0.099379022,1.178195743,6.133116347,9.974273206,2.87074096,3.265541934,0.345253871,0.537611616,2.11381576,0.729835989,1984.659381,84.2586018,0.364109708,0.165113723,0.020701232,171.7638788,1.33574859
CAMELS-BR_54590000,SimulationRaw,0,,,0.023251388,0.040915344,17.97746564,39.87692195,0.949307885,0.555211918,0.87239155,0.147930691,0.153776841,0.714655939,3.626064356,6.003014211,3.964291284,13.07737102,0.331303281,0.397150099,1.736931497,0.707320615,1984.383769,6.231804306,0.310140725,0.081912083,0.020307898,45.68383293,1.150295613
CAMELS-BR_54730005,SimulationRaw,0,,,0.039745912,0.057234429,17.02637256,18.65714162,0.528603348,0.384395588,0.680243497,0.157874346,0.104126933,1.19595645,5.093221691,4.887176126,4.143024952,0.362602544,0.188210076,0.038293737,1.180464172,0.553097552,1905.576248,3.914865312,0.05624355,0.108702397,0.020218319,96.33648086,1.410770267
CAMELS-BR_55330000,SimulationRaw,0,,,0.040350149,0.009689188,22.00513104,18.02567282,0.757493136,0.938356694,0.77565564,0.156540092,0.091897136,1.0020854,4.975519564,9.431850284,-0.503264895,4.143905868,0.066417484,0.678467775,1.538678963,0.619403275,1986.703975,3.806089069,0.582588864,0.142857787,0.022270334,220.9559569,1.011445227
CAMELS-BR_55340000,SimulationRaw,0,,,0.042737269,0.039859128,20.00389364,15.34479626,1.456848607,0.706430209,0.84219956,0.171069456,0.120753434,1.391668519,6.48924519,9.226865123,-3.724024642,1.763363596,0.245308655,0.754940525,1.445532997,0.841865138,1860.165491,0.643845419,1.857785948,0.120763401,0.021612636,105.7905015,1.696791447
CAMELS-BR_55360000,SimulationRaw,0,2008,2008,0.010181656,0.027618268,15.99248031,27.99766682,0.688406937,0.658901944,0.710194623,0.085338134,0.063464231,1.424509689,5.401300873,8.232962124,-1.578268365,12.71384505,0.341649509,0.186888331,1.067429727,0.436774165,1746.730287,3.559174451,1.127699784,0.14501354,0.026308638,174.6261533,1.549957482
CAMELS-BR_55370000,SimulationRaw,0,2008,2008,0.042751715,0.01892367,13.59098688,6.674773612,1.39572798,0.441510471,0.726357553,0.08727438,0.010857188,1.1053998,3.79048324,9.713220567,0.803051158,12.66188335,0.349437696,0.441054863,2.295114621,0.586371159,1799.999837,3.531269312,1.109940058,0.285027883,0.022689543,169.5968363,3.898449195
CAMELS-BR_55380000,SimulationRaw,0,2008,2008,0.018584249,0.031714351,21.92932818,37.64147265,0.586689636,0.848333674,0.810625466,0.033353904,0.124534498,0.856331565,6.346822838,9.135598534,2.810713398,6.487618869,0.709229717,0.026867924,1.648411696,0.44327635,1941.164095,67.00744202,0.4746605,0.259240507,0.023878091,70.77185448,3.610060505
CAMELS-BR_55460000,SimulationRaw,0,,,0.040596982,0.042160212,24.49641133,19.7889052,0.869837677,0.210042915,0.727050717,0.146259095,0.143913523,1.065699353,5.001860695,9.33873554,3.292409676,14.67995925,0.212056572,0.697677964,1.221065658,0.638775945,1829.59761,1.562759047,1.921520541,0.183685742,0.021454833,272.5971373,1.875656182
CAMELS-BR_55520001,SimulationRaw,0,,,0.027638778,0.058798508,11.73078853,13.4642376,0.652496848,0.346121564,0.804162578,0.159925523,0.144798126,0.722740696,3.8689847,8.981143618,2.733954032,9.083285454,0.898150841,0.649561407,1.667564406,0.509594397,1993.505738,19.82911647,1.228783825,0.073962841,0.02029606,157.341922,1.225542922
CAMELS-BR_55660000,SimulationRaw,0,,,0.024863245,0.06499855,18.59868027,27.28502407,0.647267829,0.100642781,0.842117352,0.133646149,0.133234241,0.898681906,4.114208618,4.971818286,2.041012048,11.49896976,0.189133894,0.205745551,1.203245185,0.664794162,1985.693229,58.44009518,1.555313719,0.164072969,0.026966163,17.0416277,2.14976395
CAMELS-BR_55699998,SimulationRaw,0,2002,2013,0.01024468,0.043272452,23.46179533,7.802940831,1.881894391,0.36392643,0.777174754,0.172597132,0.14175557,1.259248532,4.37574422,3.45632277,3.265485816,1.953626992,0.094300734,0.485762621,1.305840647,0.43295902,1735.476326,4.547034335,1.506861995,0.159697275,0.020395174,98.55860113,1.52740258
CAMELS-BR_55790000,SimulationRaw,0,,,0.004210489,0.064757032,16.85959824,31.98501462,1.656673999,0.570507841,0.809264047,0.095669344,0.088594721,0.687561524,5.638100897,3.855141552,3.985695213,8.63546017,0.653707947,0.740661515,5.248728685,0.548176456,1975.805238,4.32981746,0.658478273,0.122397998,0.023901858,38.73715568,1.963732927
CAMELS-BR_55920000,SimulationRaw,0,,,0.027057796,0.013429495,12.39498519,44.93580006,1.8198211,0.509158777,0.69401531,0.119275111,0.141429517,0.70747311,4.736510345,4.73216418,-4.332990766,16.05462189,0.143784055,0.429000627,1.947364862,0.628729713,1783.142744,3.401640024,1.359340845,0.262248265,0.021282905,169.4565892,1.070616857
CAMELS-BR_55960000,SimulationRaw,0,,,0.046187625,0.05268347,16.43518335,40.43616356,1.477260501,0.314384704,0.714338131,0.1567296,0.082347123,0.840231792,4.542190913,7.920565892,-1.11347374,11.7513429,0.48052024,0.725623365,1.258553768,0.621596328,1967.692509,6.925853276,1.938888712,0.108393273,0.02156863,295.6285102,1.487626532
CAMELS-BR_56028000,SimulationRaw,0,,,0.037292288,0.01818361,8.745801485,41.67070165,0.819820248,0.94627691,0.7820112,0.141639082,0.137865596,1.239613409,4.668747787,9.818542996,-1.991574386,13.33151187,0.923726672,0.478002753,1.102773187,0.362718508,1954.746755,6.270786128,1.827887346,0.054252401,0.021955282,120.5572653,1.459068949
CAMELS-BR_56055000,SimulationRaw,0,,,0.017089193,0.020602485,17.54246175,33.32063288,1.326572227,0.131876907,0.831040835,0.095986516,0.117458281,1.282877515,5.224779003,5.567604366,-3.021460335,3.951879115,0.108646565,0.074260775,0.899949168,0.815600842,1896.086453,13.08960084,0.520879701,0.089653845,0.022242827,222.2642132,1.324169247
CAMELS-BR_56065000,SimulationRaw,0,,,0.025954427,0.046626252,8.414957217,26.58559665,1.114926862,0.983701348,0.694080864,0.170245285,0.146728709,0.658726931,3.966844343,8.287068486,3.555666415,4.887114855,0.905725596,0.619288679,0.872837529,0.55533896,1911.013998,67.59395511,0.427543776,0.05963875,0.02018318,39.07397321,1.119171464
CAMELS-BR_56075000,SimulationRaw,0,,,0.025594569,0.006634791,20.58671921,21.53222212,0.801648939,0.987646961,0.884936192,0.106052232,0.145381106,1.488612505,5.065701494,9.051614613,-4.03122191,9.920284866,0.612247526,0.002567847,1.282950318,0.413121545,1976.431827,14.191644,0.145071954,0.050290181,0.02146555,27.97558872,1.290388448
CAMELS-BR_56085000,SimulationRaw,0,,,0.016462841,0.056401618,24.19575648,18.15453278,1.071778265,0.661438658,0.879562399,0.016363325,0.065839535,1.458997247,5.767109776,0.791680499,-3.73708042,15.78596106,0.167107277,0.3116293,1.121257526,0.491504104,1900.996603,8.683272548,1.741886795,0.208712806,0.03563302,147.3023884,1.384772028
CAMELS-BR_56090000,SimulationRaw,0,,,0.042542093,0.055675899,23.53440904,38.54349999,1.210215123,0.92225242,0.738169703,0.138519722,0.139371425,0.775943541,3.59945467,8.23624585,1.89337774,15.17655654,0.587221643,0.64964479,0.951741198,0.769970117,1947.557796,78.67540529,1.909286725,0.052565619,0.02,132.8403212,1.112389246
CAMELS-BR_56110005,SimulationRaw,0,1958,1958,0.02067293,0.053944119,12.65982437,44.24825229,0.520832159,0.774131696,0.770619561,0.163575283,0.154758034,1.129573261,3.706995135,9.091369627,1.280937265,15.8833998,0.289359436,0.316940008,1.107418928,0.493189605,1914.123379,53.75320035,0.297564543,0.055189737,0.022686495,261.5652566,1.016193132
CAMELS-BR_56335001,SimulationRaw,0,2003,2003,0.03112408,0.030133688,14.0973724,29.74358246,1.112848583,0.7264055,0.684026382,0.129295919,0.139167634,1.316289514,5.260370011,9.621999211,0.760191407,15.74870044,0.954678951,0.238160491,0.89919009,0.961837038,1998.868241,19.30157931,0.661467789,0.060039214,0.022220047,26.58068613,1.41521725
CAMELS-BR_56415000,SimulationRaw,0,,,0.020970398,0.056466645,23.94577293,35.58675562,1.764834025,0.769387278,0.714694734,0.151598318,0.15378992,0.89449605,4.992674741,6.131519997,3.747007807,6.824905206,0.698723991,0.059176249,1.349615811,0.979949186,1955.81278,5.350746883,0.198151369,0.092335945,0.020684517,231.8866468,1.086802955
CAMELS-BR_56425000,SimulationRaw,0,1958,2004,0.025360987,0.047462796,17.550501,12.35639663,1.399722881,0.858925162,0.685224073,0.173948214,0.117340404,0.867223821,5.314905045,9.710686753,-1.347502402,18.16785553,0.98278127,0.502336858,0.974944216,0.560714198,1964.775058,95.31790437,0.372825939,0.109114761,0.020545453,49.87285803,1.368778941
CAMELS-BR_56484998,SimulationRaw,0,1998,2003,0.027792148,0.015734091,21.85826238,35.20414533,1.70139758,0.72906997,0.716554977,0.064915778,0.155932595,0.934369686,5.961121841,3.261857345,1.631421371,13.64767897,0.446503192,0.294378807,0.909573455,0.626862942,1889.460872,7.271660636,0.326238027,0.041475087,0.020046839,54.17594635,1.058816829
CAMELS-BR_56510000,SimulationRaw,0,1998,2003,0.042710416,0.020685185,19.63423711,36.60668489,1.917334096,0.760608588,0.715955006,0.153043279,0.119271333,0.671137376,5.9604954,0.649036586,-2.593143158,16.15320609,0.551998709,0.422653658,1.193796683,0.683214416,1988.55273,6.168787126,0.2127708,0.116395678,0.020917515,164.2952983,1.200184732
CAMELS-BR_56539000,SimulationRaw,0,1958,2004,0.032829761,0.034283665,11.98259142,43.88064665,1.085219091,0.727747999,0.728142217,0.150352687,0.14284179,0.785758028,4.413627399,9.934689039,4.534936721,11.66814413,0.317567504,0.51912794,1.352681237,0.614091924,1989.738811,54.28944412,0.475447766,0.079082126,0.020507547,275.8315784,1.463853309
CAMELS-BR_56570000,SimulationRaw,0,,,0.030034213,0.057642215,21.50259588,36.356341,0.502171426,0.939734346,0.68622924,0.159966659,0.131323774,0.889414854,4.844352539,9.706514645,0.614440549,11.13791661,0.248608239,0.41545962,1.142621699,0.552963701,1925.608257,16.05446858,1.688642169,0.093062873,0.020824312,92.30760313,1.329651278
CAMELS-BR_56640000,SimulationRaw,0,,,0.026879358,0.003846134,8.603907494,37.89389507,0.988708024,0.535702031,0.866781218,0.063566674,0.157857439,1.464348491,4.941942649,2.147836812,1.612223199,16.77945811,0.296880914,0.30581751,0.497543298,0.522266605,1886.922664,11.02498461,1.598850634,0.062580995,0.021181657,106.7403246,1.010866939
CAMELS-BR_56696000,SimulationRaw,0,1951,2010,0.013822649,0.040337305,6.173407937,34.29381563,1.145869458,0.423507599,0.695727471,0.117924061,0.125900914,1.258101114,6.02631937,6.245327525,3.066680415,9.194441913,0.079505044,0.387966819,1.21722636,0.489421429,1944.015116,12.19772435,0.121764638,0.095412275,0.020022378,32.34102239,1.032485347
CAMELS-BR_56719998,SimulationRaw,0,1951,2010,0.043926139,0.038396513,14.62827298,21.43815694,0.89100507,0.834482672,0.761225799,0.133712116,0.148272228,1.090909846,4.218337158,9.248194002,2.173414732,4.548907686,0.785471512,0.601382789,1.088545143,0.608371271,1984.749059,5.322815224,1.623535183,0.085387065,0.021532547,278.1821145,1.471220388
CAMELS-BR_56750000,SimulationRaw,0,,,0.002787496,0.061149544,23.82561453,28.1942969,1.992590345,0.48340411,0.699508912,0.039711659,0.103730913,0.668931267,6.331349274,5.477635801,-2.496512035,19.50201242,0.215594228,0.67459774,1.260901605,0.891779922,1278.892383,27.51304383,1.60305548,0.201730966,0.020113488,33.98290655,1.140012013
CAMELS-BR_56775000,SimulationRaw,0,,,0.006632612,0.017143508,11.87824495,36.44655149,1.222388417,0.6261914,0.838286975,0.161162832,0.10492887,1.384848224,6.382778576,6.459758331,3.802098899,13.53052868,0.796038983,0.102448536,1.085580811,0.423342383,1383.115816,2.829195669,0.511567501,0.026130038,0.02077482,30.4795527,1.364340292
CAMELS-BR_56787000,SimulationRaw,0,,,0.007086803,0.034547808,21.99374028,24.7471269,1.142359709,0.469546181,0.747973472,0.112705267,0.026699464,0.933962618,5.430280191,0.265025291,1.698957179,9.247388044,0.489089835,0.520611976,0.502275148,0.424898881,1986.293023,8.446437488,0.262904154,0.060723642,0.021614882,18.5923842,1.100186299
CAMELS-BR_56800000,SimulationRaw,0,,,0.03081675,0.058719765,18.20263788,28.92347276,0.5793159,0.333488652,0.742931388,0.146762917,0.12404068,1.40936349,6.142913672,9.461647043,2.977706443,3.820724388,0.866614007,0.333907468,1.314280046,0.738157338,1834.2943,7.716433004,0.366258012,0.084796646,0.020134853,176.0625598,1.070686422
CAMELS-BR_56825000,SimulationRaw,0,1956,2010,0.047534467,0.026538641,15.1180114,32.46760284,1.507966174,0.753046963,0.704935701,0.14035124,0.145382309,0.858283458,4.069390471,7.297889133,-4.152440005,14.78940619,0.493535211,0.000285751,1.353362237,0.766029753,1987.35082,4.470914212,1.17154144,0.116809684,0.021694243,246.4028273,1.139235258
CAMELS-BR_56845000,SimulationRaw,0,,,0.047091684,0.042823664,16.15287365,29.81012802,1.875832634,0.573298005,0.841261716,0.014060838,0.052494625,1.321304005,4.483919786,6.400746004,3.609434965,0.09707226,0.390650371,0.079691302,0.819013653,0.356782807,1975.772377,73.7749629,0.121519048,0.131732123,0.023214312,49.42690997,1.015720708
CAMELS-BR_56846000,SimulationRaw,0,2011,2011,0.02927927,0.045926808,22.46978084,33.86794964,0.859497922,0.615792548,0.698959445,0.172364751,0.149956832,0.824100696,4.729530211,9.498659914,-0.217832691,13.22374154,0.402435564,0.607883339,1.444313962,0.702996265,1959.53473,79.96889454,1.113994159,0.044474495,0.020534194,253.4480049,1.217667096
CAMELS-BR_56850000,SimulationRaw,0,1951,2011,0.015833667,0.040735088,12.24321001,31.93135158,0.742638276,0.416455614,0.681224202,0.162945428,0.137390634,1.151505065,6.256125352,9.772855294,1.509546114,15.8906318,0.540829703,0.421458669,1.280827891,0.491083685,1972.878834,88.94576343,0.858474661,0.079335728,0.021983548,74.41171055,1.439537109
CAMELS-BR_56860000,SimulationRaw,0,,,0.01786202,0.055430885,22.59612679,15.51975316,0.638892031,0.177279909,0.739306733,0.142309039,0.137371022,0.717102189,5.659583981,9.845302591,2.428049944,8.528023491,0.537939407,0.563265336,1.009758901,0.49738338,1961.418351,12.6552013,1.961586147,0.069288413,0.020309593,81.27779536,1.161556616
CAMELS-BR_56870000,SimulationRaw,0,,,0.021527634,0.061388066,23.1383074,39.62330587,0.835669645,0.981202796,0.683822249,0.094153825,0.143542756,1.271852891,5.287975155,9.673522006,-0.037298128,8.271757908,0.533685154,0.11528736,0.806635574,0.557171762,1992.241181,71.84935024,0.107095241,0.057202015,0.02044133,200.6698637,1.025768908
CAMELS-BR_56891900,SimulationRaw,0,,,0.02418921,0.042269828,25.23512997,31.07048093,0.591214525,0.908932326,0.843589341,0.135488274,0.144712338,0.800669178,4.031261844,9.128074296,1.393413277,12.11281324,0.065753561,0.427076051,1.416784871,0.566850671,1964.792,0.118597325,0.221250122,0.016901956,0.03373242,280.0575503,1.238266498
CAMELS-BR_56920000,SimulationRaw,0,1951,2011,0.011156666,0.029649361,22.43122888,35.32853944,0.675359019,0.53694869,0.807326044,0.172816515,0.143342524,1.075055241,6.166942896,9.246720976,-1.060632374,16.84255384,0.063296294,0.175488175,1.559372808,0.621488492,1908.670078,5.465575953,1.159434998,0.069155705,0.020175237,177.9011079,1.481920871
CAMELS-BR_56940002,SimulationRaw,0,2014,2014,0.032706601,0.024023734,14.84483541,13.85386634,0.530059208,0.444446209,0.724497146,0.108975738,0.105412312,1.141278496,5.17963875,1.657250888,2.720675005,3.344328262,0.121202127,0.095275017,1.071434911,0.354218755,1934.902208,4.52210634,0.534883791,0.118076743,0.023247288,73.53230266,1.170809392
CAMELS-BR_56960005,SimulationRaw,0,,,0.023481109,0.062295871,21.84695922,24.0994942,1.472790828,0.530659825,0.792311796,0.146868223,0.08250747,0.950134336,5.8615251,3.729993635,4.173114979,7.074526172,0.302478609,0.486321233,0.765333587,0.642402604,1681.384928,3.876020013,0.135440605,0.018418582,0.021097557,46.23720878,1.311724191
CAMELS-BR_56976000,SimulationRaw,0,,,0.042789418,0.019854923,21.61907304,37.60794156,0.91334144,0.833297511,0.852363629,0.05173464,0.15577695,0.929469217,5.477010798,9.365180747,4.200216118,5.833445415,0.651464679,0.095570961,0.820286555,0.806809704,1834.4973,8.180406,0.611719163,0.066434338,0.02407621,234.0609817,1.45762388
CAMELS-BR_56978000,SimulationRaw,0,,,0.005733269,0.010793764,24.37906723,41.5742164,1.704998585,0.452939766,0.794396821,0.167279037,0.152550439,0.696849311,6.094636342,9.674566688,2.345205615,6.623267383,0.471402881,0.007110065,0.918654177,0.681299572,1847.132676,7.604933282,0.28546093,0.071012666,0.020311055,99.24615603,1.312341052
CAMELS-BR_56983000,SimulationRaw,0,,,0.020862935,0.045001789,11.43215332,38.67115873,1.953678443,0.531892524,0.736020847,0.00358514,0.143211512,1.145414352,4.477249557,6.005025053,-3.77823352,11.21187091,0.81422166,0.117098382,0.556456794,0.736059431,1953.269367,15.87686914,1.422294299,0.042131735,0.020244723,139.3896569,1.055683588
CAMELS-BR_56989001,SimulationRaw,0,,,0.028676519,0.030147484,13.45049052,43.55921472,0.796880992,0.568294686,0.81842878,0.130979453,0.136988404,1.209650662,4.892118511,9.766583539,4.890929174,6.61429793,0.560901554,0.703497779,0.978618176,0.583689304,1951.083016,4.044045911,1.058603334,0.064202533,0.020194721,68.13277823,1.059377
CAMELS-BR_56990990,SimulationRaw,0,,,0.028158004,0.008922915,24.29574251,39.04080883,1.042462125,0.655640347,0.680899956,0.156815607,0.123814749,1.368795928,5.159204745,7.291716678,1.340847244,8.459491648,0.811694174,0.365654374,0.838427438,0.909046604,1870.680575,24.40539467,1.065594214,0.037267925,0.021624854,23.0266263,1.002110318
CAMELS-BR_56991500,SimulationRaw,0,,,0.019057595,0.017148238,24.92679328,25.65706756,1.561562618,0.41206522,0.816108385,0.042213387,0.149295501,1.107264507,5.748838409,0.935899887,-1.95974041,2.540103511,0.016367031,0.056314134,0.990020733,0.710228892,1992.695519,81.87997238,0.577116216,0.045313165,0.020190076,19.10174663,1.168102199
CAMELS-BR_56992000,SimulationRaw,0,,,0.037883086,0.03435644,11.21924666,33.90907923,0.707349043,0.492032383,0.730919704,0.169754066,0.13864793,1.413326459,4.724425258,1.134262407,-2.08615498,14.42761078,0.04370516,0.492883563,0.990531792,0.410046009,1996.726397,6.037135197,0.53720992,0.113574425,0.020467385,16.37788614,1.317432323
CAMELS-BR_56993551,SimulationRaw,0,,,0.041235898,0.015574848,21.56781255,30.9720057,1.93057203,0.344762682,0.707001249,0.110940498,0.113001846,0.924619811,4.852834316,4.755994713,1.172385644,2.426418691,0.17374291,0.142888083,1.867560998,0.939299385,1853.305082,5.381531833,1.211936942,0.215809658,0.020687489,17.25967533,1.068877848
CAMELS-BR_56994500,SimulationRaw,0,1951,2014,0.039901327,0.050987368,11.08887441,37.00485664,0.821826388,0.838472316,0.713190968,0.04484966,0.154958619,0.880166253,6.040569723,2.069979932,-4.130003475,0.340709993,0.769478771,0.64351319,1.58253862,0.612234365,1986.884959,4.193718142,1.611690137,0.079118794,0.021142232,276.0407003,1.090590314
CAMELS-BR_56995500,SimulationRaw,0,,,0.022355324,0.066547457,17.16332806,35.43425809,1.63605675,0.535734759,0.794967144,0.172186321,0.150760224,1.366096828,4.43023227,8.49433105,-2.934236377,7.008122483,0.369172231,0.225717986,0.794655582,0.328484011,1853.780551,3.226241363,1.874903062,0.345641925,0.020285647,156.2654963,1.854050296
CAMELS-BR_57130000,SimulationRaw,0,1965,1965,0.007255423,0.047693914,22.611664,16.67001636,1.766038891,0.766878567,0.798624704,0.07380168,0.10179798,1.240271825,3.930510695,6.679910629,2.081594567,16.62919211,0.515439825,0.17512362,2.025770393,0.706752205,1684.518879,18.49922041,1.360248228,0.233683074,0.020284345,262.8403888,1.208254007
CAMELS-BR_57170000,SimulationRaw,0,,,0.032811838,0.04087565,12.21397396,45.01600106,1.832964112,0.571640832,0.779613142,0.167550352,0.122717918,0.6967369,3.563427391,8.142652755,-3.190748342,3.199573613,0.265761044,0.215603683,1.216736049,0.816235992,1940.73669,5.787226483,0.815886016,0.068899842,0.020005689,289.6330002,1.320314285
CAMELS-BR_57250000,SimulationRaw,0,,,0.005717061,0.021254348,13.42264411,19.49904124,1.628885281,0.406632677,0.891316421,0.114698699,0.13624266,0.852738686,6.426667475,6.509712196,-0.151081526,11.15065002,0.896776379,0.556615516,0.463693953,0.846525801,1208.697946,14.07292964,1.673306789,0.102203474,0.020617753,209.4192317,1.163634161
CAMELS-BR_57300000,SimulationRaw,0,,,0.00315786,0.062548814,25.02225088,25.55007338,1.847979525,0.692142679,0.724367122,0.12292679,0.113705191,1.14729221,4.393075507,9.69239265,-0.343176791,3.546790927,0.897409166,0.643540359,0.818230723,0.632069786,911.8635402,7.436096369,0.121981539,0.323438878,0.021492916,175.8817191,1.648553295
CAMELS-BR_57320000,SimulationRaw,0,,,0.028516639,0.031993921,9.338842104,1.71637431,0.945420828,0.815590884,0.790106443,0.095243045,0.016107243,1.141743087,4.438809072,5.190127217,-0.769823096,1.801364992,0.768215001,0.382633165,3.003125506,0.407947898,1401.230888,11.95941659,1.49054886,0.324952501,0.022682466,37.32794075,1.87655151
CAMELS-BR_57350000,SimulationRaw,0,,,0.044322845,0.027361297,8.641590296,6.496881277,0.764870303,0.831795585,0.813115612,0.173586191,0.056591484,1.433368097,6.477003292,4.724989928,-3.554228109,12.20624754,0.932544126,0.317090678,1.279758235,0.660022176,1786.967961,40.1316016,0.571898278,0.126542716,0.021328463,8.951537409,1.802781974
CAMELS-BR_57360000,SimulationRaw,0,,,0.012501808,0.050278676,21.74259472,43.08994805,1.865691446,0.990097997,0.698780849,0.13846057,0.098731225,1.279146681,3.738942146,8.704339113,-0.778873826,19.41890627,0.388061132,0.084957954,0.642699879,0.927152444,1942.794005,25.36285115,0.565182477,0.086854462,0.020963304,39.10285798,1.032730021
CAMELS-BR_57370000,SimulationRaw,0,,,0.031736478,0.014505501,9.216097094,19.62928254,0.699352754,0.971500583,0.860201713,0.042797254,0.094288022,1.256132515,4.148748399,9.297360884,4.082070198,13.5369907,0.266229452,0.017219426,1.140515996,0.374397607,1789.593494,55.74349824,0.939863576,0.096327738,0.021313832,32.7996024,1.220653325
CAMELS-BR_57400000,SimulationRaw,0,1997,1997,0.005913757,0.014324915,14.38519186,9.567968541,1.681967647,0.938490347,0.691390984,0.129767565,0.090581796,1.385969157,4.841273359,1.468812887,-1.989746656,5.583610249,0.200144641,0.163900176,1.179766534,0.582052299,1993.761172,10.53691894,0.124798597,0.108971408,0.020034277,255.408317,1.483016996
CAMELS-BR_57450000,SimulationRaw,0,1997,2009,0.006954175,0.050700317,21.96789647,42.9303694,0.743367534,0.523955176,0.721083311,0.001834405,0.11212012,1.009515772,4.862781291,0.819240334,-1.998009321,12.8723213,0.37131932,0.377944155,0.959654818,0.827687095,1655.60846,3.724602604,0.321153035,0.057566566,0.021023233,11.11834838,1.140416249
CAMELS-BR_57476500,SimulationRaw,0,,,0.045716582,0.015963057,23.6299357,13.77553731,1.256746691,0.800216215,0.793522638,0.083295068,0.013606191,1.284249417,3.644142738,3.34612861,-2.415840858,0.188839808,0.680544245,0.21681917,0.682105115,0.822436404,1070.176893,3.351164089,0.407641069,0.093737256,0.020218699,9.253488009,1.41903221
CAMELS-BR_57490000,SimulationRaw,0,,,0.018817073,0.005833031,24.53171978,14.60101716,0.746642509,0.90974753,0.89414894,0.095854466,0.013704029,1.29876766,5.781077778,4.032284693,1.093528989,2.773682166,0.428566939,0.343081191,1.215015081,0.619026256,1303.769417,8.216590342,0.226598898,0.162039266,0.020837001,5.331839108,1.295029801
CAMELS-BR_57550000,SimulationRaw,0,,,0.003857313,0.005744804,22.93018522,27.60803148,1.837248149,0.187693967,0.866345157,0.087448463,0.093940797,1.085227238,5.431575454,6.016090171,3.0626068,8.606830808,0.90172771,0.535106623,1.507305592,0.792664579,1695.796379,6.651786946,0.826304255,0.237829091,0.020708416,167.9978689,1.402879737
CAMELS-BR_57580000,SimulationRaw,0,1997,2009,0.020800406,0.067669683,10.90720281,34.88857049,1.96801463,0.402472182,0.706280293,0.139278265,0.117342387,0.962754507,5.332267309,7.163817668,-1.737939616,3.261790883,0.15459431,0.102590759,1.124354842,0.651988644,1894.920237,99.92886615,0.52415296,0.087879481,0.023295305,4.834758541,2.277048392
CAMELS-BR_57700000,SimulationRaw,0,,,0.024241449,0.041617346,21.62010715,37.25008527,0.951279324,0.558032952,0.780469823,0.145599854,0.152626992,1.303647636,5.542370848,1.835106748,-4.87096014,2.665563631,0.559974944,0.406216777,0.611013299,0.711296051,1991.601406,89.40339173,0.990514968,0.054360565,0.021327433,50.42747373,1.317853938
CAMELS-BR_57720000,SimulationRaw,0,,,0.016497582,0.056518545,18.82400826,44.6657816,1.937487982,0.181665833,0.863484614,0.095225735,0.156382302,1.213390452,4.328820093,0.365670759,3.177301912,12.79897021,0.374743858,0.046894097,0.248605374,0.723137081,1793.237898,11.34339807,0.757762303,0.157171473,0.020346415,34.82821242,1.247081635
CAMELS-BR_57830000,SimulationRaw,0,2000,2009,0.00831991,0.058603945,24.45952612,20.58249848,1.732016016,0.88546642,0.744421196,0.085057597,0.124964516,1.042175597,4.006603181,8.032124886,-1.657741931,13.62250275,0.896265319,0.158214036,0.909198247,0.779285268,1993.355041,6.597655605,1.798051205,0.122666583,0.021866431,257.8361358,1.230265495
CAMELS-BR_57880000,SimulationRaw,0,,,0.00519846,0.040433998,17.38171367,31.71929546,1.822276848,0.657153423,0.890760975,0.081807037,0.058622477,0.835510077,5.235332167,8.313525991,3.027165436,1.41138962,0.748300246,0.031661029,0.916650685,0.935748566,1772.549646,6.025819561,1.679216394,0.125736781,0.020247314,293.9689813,1.026204218
CAMELS-BR_57930000,SimulationRaw,0,2000,2009,0.011080598,0.045501658,11.27471063,41.85101217,1.905356122,0.93105236,0.693724509,0.025990695,0.139498258,0.870048243,5.308560241,9.213325222,-0.108992096,11.86325236,0.853113196,0.443930859,1.389869585,0.624971248,1862.441143,4.937231266,1.476137396,0.118702736,0.020341647,155.3696663,1.270266178
CAMELS-BR_58040000,SimulationRaw,0,,,0.02688813,0.061727369,17.44827604,16.24191956,1.974176469,0.521736302,0.782035067,0.085975836,0.112350492,1.173455694,5.029133454,0.539211897,4.282412516,13.48926798,0.93929201,0.185991884,0.930098647,0.49662803,1881.5899,3.584052349,1.545542154,0.083013632,0.020685232,125.6762816,1.260635739
CAMELS-BR_58420000,SimulationRaw,0,,,0.01050903,0.012597,13.37684417,13.64232588,1.651044024,0.998448043,0.692723857,0.069165321,0.133962791,0.769284247,4.043748481,3.510333082,-0.022619723,18.51056129,0.718059509,0.255997464,0.686959125,0.376213198,1715.788142,30.24999763,0.844960707,0.124840345,0.020478053,18.98964336,1.096552392
CAMELS-BR_58425000,SimulationRaw,0,,,0.011600279,0.014736201,19.5052274,34.61832614,1.540357268,0.746449684,0.71241068,0.154714294,0.051014391,1.213701317,4.647282924,1.791777751,0.219987046,3.898901636,0.404998142,0.40817833,0.87533778,0.673294032,1944.039537,13.51204672,0.292772612,0.110054979,0.021651811,100.219702,1.119246764
CAMELS-BR_58516500,SimulationRaw,0,2006,2006,0.038715693,0.016026754,8.724132627,5.612664874,1.905445171,0.979921313,0.774459885,0.045389214,0.122712388,1.300578353,5.576033179,7.295871481,4.408749223,8.586563361,0.529378457,0.050083704,1.199413953,0.454987716,1958.755783,5.716670014,0.346964555,0.05801908,0.020392966,150.4282879,1.287817467
CAMELS-BR_58520000,SimulationRaw,0,2005,2006,0.031290726,0.030746873,22.87335814,38.78249345,1.706544577,0.792170149,0.776257688,0.126591958,0.149093498,1.45159117,4.786693613,6.152762717,3.278167571,17.71830701,0.96046503,0.552135065,0.943973508,0.931660308,1923.956877,8.755320691,0.891628047,0.081856056,0.020587478,64.40621387,1.064727533
CAMELS-BR_58573000,SimulationRaw,0,,,0.003206027,0.025706394,17.58042566,36.44401111,1.342274851,0.285863583,0.684440429,0.021012081,0.145796312,1.417970568,6.145708449,9.599914791,-0.953784316,9.147119284,0.156824333,0.756141112,0.770026196,0.619850733,1859.425019,38.60254415,0.079323519,0.050299873,0.020302678,29.33773895,1.086025524
CAMELS-BR_58610000,SimulationRaw,0,,,0.029265811,0.065029415,20.38759612,30.84709175,1.259601529,0.899708213,0.737831402,0.08239062,0.138295715,0.944580928,5.004324045,0.735347952,-4.883028778,15.43014962,0.570426183,0.66271366,0.990404402,0.677273901,1996.776448,9.675350454,1.83998852,0.093078193,0.021165364,64.59973634,1.397518413
CAMELS-BR_58645000,SimulationRaw,0,,,0.041073964,0.040624506,24.5610192,30.40610671,1.214646639,0.81490562,0.843422265,0.06452618,0.088404912,0.909393339,5.891045101,8.69530054,-4.012610464,12.94420684,0.470351299,0.105559178,0.33701505,0.848875184,1977.768869,21.17426031,0.281507008,0.040476346,0.020538165,27.3894441,1.357827335
CAMELS-BR_58658000,SimulationRaw,0,,,0.021786322,0.027156784,24.39749791,36.91415804,1.877371316,0.818159492,0.835649002,0.11036139,0.157134851,1.202022428,4.969379154,7.367194969,3.46342265,8.994028329,0.582896252,0.010266315,0.453296816,0.862237198,1934.662407,5.227197186,0.944104156,0.043291857,0.021692763,26.95158627,1.159901168
CAMELS-BR_58670002,SimulationRaw,0,,,0.019627437,0.055421604,25.15911938,31.88103033,1.990717423,0.761253599,0.737016451,0.051114036,0.040737355,0.697323216,5.87769185,1.887915429,4.241265708,2.3384401,0.210142801,0.046351664,0.742683303,0.521441595,1925.863565,5.796086983,0.62666432,0.036819353,0.020868303,18.34673169,1.278349235
CAMELS-BR_58710000,SimulationRaw,0,,,0.023477765,0.038610396,22.21923501,29.23368048,1.965612383,0.715515221,0.832087003,0.096526797,0.139072154,1.218753092,4.501899433,9.322361869,-1.78003552,5.401587894,0.343897936,0.010082932,0.645266978,0.660334566,1784.231137,14.36904487,0.682663289,0.257397138,0.020336791,194.9455034,1.195008728
CAMELS-BR_58730001,SimulationRaw,0,,,0.017845274,0.065126303,7.278924445,40.14879714,1.197152985,0.917644352,0.886705192,0.102225755,0.081191855,1.370952972,4.225714363,1.778334022,-4.517556707,18.58008211,0.698013407,0.127373681,1.090432106,0.497256075,1961.42641,12.90214943,1.007324751,0.109313644,0.02014641,167.2355157,1.348457288
CAMELS-BR_58735000,SimulationRaw,0,2003,2012,0.007638322,0.031104898,15.01188578,13.0627722,1.791772401,0.5507176,0.694574997,0.131945208,0.123273815,1.422614934,4.096222134,6.791352467,-3.432576883,10.15075955,0.737671627,0.004825487,0.9839325,0.436897296,1864.831393,72.89462477,0.856412354,0.119775675,0.021710166,252.7478147,1.044369925
CAMELS-BR_58770000,SimulationRaw,0,1956,2012,0.023103435,0.051826486,12.42856258,32.06938401,1.816462616,0.807503791,0.72275523,0.018187495,0.117758431,1.422435598,5.409838827,7.100344578,3.580008206,5.865755999,0.339377231,0.279850551,1.356047933,0.646041907,1922.515682,4.898506221,0.150784012,0.110756867,0.022709351,40.90250264,1.243153349
CAMELS-BR_58825000,SimulationRaw,0,,,0.002556323,0.063903051,10.84061726,43.92372024,0.750589442,0.286113982,0.822773998,0.171338244,0.026116726,0.714291242,6.440439577,7.700404274,-1.418318579,1.40167858,0.541488022,0.015791215,0.835978839,0.991409366,1670.326045,17.17825611,0.603750739,0.119681537,0.020555689,29.6188226,1.059248563
CAMELS-BR_58846000,SimulationRaw,0,2008,2008,0.018280918,0.044872189,5.139041052,44.67045499,1.264236329,0.126931521,0.896618079,0.001560144,0.112110514,1.016525553,4.645709176,0.648772826,-4.163324179,17.29334985,0.215483445,0.572193619,1.108524508,0.740644318,1990.424615,23.50770377,1.029347172,0.077059599,0.02017293,24.61664866,1.118516994
CAMELS-BR_58850000,SimulationRaw,0,2008,2011,0.020058655,0.008367892,16.08385922,41.87706828,0.51683536,0.821802235,0.872735642,0.004602137,0.100858595,0.915277099,4.597451585,1.815084332,-3.655062759,17.75888692,0.022667246,0.358719608,1.006803075,0.435761654,1992.793406,4.597420419,0.873581658,0.079114907,0.020226828,253.1248881,1.298922741
CAMELS-BR_58870000,SimulationRaw,0,2011,2011,0.037696706,0.065129048,25.33512877,36.67441585,1.604929528,0.738947501,0.812242728,0.111175483,0.114040886,1.463676595,4.995150159,1.317323702,2.655006547,3.132618112,0.415804399,0.270301616,1.490561637,0.750284869,1911.990372,56.52061073,1.421252042,0.067026909,0.020154001,139.0522429,1.075158655
CAMELS-BR_58916000,SimulationRaw,0,,,0.004234104,0.003191444,13.05116249,36.96540192,1.738093343,0.866457527,0.733717882,0.05784131,0.13136004,1.389026234,5.710285198,5.033414983,2.427415333,9.940870554,0.618329096,0.240664468,0.218850183,0.347733904,1373.893261,9.816974306,0.168095152,0.060774875,0.020037768,74.59085421,1.028803895
CAMELS-BR_58917000,SimulationRaw,0,,,0.00529818,0.008261889,15.09224354,25.43681473,1.980972485,0.474549077,0.730896892,0.000299183,0.141377527,1.489101897,3.823280419,0.467839276,-1.45810909,13.60046846,0.87765756,0.454507961,0.403180415,0.554135052,1869.530005,10.05557343,0.237791932,0.038870246,0.0200232,26.21592024,1.360528495
CAMELS-BR_58920000,SimulationRaw,0,1983,2003,0.013755785,0.063503615,13.84116409,43.02855911,1.408140014,0.580372014,0.752960288,0.048874273,0.154434284,1.484254125,5.170286246,0.096322928,-0.717943107,0.301870199,0.553635594,0.007566617,1.128565561,0.850020606,1957.206398,7.795812143,0.166016145,0.117574035,0.020752736,131.2978169,1.288271208
CAMELS-BR_58930000,SimulationRaw,0,2008,2008,0.041379621,0.014997508,21.07658208,24.95193063,1.958527494,0.444684944,0.76449355,0.151394147,0.125433658,1.158363971,5.340912354,2.416823196,2.720340414,15.47707081,0.535695371,0.360895142,0.507899717,0.630361243,1871.17122,7.538143549,0.520820108,0.0288506,0.020336993,25.14540882,1.356593793
CAMELS-BR_58934000,SimulationRaw,0,2008,2008,0.029135819,0.008211775,24.70919644,7.16746636,0.662494574,0.772110198,0.749186283,0.150325446,0.154207198,1.441942969,6.232218278,1.091786178,-3.292752163,18.38052572,0.701143049,0.716229327,0.738269347,0.512758055,1985.028476,63.84654887,1.871485533,0.096769056,0.021610099,35.92746057,1.438683143
CAMELS-BR_58940000,SimulationRaw,0,1983,2008,0.03146468,0.046087907,21.3534231,41.04112947,1.408820262,0.136169989,0.77017423,0.112559287,0.073128541,0.668889075,3.826372302,0.137632501,-2.492684514,6.172657594,0.9068058,0.388568215,1.179242431,0.796443566,1927.420878,5.211551564,0.696670363,0.096695162,0.020481744,126.1376675,1.277145736
CAMELS-BR_58960000,SimulationRaw,0,1983,2008,0.045020542,0.017390157,18.99881273,14.24738088,1.655411315,0.966228351,0.68922876,0.076562253,0.128618324,1.466518759,3.70513771,3.404451312,-3.838859214,11.31870128,0.106444492,0.599759601,1.733845791,0.901449989,1719.595165,3.373978428,1.436716949,0.104801468,0.020500144,297.1389122,1.182462573
CAMELS-BR_59181000,SimulationRaw,0,,,0.012662968,0.040120368,19.49984707,4.182354806,1.584051896,0.604168603,0.875995693,0.032067274,0.017196481,0.814729536,5.534996012,1.711646733,1.66197597,15.1401437,0.586467695,0.46506413,2.3777578,0.954290269,1492.079971,24.93233972,0.896973176,0.389303124,0.022827729,198.4912534,4.115810686
CAMELS-BR_59240000,SimulationRaw,0,,,0.004950917,0.011902906,0,20.34660553,0.805205775,0.452316597,0.719768885,0.002747915,0.155878157,1.018455791,3.577373962,3.799664447,-0.037002165,17.89908224,0.375593848,0.617880066,6.64186369,0.343705844,716.0518733,22.81204254,1.141142033,0.429637102,0.027376134,294.0850421,1
CAMELS-BR_60010000,SimulationRaw,0,,,0.041547988,0.012392279,15.80970653,23.54729773,1.938759416,0.855672036,0.823755682,0.065237823,0.029317326,1.437543001,4.220453295,0.87170048,-0.353468668,16.16875954,0.550391903,0.164594145,1.004678052,0.545411971,1986.244911,9.950232459,0.470047978,0.048606503,0.021066451,145.443642,1.169493864
CAMELS-BR_60011000,SimulationRaw,0,,,0.011669178,0.027244599,13.1943858,34.8373762,1.154432952,0.849889195,0.699649393,0.069185224,0.047692472,1.326201168,6.060810002,4.33329938,2.515753863,6.390285507,0.333514795,0.682399713,1.638117989,0.302526935,1895.950776,9.327186519,1.45284453,0.077044797,0.02031793,165.2522678,1.138797541
CAMELS-BR_60110000,SimulationRaw,0,,,0.020809737,0.030107669,24.15872849,34.60311104,1.805007548,0.285784219,0.881708093,0.071620724,0.146729905,1.458508865,5.228890048,1.748848921,3.0807643,13.29427401,0.207399871,0.155741942,1.043762536,0.848603347,1870.799821,69.68068414,0.535589846,0.092595995,0.02015005,273.2762026,1.175721481
CAMELS-BR_60145000,SimulationRaw,0,,,0.004302982,0.003412547,2.978699801,11.0436335,1.737240149,0.834115011,0.750985775,0.0906536,0.158,0.93566713,4.93770443,9.948080691,-1.101166048,7.230697005,0.724294299,0.765855797,0.407786544,0.666677512,1715.881351,7.630519708,0.121605503,0.01210608,0.02,233.7133495,1.035429947
CAMELS-BR_60220000,SimulationRaw,0,,,0.012261689,0.028508073,7.076576506,29.98492335,1.931745597,0.807994533,0.794505075,0.007550298,0.068733418,1.490385915,5.919175973,5.298005088,0.554335396,16.5217866,0.402328433,0.143201361,0.802511641,0.45332136,1198.481078,13.03107873,1.480841542,0.046273451,0.020893627,25.70572844,1.237963657
CAMELS-BR_60250000,SimulationRaw,0,,,0.040734882,0.01726307,9.518263856,15.09198662,0.9479774,0.316401874,0.71719969,0.069681692,0.143487566,0.863151207,6.010464055,1.408959136,-2.67731838,1.300162586,0.804581287,0.186437518,1.241431811,0.646494892,1969.23056,58.83822212,0.20900037,0.058042342,0.022465232,292.9222343,1.309077154
CAMELS-BR_60265000,SimulationRaw,0,,,0.010222192,0.039289536,13.72735777,15.1449184,1.689808231,0.361773149,0.698368882,0.081264931,0.101671918,1.343076507,4.7693811,4.871882826,-4.843886552,10.58676394,0.839599021,0.401802131,0.662194513,0.411744118,1981.564945,9.763852663,0.180177913,0.065769777,0.020207559,33.96393904,1.039098503
CAMELS-BR_60435000,SimulationRaw,0,,,0.017236657,0.062079216,4.608325476,44.75557905,1.801864686,0.948506766,0.864779551,0.052345729,0.142179321,1.47278402,6.124075834,9.733438431,-2.155034535,3.016011264,0.782715013,0.406605605,0.738026283,0.658555433,1984.647336,80.42402177,0.109233026,0.034778723,0.020125302,146.1637153,1.346960143
CAMELS-BR_60478500,SimulationRaw,0,,,0.046344038,0.045804441,21.97392049,34.97186312,0.512188907,0.275455008,0.789525232,0.09021518,0.079155549,0.831002234,4.712150316,2.317924918,0.366016019,12.51780371,0.117975045,0.609340183,2.094733412,0.811272948,999.4820916,67.37187437,1.475626831,0.058839707,0.020236549,50.45015687,1.722497028
CAMELS-BR_60615000,SimulationRaw,0,,,0.004837453,0.064556504,22.67681557,35.81571861,1.275217326,0.85509616,0.696418941,0.149558425,0.153587754,1.450086908,6.326578011,9.647426223,1.097660431,5.083637765,0.661662584,0.719596482,0.787704109,0.509138521,1866.146725,28.23572295,0.287734601,0.011150141,0.020228439,129.4499443,1.359777187
CAMELS-BR_60635000,SimulationRaw,0,,,0.037166487,0.068376691,11.13166521,44.64618974,0.886470443,0.848090884,0.689418981,0.115116483,0.150235559,0.792121415,6.104626951,5.819997412,-0.440926784,7.996792937,0.314970252,0.304629261,1.218023819,0.505334908,1963.215185,66.3395684,0.829635816,0.055246187,0.020223625,85.93395429,1.192748877
CAMELS-BR_60640000,SimulationRaw,0,,,0.025751467,0.046565588,24.63529768,41.13132643,0.623364081,0.798689296,0.782148857,0.120278919,0.152321424,0.969451779,5.413641818,8.754658996,-3.827066264,7.563503059,0.488928647,0.251131441,1.284340844,0.55987138,1927.063363,33.98707065,0.254463075,0.040610756,0.021260284,217.2030985,1.261158995
CAMELS-BR_60642000,SimulationRaw,0,,,0.01505403,0.06850028,23.43430226,32.74116668,1.251839626,0.250344396,0.85003382,0.052157043,0.11513962,1.454011068,3.787456935,7.562436734,-2.861964187,15.47987505,0.606146843,0.666618572,1.425541396,0.645479127,1730.570067,84.69818709,1.177964691,0.080266959,0.021698407,272.1551197,1.115640094
CAMELS-BR_60650000,SimulationRaw,0,,,0.041856613,0.049265515,12.55646458,12.27900116,1.512521789,0.75701791,0.751030835,0.085691591,0.129814671,1.210660166,6.159151287,8.666987244,-2.539059768,0.456469004,0.10584774,0.479519231,1.459327382,0.693637251,1945.561902,13.88551663,1.856721418,0.108044938,0.020130915,183.3630354,1.399721427
CAMELS-BR_60654000,SimulationRaw,0,,,0.022571097,0.015676764,22.05285619,23.97454272,0.920216096,0.301377397,0.730598186,0.148117425,0.087959042,0.689307954,3.70910729,8.335226835,2.417959755,19.20927403,0.779709401,0.290923263,1.1822002,0.433736679,1839.833341,28.60366961,0.644318826,0.036172683,0.021435099,233.0077275,1.077947487
CAMELS-BR_60665000,SimulationRaw,0,,,0.010505222,0.02667347,14.05311403,36.93807869,1.56808115,0.874322807,0.687420949,0.087932486,0.146052907,1.004052432,4.849124353,5.000997653,3.347791245,10.09884475,0.631211849,0.090342544,1.266080507,0.422370485,1992.536311,12.72260988,0.216861964,0.037006885,0.020196824,280.7268016,1.27609771
CAMELS-BR_60680000,SimulationRaw,0,,,0.007826606,0.065288781,24.83814751,31.7810373,0.966561985,0.703731536,0.705791406,0.156764729,0.12543007,0.961565212,6.106894261,7.954532841,2.28203173,6.496830092,0.483423861,0.402988628,1.437596323,0.441910521,1896.685934,20.14484235,1.331375944,0.041606854,0.02072701,170.1194107,1.375227416
CAMELS-BR_60715000,SimulationRaw,0,,,0.0347509,0.05880297,20.98017483,29.68186133,0.839415032,0.441515588,0.729064496,0.170479556,0.143912205,0.68363562,4.641347099,3.212995171,-2.108463885,6.141679324,0.24850447,0.320081854,1.45036228,0.647156694,1864.893059,84.76210364,0.467342217,0.056501409,0.020284584,134.4861337,1.401226586
CAMELS-BR_60750000,SimulationRaw,0,,,0.022123733,0.032274663,15.17528005,44.75043269,1.504297277,0.666620823,0.821372954,0.034310325,0.137203821,0.74977116,4.908519018,7.030458477,-3.476582756,2.713952491,0.107990807,0.63682097,1.739048351,0.601809044,1947.496349,10.30217599,0.930723256,0.055630265,0.020208751,170.2069252,1.162722447
CAMELS-BR_60765000,SimulationRaw,0,,,0.036062681,0.027002452,17.75852756,28.10020865,1.072900222,0.40442168,0.728695521,0.148561506,0.153042569,0.764132678,5.80056992,6.940563246,-0.160128908,18.67104014,0.221135881,0.607662979,1.375574675,0.520390043,1982.06212,30.87633595,0.756039744,0.034619712,0.02062698,204.0610481,1.276268529
CAMELS-BR_60772000,SimulationRaw,0,,,0.017492347,0.06883337,22.48038407,33.53265056,0.567348566,0.363055781,0.689326204,0.173024404,0.143677272,1.030130422,3.57523843,9.754100008,1.154987917,1.887019216,0.095822311,0.49059941,1.30442365,0.440192512,1981.436295,10.80229441,1.726584829,0.010769038,0.022001897,189.2897357,1.400840381
CAMELS-BR_60774000,SimulationRaw,0,,,0.012119418,0.063226908,12.10539206,29.00196906,1.829922274,0.880125583,0.873405006,0.017586977,0.131232107,1.294477882,4.910804811,9.737653948,2.288046013,14.7486662,0.586118124,0.194376226,0.715553837,0.40690866,1986.347583,16.83018872,1.599379009,0.051552363,0.021595366,216.114991,1.054898087
CAMELS-BR_60778000,SimulationRaw,0,,,0.022691575,0.067225281,22.73843571,38.91706302,0.887099516,0.529441869,0.86309559,0.063005413,0.064935067,1.202403942,5.847066162,9.933933085,-3.532443917,0.774844967,0.570645947,0.078014917,0.854215993,0.650852992,1993.766008,0.348262351,0.245996059,0.012355923,0.020110787,284.3275712,1.296650133
CAMELS-BR_60781000,SimulationRaw,0,,,0.01262449,0.049412377,17.46588592,17.56582837,1.461365159,0.145469454,0.777237147,0.16210808,0.151057885,1.411003785,4.540392995,9.194283368,-4.32882584,4.160552118,0.114428022,0.778373706,1.337849017,0.670892322,1990.236483,95.13050477,1.857598093,0.03819919,0.020070044,234.0510429,1.221307422
CAMELS-BR_60790000,SimulationRaw,0,,,0.036118268,0.039835324,14.18988419,25.06370801,0.80333019,0.442644642,0.722166186,0.087780325,0.15762367,0.933453789,4.998448855,9.384693344,4.031234346,2.26294755,0.125505534,0.09608216,1.066634638,0.471883549,1982.936713,44.58985462,0.140934957,0.062150772,0.020762095,227.4197734,1.174428792
CAMELS-BR_60798000,SimulationRaw,0,,,0.021610488,0.019398212,17.13670205,24.62956596,0.81949971,0.42414686,0.696366617,0.166866404,0.136082763,1.093506523,6.277474074,9.811814775,1.171597477,1.086252083,0.426010315,0.506108807,1.06353968,0.415748057,1904.261535,12.44854331,0.682845243,0.040875704,0.020233213,123.0904408,1.253803593
CAMELS-BR_60810000,SimulationRaw,0,,,0.017863852,0.051883246,21.11884572,46.10677485,1.644802757,0.848857031,0.818749855,0.130548325,0.138588141,0.799497723,4.8049839,9.815528114,4.645901879,17.72307749,0.864340335,0.002137645,1.257310151,0.593276927,1989.009721,41.73782477,1.522369537,0.025885682,0.020188154,74.54420684,1.353204921
CAMELS-BR_60850000,SimulationRaw,0,,,0.03814192,0.063849534,21.6861386,15.88060692,1.7138812,0.134170747,0.848270296,0.079360047,0.14150277,0.802387405,5.748804241,0.166447608,4.29799596,6.664869636,0.180161388,0.461133097,1.269381321,0.775189294,1886.630027,5.249681381,1.454228512,0.090629766,0.020147077,269.1645106,1.024916717
CAMELS-BR_60855000,SimulationRaw,0,,,0.025654134,0.049757187,13.61151563,38.33970989,1.845226863,0.949714452,0.701493567,0.153931218,0.050320343,1.484816361,6.466725025,3.108633752,0.6817678,2.041808697,0.387818417,0.409751366,1.33588111,0.786980158,1950.511064,4.244883296,0.339678035,0.071591624,0.020359482,216.086342,1.492360212
CAMELS-BR_60910000,SimulationRaw,0,,,0.036321982,0.038935459,17.07331673,29.59234185,0.735801575,0.476516211,0.847875487,0.011467646,0.141563858,1.219899107,5.788105026,9.242899414,2.788398226,8.336125172,0.050281908,0.157516232,1.598401842,0.98893773,1577.328421,58.1367588,0.464477114,0.101602296,0.020334062,224.2219366,1.121128504
CAMELS-BR_60925001,SimulationRaw,0,,,0.025451552,0.029359553,20.97717542,15.89148805,1.449099987,0.771138435,0.729437206,0.066982732,0.118092389,1.056559541,5.317457573,1.652170317,-3.752071486,9.146852222,0.973894063,0.441569922,1.877776731,0.707876269,1994.375634,2.588747863,0.26497892,0.055519956,0.020270614,129.1358891,1.433555819
CAMELS-BR_60930000,SimulationRaw,0,,,0.023104494,0.046835524,24.89173829,23.15230841,0.593710875,0.740904399,0.681542588,0.17271186,0.128843661,0.690921476,4.563360764,9.853887938,3.800588397,10.78516109,0.978610215,0.05395906,1.218310832,0.528767074,1944.531385,93.09206405,0.125016619,0.030364586,0.020522695,142.0201417,1.118800838
CAMELS-BR_60940000,SimulationRaw,0,,,0.029362493,0.068797843,22.6637756,44.56265014,0.616739834,0.218353659,0.713423569,0.152767263,0.15267005,0.770881841,3.582570814,9.475082114,-1.816720299,19.90539992,0.36296023,0.618684839,0.936310735,0.523069601,1976.560173,99.26773005,0.558001548,0.014528434,0.020681954,36.62959465,1.186974606
CAMELS-BR_60950000,SimulationRaw,0,2006,2012,0.019995641,0.065811513,21.09279858,34.16242595,0.532281261,0.602028035,0.720561111,0.146597867,0.130424779,0.743375302,3.587141438,9.008282036,-0.260948559,10.12376492,0.299576527,0.533559646,1.224754893,0.456028725,1597.857069,18.60392281,1.351078602,0.048718412,0.020671909,119.7645016,1.371601173
CAMELS-BR_60960000,SimulationRaw,0,2009,2009,0.04294979,0.067408221,25.24377012,41.43802739,1.745026317,0.107504099,0.722497869,0.136754633,0.126204989,0.824290331,4.984646316,9.7787525,2.865103605,0.425460401,0.011359904,0.622554117,2.75633243,0.358568201,1974.525298,64.53638168,1.949429627,0.129705184,0.020269588,291.2895616,2.256170221
CAMELS-BR_60968000,SimulationRaw,0,2009,2012,0.010072719,0.063965147,23.42499334,12.91405576,0.568842796,0.535068802,0.715792174,0.161900126,0.138082183,1.204416224,6.147094162,0.367657925,-0.508490231,10.0517059,0.012101772,0.535460159,0.979671291,0.35419398,1919.280184,84.65185001,1.654325865,0.023313259,0.021372891,231.9060571,1.242357027
CAMELS-BR_60970000,SimulationRaw,0,2009,2012,0.029460537,0.061122751,11.20185057,19.06877797,0.746910045,0.363191972,0.723911792,0.160490106,0.148654833,0.946196687,4.432920742,9.466288089,1.451898402,13.17819061,0.447674635,0.788020844,0.941147225,0.441525998,1969.394667,52.32133232,0.501831955,0.024012316,0.020039733,101.8981134,1.341994164
CAMELS-BR_61014000,SimulationRaw,0,,,0.019428725,0.047255025,13.7307456,45.59043997,0.915657923,0.974035944,0.774549409,0.049657579,0.150571468,1.447667049,5.212762681,8.783814205,2.142993356,16.62577446,0.358468143,0.691136092,0.535557081,0.398715221,1846.061689,15.88747029,0.255278472,0.035922697,0.020611295,32.29510744,1.249824642
CAMELS-BR_61045000,SimulationRaw,0,,,0.028275136,0.053416437,23.50580442,35.97219635,1.931527636,0.757705849,0.685544507,0.040092401,0.150688332,1.131921486,6.258281104,3.208189618,0.407054856,6.177525274,0.929070136,0.440566546,0.701150176,0.615346337,1892.700644,1.201344765,0.159804193,0.011402179,0.020299229,224.4149343,1.23238393
CAMELS-BR_61052000,SimulationRaw,0,,,0.009596423,0.062956095,17.55852677,35.12727252,0.845663766,0.85102397,0.706938375,0.035406566,0.093553991,0.659457746,5.157068131,7.863945641,2.204806248,1.920533268,0.985443512,0.397611047,0.952130663,0.339310287,1940.001976,34.26868449,1.660251639,0.081136274,0.02,234.5227343,1.162501847
CAMELS-BR_61075000,SimulationRaw,0,,,0.004844152,0.060604171,24.08870681,24.06879039,1.13315351,0.421633834,0.684490405,0.011559408,0.058254978,1.189490401,5.850390616,9.194678293,-2.557589538,13.45046101,0.824257579,0.019977228,0.789732266,0.448439638,1849.428894,8.779600651,0.319784473,0.056045793,0.02009422,17.96196942,1.386856234
CAMELS-BR_61078000,SimulationRaw,0,,,0.021015838,0.060550891,13.4784622,23.82436575,1.789309101,0.995615512,0.882881633,0.084483443,0.096712553,1.285177668,5.069379189,3.48492515,2.108527877,4.416901266,0.953647314,0.150208137,1.188279526,0.718374823,1968.111926,18.17768792,0.227039412,0.053588341,0.020521012,19.88630176,1.101686481
CAMELS-BR_61090000,SimulationRaw,0,,,0.030144493,0.028004426,4.108140843,29.15755219,1.415004022,0.289642412,0.846064884,0.065176112,0.156246425,1.318318766,5.771198148,8.402100508,-2.339828739,6.060391297,0.325431291,0.201640357,0.835833726,0.325918258,1845.572533,16.12768594,1.357807736,0.098962108,0.020900334,225.9296994,1.413500615
CAMELS-BR_61100000,SimulationRaw,0,,,0.005144792,0.0532971,24.19171033,14.93092174,1.942945207,0.785953312,0.716871512,0.162392206,0.144529733,1.243618428,6.156332862,7.863104937,-4.112593746,3.088719415,0.942143398,0.347973837,0.473581519,0.333405982,1914.846966,9.068145956,1.747086318,0.014253633,0.020105511,131.6025899,1.327823565
CAMELS-BR_61105000,SimulationRaw,0,,,0.031090034,0.063430188,5.010861379,41.54743537,1.521332379,0.985659985,0.802821624,0.127188914,0.078499212,1.350700569,4.518160025,5.867054675,3.430405033,3.84063581,0.190120113,0.56146219,0.991153384,0.345666706,1943.897327,6.041788921,0.916627062,0.033721443,0.020018341,172.4292631,1.040554884
CAMELS-BR_61107000,SimulationRaw,0,,,0.00518139,0.040965864,25.14841103,6.838215127,1.789122066,0.913349254,0.69283413,0.051917145,0.136085819,1.317298668,5.787827054,7.583271565,1.023753368,19.21297723,0.975947778,0.633421652,1.10929254,0.406926562,1993.905851,18.43791528,0.155055374,0.068903363,0.020799673,33.85377884,1.298168029
CAMELS-BR_61115000,SimulationRaw,0,,,0.013115452,0.067121001,7.890072594,38.66015462,1.755110172,0.696563006,0.686371909,0.059355815,0.153578993,1.433799491,5.760170982,5.913129394,3.858699691,16.19544337,0.495066669,0.185453369,1.581251287,0.445562122,1819.469446,53.85855994,1.280350019,0.063564701,0.020301013,17.39330741,2.429522009
CAMELS-BR_61122000,SimulationRaw,0,,,0.013742883,0.007704582,20.02129749,45.24774335,1.22359544,0.438479187,0.895836476,0.048935561,0.041278079,0.950107088,3.961187612,1.21881112,2.531869321,1.48438376,0.787565187,0.298192703,1.136309612,0.46770375,1606.183946,21.01370707,1.316485092,0.30382597,0.020849038,147.5745766,1.478046656
CAMELS-BR_61135000,SimulationRaw,0,,,0.00731397,0.053042835,23.36334545,8.97759159,1.188533448,0.983501216,0.783245982,0.093971638,0.119507522,1.343823863,5.674081101,4.649042701,3.430856871,17.78687757,0.587785109,0.542953793,1.220498884,0.358620447,1889.290841,15.02107676,0.752296252,0.090838665,0.02110431,163.6453346,1.446244189
CAMELS-BR_61173000,SimulationRaw,0,,,0.015534706,0.031878465,21.98658456,4.213634873,1.458860204,0.1779131,0.788914719,0.16000398,0.009541823,1.10346858,5.474935067,9.642242074,0.603669853,18.13504083,0.437481875,0.773077773,0.644434725,0.362953881,1652.799368,25.34425579,1.652777967,0.109945868,0.020966974,99.98187743,1.49690701
CAMELS-BR_61271000,SimulationRaw,0,1948,2011,0.010273,0.058423891,22.02405386,23.76694962,0.881557528,0.431178232,0.860377968,0.102091444,0.135712802,1.235491717,5.670411502,4.913661625,-1.179473455,7.003893408,0.714353514,0.167477845,0.419122751,0.696200709,1766.114618,94.61317495,1.177501475,0.073814806,0.020481966,160.8556403,1.490886426
CAMELS-BR_61280000,SimulationRaw,0,,,0.00877288,0.006806849,12.94786318,28.13869086,1.749025025,0.987703405,0.70161564,0.107216191,0.094761212,1.024943061,5.371101948,9.82848638,-1.466461604,3.800744984,0.477407427,0.469695016,0.749426162,0.425330763,1895.082712,42.938817,0.241194141,0.068287469,0.021947274,175.240632,1.053366352
CAMELS-BR_61285000,SimulationRaw,0,,,0.005028187,0.026370491,22.30916302,33.18963652,1.340946798,0.861550145,0.714430713,0.136256533,0.081349009,0.824434112,5.069945871,9.870976927,-1.930779848,10.64154831,0.048194547,0.31363361,1.187401639,0.430528316,1745.77252,82.65158378,0.160193158,0.033515857,0.020830991,8.173480118,1.277425026
CAMELS-BR_61305000,SimulationRaw,0,1948,2011,0.025879402,0.020923674,21.08366357,35.51814106,1.23341023,0.726559453,0.731447689,0.040765352,0.139699953,1.412835543,3.895483554,4.881446434,0.634198375,11.65406743,0.4014511,0.410070462,1.195137301,0.980965114,1923.522175,5.538466852,1.042464687,0.045488275,0.020724016,251.3261509,1.308858585
CAMELS-BR_61320000,SimulationRaw,0,,,0.036307754,0.062920994,15.64476058,37.84895583,1.53257218,0.943139524,0.751430507,0.073140906,0.143113914,1.252878053,5.905716962,9.541304111,4.679040065,16.48212581,0.860274734,0.320015147,0.706912365,0.613620132,1984.768228,63.14988354,0.516748437,0.083053821,0.021178703,250.9905254,1.054083159
CAMELS-BR_61343000,SimulationRaw,0,,,0.019697218,0.059241897,10.04117749,28.10140849,1.863965617,0.854066157,0.896758468,0.02931519,0.145631384,0.969200004,3.623030513,9.013804104,3.152129656,2.62381132,0.341416551,0.637715707,0.631922125,0.669569455,1917.191838,76.82255168,0.357992844,0.041156144,0.020386292,47.3216069,1.2592941
CAMELS-BR_61350000,SimulationRaw,0,,,0.040061873,0.043026292,17.81098269,29.84584444,1.147999971,0.625180708,0.82456773,0.106195367,0.142697695,1.309032935,6.404471004,5.414704899,-0.918402135,0.350819497,0.679902543,0.712240366,1.525258414,0.934961217,1989.273971,9.291158753,1.000053212,0.085410674,0.020625347,65.80967497,1.131167028
CAMELS-BR_61370000,SimulationRaw,0,,,0.012833107,0.063177786,21.55551241,35.93179557,1.285042157,0.576317905,0.78738247,0.112928322,0.059185853,1.424841626,5.535803365,9.467903711,0.463031873,14.12948907,0.584243929,0.12156635,0.552661427,0.450953192,1830.507357,6.687467931,1.377802921,0.119570702,0.020168093,266.6108825,1.131799593
CAMELS-BR_61390000,SimulationRaw,0,,,0.03144526,0.044135954,7.608241395,26.74111661,1.319960838,0.851894282,0.897986401,0.040937817,0.121048892,0.967678751,5.489222121,8.717526221,-3.160813785,10.9323792,0.108241671,0.555303484,0.725231666,0.418680109,1932.604144,8.269820356,0.333841759,0.095016715,0.020648199,142.3499069,1.117817908
CAMELS-BR_61410000,SimulationRaw,0,1948,2011,0.033778905,0.03254571,11.87312672,37.94781712,1.671389682,0.489940879,0.849871489,0.066906772,0.068384782,1.3013665,6.390176007,9.93960066,-4.02671985,17.86237736,0.773646171,0.072945094,1.756428438,0.787955523,1988.567939,4.161840577,0.782479983,0.096857971,0.020970785,105.6079325,2.020801475
CAMELS-BR_61460000,SimulationRaw,0,,,0.025190709,0.0426872,5.522404974,26.73941353,1.229842964,0.811696628,0.822234564,0.135432904,0.143674938,1.233083034,4.618467553,3.514051715,-4.100240627,1.220432976,0.544550277,0.322342068,0.84354479,0.456393222,1854.714977,8.012246045,0.774968349,0.059437308,0.020185368,297.2160158,1.306957239
CAMELS-BR_61500000,SimulationRaw,0,2011,2011,0.009065255,0.057311243,13.34040822,11.55727101,1.986853937,0.500438401,0.742539052,0.025803295,0.107608206,1.24452827,5.339429494,6.171098913,0.956298922,18.18811735,0.747079994,0.577633507,1.158868133,0.613893791,1964.34139,12.62397437,1.431020536,0.067764114,0.021688741,149.8965585,1.034729104
CAMELS-BR_61510000,SimulationRaw,0,2001,2011,0.017890677,0.057032365,11.45648318,30.7008677,1.591936043,0.766146309,0.752871723,0.076203439,0.14047012,1.017949852,5.990933759,9.451159967,-3.097509115,2.809537483,0.214226163,0.245862248,1.330748384,0.721325232,1914.507179,4.14836139,0.123089078,0.02606438,0.020942867,29.02552618,1.150477921
CAMELS-BR_61537000,SimulationRaw,0,2001,2011,0.030302105,0.058478322,5.518229123,18.62567411,1.662279685,0.611818482,0.746757187,0.161074438,0.147470089,0.9844919,5.370439718,8.548384629,2.544785804,3.928980668,0.56603575,0.069779961,1.285399278,0.572643469,1841.813509,6.238050088,0.146993947,0.078095858,0.020329715,122.7478972,1.38090914
CAMELS-BR_61565000,SimulationRaw,0,,,0.030740785,0.015977863,7.779864995,11.92990517,1.507847835,0.971965703,0.846675179,0.080658407,0.039522274,1.367747023,5.690197749,3.04089866,-3.036609415,13.91897073,0.318491045,0.767258484,1.587433022,0.604142739,1894.972575,11.12036924,0.641201957,0.054243056,0.020251062,47.59821032,1.025519304
CAMELS-BR_61700000,SimulationRaw,0,,,0.02749074,0.029984102,18.12981907,45.10201025,1.567973098,0.801326093,0.78824827,0.002772792,0.049760269,1.206778503,5.951795701,0.234166723,-1.46856918,19.68034446,0.267576175,0.340478627,0.71485588,0.686269324,1967.471291,40.348359,0.651905716,0.072751381,0.020480256,18.11530865,1.108635259
CAMELS-BR_61770000,SimulationRaw,0,,,0.008083812,0.048595028,24.81898878,30.94633156,0.936830381,0.808481294,0.828835675,0.082752538,0.112116503,1.288571198,3.802444478,0.167802181,-2.482655059,6.454907815,0.394554435,0.155079193,2.975466509,0.712041075,1938.357229,64.66111428,0.879552017,0.147752769,0.020090238,244.4157158,1.545435447
CAMELS-BR_61826000,SimulationRaw,0,,,0.010939002,0.050324972,25.41192611,18.2624641,1.977016083,0.978873385,0.769126242,0.131317782,0.118583929,1.173904682,6.306251564,6.582003544,3.905909685,5.644613105,0.732414934,0.288852997,1.356518667,0.753484728,1976.817258,14.41054817,1.119069195,0.050557692,0.020923788,276.3080303,1.284247111
CAMELS-BR_61886000,SimulationRaw,0,1997,1997,0.035738461,0.065687213,4.965898846,22.68111181,1.663541105,0.938601582,0.817858397,0.051126119,0.107314719,1.213463027,4.800519517,5.789604888,3.638414792,1.15533795,0.540247309,0.110078672,1.178872748,0.49540702,1941.215235,4.848033673,1.154716395,0.073465536,0.0206511,183.1214496,1.386152892
CAMELS-BR_61902000,SimulationRaw,0,1997,2012,0.024010405,0.032647261,9.520673019,42.26694423,1.846686263,0.928521163,0.859795109,0.068973433,0.024215187,1.370815159,6.456925371,8.732099102,1.156997406,8.374500951,0.537969581,0.47210595,1.455359686,0.552325709,1668.822848,3.225785331,0.413469992,0.030253944,0.021132013,261.9285781,1.253186299
CAMELS-BR_61910000,SimulationRaw,0,1997,2012,0.009214961,0.053794494,25.61095662,27.90488422,0.682371127,0.927774063,0.688119416,0.160424836,0.074540913,1.22880256,5.373115452,8.573250166,1.87509066,12.07914454,0.173831391,0.218682982,0.913125658,0.357661211,1938.637266,5.059207563,0.60528346,0.057114662,0.020291333,247.3462407,1.216421391
CAMELS-BR_61912000,SimulationRaw,0,1997,2012,0.023666654,0.046631765,25.01154061,27.64085619,1.624115898,0.783228124,0.784040226,0.173427761,0.154279737,0.866120077,6.114672723,7.033532561,3.119191801,13.81777304,0.818211185,0.288822601,0.955218213,0.787912032,1996.247459,60.04208057,0.524640248,0.066695537,0.020861937,118.8569328,1.307440672
CAMELS-BR_61915000,SimulationRaw,0,1997,2012,0.013219215,0.064508297,25.23017241,25.64232997,0.996290343,0.991775726,0.683290409,0.020782526,0.133633813,0.998048693,5.511154665,6.738425294,1.411119673,2.770261558,0.149028204,0.111504837,0.965369778,0.484121544,1962.185933,89.24736969,1.717444832,0.010218036,0.020850735,289.4816641,1.26343
CAMELS-BR_61953001,SimulationRaw,0,,,0.020993953,0.036793923,24.73330807,42.98478164,1.49328437,0.845136524,0.741393357,0.035811699,0.129516517,0.783874953,5.44606225,5.201209399,2.875400567,0.727222255,0.234904617,0.386350131,1.113909187,0.637242633,1953.261289,7.138028962,1.574583714,0.100040584,0.022847177,46.81314089,1.113107617
CAMELS-BR_61956001,SimulationRaw,0,,,0.046953336,0.067595817,19.32432108,45.24830877,0.88583804,0.354765167,0.731448341,0.061617125,0.073336418,0.664880502,5.844145753,8.310315372,-1.626751437,0.295838487,0.302176565,0.456549033,1.194376197,0.940619814,1923.405725,15.08730731,0.676256001,0.0954702,0.020077879,9.28485753,1.326933395
CAMELS-BR_62622000,SimulationRaw,0,,,0.005095776,0.055665664,25.25386941,38.54325368,1.618521966,0.75795276,0.682029723,0.107975748,0.001202111,1.446512833,6.308752369,9.848438145,-4.157554359,17.33869619,0.836236229,0.766117935,1.136572955,0.658091291,1723.565161,23.59877719,1.199583638,0.139163401,0.020895108,187.8209273,1.256640867
CAMELS-BR_63250000,SimulationRaw,0,,,0.019702135,0.03993995,16.49909799,39.77613638,0.731572041,0.117130273,0.794210374,0.161117616,0.141603991,0.68842404,5.848804148,3.765747673,0.257011386,12.74952682,0.221028221,0.440686332,1.55771865,0.426342638,1950.158814,94.34774137,0.262670032,0.014231634,0.021441893,28.42591983,1.396760678
CAMELS-BR_63350100,SimulationRaw,0,2013,2013,0.014088946,0.039244137,15.54773212,45.81568476,1.840632548,0.814495501,0.683828483,0.162233325,0.121283358,1.188816447,4.91470942,9.229881855,-4.165663728,11.47936642,0.752393998,0.061343989,1.349853937,0.371178024,1988.373267,73.58429168,0.985191497,0.02828071,0.020933433,294.3797761,1.453973337
CAMELS-BR_63790000,SimulationRaw,0,,,0.021853307,0.047324482,25.71265443,44.93938488,1.419552079,0.387632245,0.790933819,0.092173856,0.055960552,1.468414173,5.139445673,1.933940467,-0.904376187,5.935366895,0.532720536,0.233006236,1.818349879,0.92359813,1167.314894,66.71648935,0.640344017,0.129401528,0.021601621,2.96795522,1.444314509
CAMELS-BR_63950010,SimulationRaw,0,,,0.012477391,0.06486109,22.86155098,40.84472797,1.683885677,0.611483815,0.687092788,0.054324339,0.074001836,1.176555776,5.511574786,1.62008754,-4.954660298,9.90101976,0.339380279,0.272984949,1.156908493,0.618156729,1998.090425,3.696425054,1.509640915,0.04868096,0.023054813,169.0904874,1.428949256
CAMELS-BR_63950100,SimulationRaw,0,,,0.005990331,0.057764927,21.39338356,29.91173818,1.151943145,0.937090825,0.75846485,0.155432127,0.140704617,1.427645983,6.071557889,6.233075044,-2.64086856,6.563912732,0.877533727,0.701342042,1.467792155,0.43960082,1971.062465,19.15870139,0.372776975,0.069702306,0.022438731,36.72299998,1.498263242
CAMELS-BR_63955000,SimulationRaw,0,,,0.014690891,0.062867203,23.42804499,38.02142478,1.16021442,0.784582178,0.8723172,0.170559382,0.098018203,0.793783501,3.538398092,8.88508175,-2.824431488,17.93278332,0.606018753,0.495751989,1.317424781,0.531025799,1979.398422,67.32262609,0.875004161,0.017921044,0.020672141,38.49916678,1.46856978
CAMELS-BR_63970000,SimulationRaw,0,1969,1976,0.005582675,0.016915978,23.14500388,39.57796716,1.118988803,0.184785055,0.7040729,0.093892209,0.128869685,1.312392425,5.997687988,0.838784925,4.078573968,19.34056497,0.720141682,0.486924904,1.095351669,0.34595225,1772.478844,89.55995573,0.075082868,0.016209768,0.020526281,81.4944393,1.125735122
CAMELS-BR_64040000,SimulationRaw,0,,,0.031841185,0.044431457,11.09583117,39.93844772,1.510731949,0.614477066,0.868932462,0.018919253,0.048505624,0.94739554,3.951882924,9.032261541,2.333362115,12.84534049,0.66936726,0.228906325,0.909448705,0.70487155,1882.431462,5.436485322,1.973951287,0.387520548,0.022102532,180.1362371,2.281007527
CAMELS-BR_64315000,SimulationRaw,0,,,0.015177617,0.060777493,15.55617216,19.63354073,1.537264056,0.958986881,0.77286235,0.167146588,0.100769631,1.13904915,5.672557635,9.748927869,0.769327577,11.22574855,0.985632786,0.163174543,0.799464093,0.432131292,1958.010654,18.06222559,0.406617597,0.058641642,0.020366785,42.17663682,1.494825903
CAMELS-BR_64327000,SimulationRaw,0,,,0.019137953,0.048283093,20.64027399,32.99750725,0.76018835,0.890835346,0.836551581,0.057197909,0.156310032,0.720347477,3.738435227,9.433063806,-0.788105674,16.40034215,0.062313403,0.368832484,0.849453066,0.398207539,1966.137218,12.93528853,1.469783451,0.110018978,0.020899159,217.1026427,1.285439057
CAMELS-BR_64360000,SimulationRaw,0,,,0.039734746,0.031438487,14.88118435,25.56563615,1.043217649,0.102989136,0.864903801,0.058555648,0.143816518,1.40932509,3.941072717,3.268582882,-1.61436169,1.575004256,0.639414617,0.425853749,0.897256971,0.828131149,179.7403796,5.036931253,0.203284568,0.277549499,0.020370273,35.04815386,1.211833089
CAMELS-BR_64362000,SimulationRaw,0,,,0.017315488,0.064583084,24.05967986,43.95945781,1.819238576,0.625779893,0.687290054,0.152994042,0.15520205,1.138504575,5.173048387,8.816906908,4.208713717,8.305581024,0.245711203,0.175534131,1.435548259,0.667568196,743.7269221,55.71502296,1.075206646,0.447929039,0.025301439,12.98105475,3.366995142
CAMELS-BR_64380000,SimulationRaw,0,,,0.029890654,0.031306342,13.33120987,34.59515243,0.738903851,0.308167208,0.70110827,0.132881938,0.129651054,0.783426558,4.567271524,3.986512747,-4.776735732,13.11631538,0.30754706,0.649177645,1.792924394,0.771033236,570.1231227,3.037743324,0.907179912,0.474896044,0.021117613,175.0713474,1.593985866
CAMELS-BR_64395000,SimulationRaw,0,,,0.018594171,0.048747336,11.66913524,28.14247396,1.7397713,0.887776965,0.819131499,0.172834036,0.154856004,0.807765424,4.061836108,9.645301243,3.869779868,15.8854002,0.466279313,0.540200195,1.304059181,0.577130533,1829.266462,51.5355999,1.901283467,0.024256115,0.02058519,108.2458465,1.056062455
CAMELS-BR_64442800,SimulationRaw,0,,,0.023814038,0.009604829,9.881042048,39.49741405,1.985822284,0.214039828,0.81473516,0.111399414,0.08826345,1.048508103,5.933623476,9.469320402,1.350061997,3.288697019,0.711761815,0.739694842,1.244280736,0.597910749,404.6025222,84.32097842,0.613364956,0.01,0.093030085,42.95550822,1.173053826
CAMELS-BR_64465000,SimulationRaw,0,,,0.045651196,0.051940025,17.86909591,25.19753027,1.508935908,0.264544298,0.838319564,0.008487451,0.033546404,1.400935601,4.435042894,5.846759753,0.878698198,19.33796742,0.9213943,0.408394705,1.502061669,0.6036268,675.0762489,8.03205559,0.721576275,0.134521291,0.062263912,68.79456468,2.732481122
CAMELS-BR_64477600,SimulationRaw,0,,,0.033031718,0.052465956,20.17646546,43.37745649,1.970063126,0.868193896,0.858485713,0.160386856,0.151179238,1.429559517,3.577814988,9.66116741,1.072533305,12.12023758,0.671645382,0.490879745,3.979926749,0.934861182,1580.551178,3.116421956,0.914282953,0.236366548,0.053952115,145.9633027,3.750614863
CAMELS-BR_64501000,SimulationRaw,0,,,0.031996351,0.060199343,8.651242906,45.78380845,1.666806159,0.571431496,0.680715783,0.131296481,0.026497486,1.391467005,5.475808033,5.861648639,3.36823241,11.27160788,0.091314525,0.78145713,1.275222369,0.598470129,413.7216275,3.08347739,1.939130192,0.156402324,0.042303804,204.6517586,1.838734132
CAMELS-BR_64507000,SimulationRaw,0,,,0.00925169,0.055635652,16.66862727,29.22263184,1.110428558,0.201240432,0.754332695,0.09450955,0.132768678,1.461484592,5.099977139,9.60061666,1.347155583,13.26636668,0.059058667,0.430784715,1.502986925,0.681647431,387.3465874,3.642640866,1.216194228,0.141652337,0.047826999,168.2340279,2.047649899
CAMELS-BR_64613000,SimulationRaw,0,,,0.034274687,0.047009978,12.07153575,23.2837117,1.816295774,0.870363845,0.708346673,0.020999012,0.154528852,0.881225572,6.333833228,9.86713587,-1.939740535,1.622108941,0.548031757,0.260516519,1.949358255,0.875750556,1851.238235,2.888436191,0.610439221,0.098833566,0.021167204,261.1609447,1.2543381
CAMELS-BR_64614000,SimulationRaw,0,,,0.017481371,0.041281373,11.05695652,32.66148157,1.83396572,0.415690012,0.748708729,0.138871448,0.155826961,1.486829909,6.291118552,5.870918991,2.020514114,1.196952819,0.791493882,0.011659168,1.60182387,0.642205786,1938.342496,6.270248533,0.883270766,0.051828061,0.020403542,246.9710463,1.218196247
CAMELS-BR_64618000,SimulationRaw,0,,,0.04106436,0.004926255,25.70123383,35.59643338,1.199698253,0.119065586,0.681484221,0.171522149,0.139813179,0.775142247,4.297046277,8.377046103,-3.978042577,18.75875504,0.845511863,0.682864686,1.431534898,0.526403836,1948.552183,52.90619035,0.818321423,0.034006148,0.021884025,175.5639805,1.338068492
CAMELS-BR_64619950,SimulationRaw,0,,,0.019387097,0.028607745,20.61614776,9.080315729,1.93689233,0.839761404,0.806270025,0.098933163,0.016797086,0.931851113,4.413943395,0.283560177,4.655816108,13.69125326,0.185012005,0.40640251,2.161187703,0.624131426,69.24556255,7.588426502,1.497447905,0.414668209,0.035739322,163.0349036,2.333485748
CAMELS-BR_64625000,SimulationRaw,0,,,0.020966083,0.0290572,11.22705861,34.3905034,1.697859991,0.600669279,0.684007787,0.150442268,0.115906139,0.740421744,3.558717886,3.446097376,4.675647712,14.1168441,0.787768184,0.309999203,3.050575994,0.818987218,109.0965144,1.770273228,0.842051303,0.395603701,0.027308529,184.1145638,2.417144461
CAMELS-BR_64645000,SimulationRaw,0,2002,2005,0.04206425,0.02088828,10.40136578,39.6359195,0.92169335,0.97423912,0.710558211,0.051954666,0.152600171,1.436645333,6.419398422,5.063474477,0.785213025,1.975829803,0.403521915,0.677995369,4.986880693,0.948371402,338.2268666,4.6743455,0.710507057,0.376851006,0.032026266,87.70662225,1.900729587
CAMELS-BR_64652000,SimulationRaw,0,,,0.019047702,0.042764242,8.918353824,31.1658135,1.471652797,0.146479935,0.768394086,0.069031695,0.065235106,1.27309731,5.817573183,3.58495078,-1.984693671,5.874778039,0.652870937,0.117858869,2.797993408,0.823008259,318.318679,44.26592951,1.497759263,0.674957372,0.030788351,14.78777378,2.095685213
CAMELS-BR_64655000,SimulationRaw,0,2002,2005,0.020707989,0.06336397,9.618844397,42.22368656,0.634103083,0.86078272,0.756094206,0.051503327,0.077059931,1.012072687,4.756642855,9.564057551,-3.559107929,17.22061221,0.780017156,0.618214675,1.926583633,0.649534329,125.0999055,2.942333997,0.48569096,0.30265562,0.047878352,252.2148342,1.219827207
CAMELS-BR_64659000,SimulationRaw,0,,,0.026364466,0.045748699,13.14930303,21.68162764,0.804094623,0.517132199,0.753910742,0.053513414,0.055358694,1.067160935,5.698402616,4.513700004,3.649676333,19.14273163,0.343407385,0.079005009,1.462134813,0.549367301,171.7608195,33.7123848,1.730955169,0.651501264,0.05252934,34.24289967,1.788567296
CAMELS-BR_64673000,SimulationRaw,0,2003,2003,0.03147204,0.062878744,6.229257355,46.02911739,1.56242864,0.765542537,0.792926959,0.092096564,0.146097941,1.478752791,4.460681786,2.086999101,-0.391481184,15.43566668,0.262954613,0.17399993,1.743859025,0.815146269,245.3685402,22.6424469,1.297239039,0.149027037,0.021116375,71.09611078,1.474170525
CAMELS-BR_64675002,SimulationRaw,0,2002,2005,0.006533055,0.037696684,18.68206138,34.49645595,1.269686422,0.659944818,0.752002669,0.139902672,0.146865402,0.770345345,6.466790047,6.00890635,2.968230763,16.49391268,0.283504645,0.508369706,3.150087592,0.758547611,548.2509011,2.849428599,0.53010377,0.301989223,0.05084889,14.59176684,2.23560338
CAMELS-BR_64682000,SimulationRaw,0,,,0.045845133,0.010877463,17.98592608,7.952344473,0.592403012,0.541914176,0.705576095,0.171378451,0.147312134,0.987956228,3.961722695,0.667821153,-0.550143435,19.83118816,0.79580367,0.381312925,0.616942261,0.484500192,1775.613415,80.5951,1.178181679,0.024945443,0.022296921,128.6037679,1.060331322
CAMELS-BR_64685000,SimulationRaw,0,2002,2005,0.023428873,0.024715171,18.15872763,22.40471511,1.346527781,0.862578373,0.798367984,0.110690027,0.082196599,0.928096499,4.714942395,4.491645342,-3.982124248,16.85752818,0.115558709,0.646863273,1.945278615,0.799457889,234.0929915,2.385650836,1.032523106,0.256355096,0.021672699,252.4614058,2.256022266
CAMELS-BR_64693000,SimulationRaw,0,2002,2005,0.045068911,0.060723048,23.1010286,39.55373039,1.278351183,0.466943312,0.808254005,0.151665953,0.145445047,1.285029497,4.905658406,7.298498539,4.488669318,4.087967094,0.577599605,0.02283096,1.903333105,0.818967153,892.4649008,38.82688467,1.157416229,0.341558511,0.024303371,6.892381568,5.137328538
CAMELS-BR_64700000,SimulationRaw,0,,,0.012688608,0.051437759,18.72519639,41.3995829,1.609257095,0.965009672,0.693122485,0.038710837,0.093512715,1.345591648,6.286731346,8.612072476,1.160647767,5.48513151,0.910995083,0.161596892,1.220863283,0.597300107,1998.057307,6.417076222,0.288183639,0.044514411,0.02660468,137.5037484,1.061855769
CAMELS-BR_64717000,SimulationRaw,0,,,0.036127187,0.058501763,24.41234341,27.49129825,1.048064459,0.913901051,0.703415197,0.169056298,0.152871841,1.457959099,3.781287544,0.931547414,-3.312414147,18.73970579,0.806057708,0.747180621,0.99176632,0.555586177,1874.698422,19.87351265,1.493956631,0.024225806,0.020416602,78.44974629,1.318514132
CAMELS-BR_64723000,SimulationRaw,0,,,0.044697789,0.058438233,22.84984811,38.22525587,1.763271781,0.959963232,0.838281709,0.046317335,0.140041778,1.27959112,5.675175612,0.457051558,4.97691282,19.91150276,0.571545014,0.529223856,0.554770536,0.712226295,1905.041165,15.70666272,1.662192662,0.055856175,0.021708453,76.87609884,1.157267942
CAMELS-BR_64767000,SimulationRaw,0,,,0.018371784,0.011644831,10.34621477,2.58826532,1.756222149,0.104512185,0.746361843,0.170062657,0.056274998,0.748065505,6.017391963,6.24847061,2.770115365,1.706381441,0.29153503,0.22582929,4.880652058,0.421922701,356.4614708,2.814393161,1.817269178,0.536235479,0.042496093,55.1059427,1.440938577
CAMELS-BR_64771500,SimulationRaw,0,,,0.025703951,0.060740032,18.71913251,34.92135165,1.99855601,0.533798628,0.797615423,0.066144694,0.063195349,0.750320868,5.318784842,0.980646261,2.726462434,10.93863083,0.144620767,0.618365242,4.466773535,0.966896291,42.30594582,31.72633535,0.912193807,0.479779649,0.035889916,152.2075507,2.138483219
CAMELS-BR_64775000,SimulationRaw,0,,,0.033775118,0.042290497,11.93346406,8.489993259,0.758465801,0.921242242,0.752644797,0.16410013,0.071172814,1.463026628,5.85393966,4.144518631,-4.499840709,17.28054702,0.390488039,0.715221887,1.593842311,0.579589834,309.9155223,47.33374159,0.526615771,0.503190976,0.059789003,16.52692123,2.233360653
CAMELS-BR_64785000,SimulationRaw,0,,,0.015184853,0.068630315,24.80287268,43.14383423,1.211135507,0.16272143,0.810694393,0.016260441,0.125968591,1.353653772,4.776743302,5.809828525,-0.572995426,9.367058064,0.606987201,0.45178298,0.79984922,0.410591683,646.9656003,46.58370664,1.554237578,0.180728948,0.024102415,131.2126751,1.883483419
CAMELS-BR_64795000,SimulationRaw,0,,,0.042295528,0.022957161,14.75542059,5.161427462,1.45640784,0.133542042,0.683552536,0.150655157,0.154122191,1.185893165,4.928157752,0.854241885,-3.277502635,18.96790889,0.792759364,0.20726751,3.178113369,0.932998384,155.1478945,12.65015662,1.353634345,0.510910632,0.028848157,278.1832043,2.009182093
CAMELS-BR_64799500,SimulationRaw,0,,,0.020407813,0.026266715,17.84820752,13.71972684,1.411327491,0.1867864,0.71129106,0.133162262,0.047609955,0.829406505,5.113869809,4.408541907,-0.472317998,17.05781799,0.194068315,0.761870028,1.527489882,0.876671749,273.1519113,3.988296497,0.563101805,0.299728096,0.049195705,17.5560324,1.530752891
CAMELS-BR_64810000,SimulationRaw,0,,,0.044633085,0.025097308,24.89729599,11.0013278,0.914994395,0.143764542,0.817870612,0.154207239,0.045941662,1.218766344,4.642399313,1.642083034,-3.949695741,7.070986873,0.607167441,0.689434711,1.254435723,0.924423251,1308.328001,10.3020668,0.378949338,0.11893046,0.02130995,25.12433133,1.834785043
CAMELS-BR_64815000,SimulationRaw,0,,,0.024723678,0.024920552,19.84473646,30.30740593,1.568421978,0.620059949,0.717466442,0.048398341,0.105574459,0.89586773,4.777633362,1.420674439,3.372804547,19.9070182,0.863787375,0.173027285,1.045628438,0.622738083,1397.570436,13.7271891,0.379287577,0.138921205,0.021467357,59.32022824,2.199732985
CAMELS-BR_64820000,SimulationRaw,0,,,0.037479584,0.067991091,20.3660788,14.75259862,0.77286619,0.624806774,0.839396016,0.164244745,0.119361765,1.174331162,3.967918146,1.543771856,-4.682856469,14.55826895,0.627141852,0.251646883,1.440734423,0.910382032,519.5435522,8.416424026,1.212669846,0.216481588,0.054925877,28.80779003,1.870328003
CAMELS-BR_64830000,SimulationRaw,0,,,0.046837095,0.037167545,14.94573395,43.64398403,1.699743306,0.401757948,0.892578686,0.053454383,0.028620314,1.319199188,5.207808289,2.725159813,2.62005756,16.29188043,0.808260355,0.176495782,1.268494848,0.513047783,1694.40195,4.852938413,0.855368914,0.011690271,0.055267478,5.075316945,3.239857273
CAMELS-BR_65060000,SimulationRaw,0,1989,1989,0.028516325,0.010164524,13.56545357,17.07746515,0.830353908,0.861858295,0.688669921,0.100912119,0.114607044,1.486350604,4.002365188,3.455435048,-3.272931434,18.12004699,0.290669314,0.161480765,6.048029698,0.999170105,474.9796333,5.261801156,0.192801206,0.010304763,0.067913777,41.0665368,1.021658025
CAMELS-BR_65100000,SimulationRaw,0,,,0.024046883,0.036935488,23.31321616,41.0496503,0.898275306,0.48328466,0.690576905,0.08968103,0.114331964,1.10205342,3.943289457,3.410443506,0.93420407,17.39522894,0.886128897,0.670379903,1.01359398,0.515501608,179.7979906,5.027755782,0.077643569,0.184025771,0.035558016,138.7346449,1.960433418
CAMELS-BR_65135000,SimulationRaw,0,,,0.012552604,0.054344926,21.90006929,20.00974919,1.344682082,0.608380419,0.830750361,0.062837907,0.122046674,1.394269629,5.058543512,5.179843568,3.048263677,14.94514498,0.808614129,0.300064629,2.345278245,0.925465182,1347.500194,4.93199731,0.590877646,0.105762484,0.053140064,200.2145527,2.342354562
CAMELS-BR_65180000,SimulationRaw,0,,,0.037656453,0.048979089,22.61208875,21.36756048,1.455093355,0.843942047,0.846464781,0.0890181,0.098987048,0.921963066,6.080397119,2.301318105,3.869305829,7.602203555,0.107540959,0.110259225,2.686421171,0.956202644,292.9546735,1.571585856,1.067853865,0.129261251,0.099033646,135.6304702,2.378358874
CAMELS-BR_65220000,SimulationRaw,0,1989,1989,0.044617772,0.038580483,20.77272105,34.52534244,1.677590968,0.113170093,0.700118295,0.025723309,0.064219161,1.069078044,6.338342424,8.521562103,-3.939142224,7.372275901,0.210625253,0.61135556,1.953099438,0.551487384,1081.152374,51.12265009,1.78653124,0.078247545,0.09563944,211.8842966,5.409050113
CAMELS-BR_65310000,SimulationRaw,0,1959,2013,0.005052268,0.005401793,13.57667339,29.36154486,1.962079864,0.23972438,0.878015367,0.136272235,0.043353316,1.429833859,5.952396664,1.890378842,4.077573661,12.70171556,0.674510967,0.313161588,6.766264722,0.923467749,593.9488903,34.67412478,0.660221879,0.047344132,0.076949465,195.5388237,1.163583985
CAMELS-BR_65925000,SimulationRaw,0,,,0.019070751,0.005542406,23.96681747,11.75835849,0.663426989,0.974291486,0.755034084,0.039847779,0.063168661,0.878922539,6.151032543,9.715899171,3.223719097,4.170625983,0.405894257,0.027851815,2.949267733,0.479783945,187.1206591,5.011054547,0.45759246,0.274005813,0.068397386,85.49318327,1.003722351
CAMELS-BR_65945000,SimulationRaw,0,,,0.032209846,0.018101472,23.81300135,10.14665977,1.93405627,0.860732364,0.799622792,0.166363308,0.09672969,0.822321117,4.112065401,3.276764297,0.719415926,14.6645733,0.328265534,0.592298385,1.874885747,0.881170064,430.0276811,15.30820436,0.166861882,0.229193563,0.05930509,220.4970883,1.098683469
CAMELS-BR_65960000,SimulationRaw,0,2002,2002,0.046489608,0.019223445,24.58571049,26.73808989,1.784886086,0.352106657,0.835561641,0.017102,0.120575794,0.731732518,5.336760144,0.806141732,-1.116244516,16.39961501,0.28515922,0.363600318,2.345013217,0.884918606,574.9500182,3.740600465,0.841818828,0.271370637,0.097522974,71.51074873,1.848873833
CAMELS-BR_65979000,SimulationRaw,0,,,0.039029988,0.067678044,4.242293619,21.8252027,0.67402107,0.269663375,0.72207711,0.123239777,0.049679341,0.860294479,5.414164211,9.521065704,-4.351036003,0.95215286,0.901094307,0.219612894,4.576556725,0.554783383,184.1158272,6.360102046,1.220031302,0.303612943,0.042400173,195.8343598,1.150077152
CAMELS-BR_66006000,SimulationRaw,0,2012,2012,0.002766105,0.044127385,15.04212108,11.35012555,1.251305194,0.270337771,0.75853355,0.115129951,0.080167257,1.044328718,6.468340459,9.476098739,4.411170391,6.731349184,0.80131298,0.314889924,1.660789835,0.432611993,1799.424938,65.02547194,0.386033589,0.063352113,0.020093003,283.5874307,1.211736612
CAMELS-BR_66160000,SimulationRaw,0,,,0.01722369,0.004238562,20.66140166,40.74447872,1.627998744,0.284609646,0.79380696,0.10518214,0.11910589,1.283152383,6.489257997,9.363346583,4.052291991,15.94695498,0.261032614,0.495919038,5.684953341,0.859967227,1956.230428,65.36099482,1.467479108,0.390846596,0.020268759,17.78190844,1.584097432
CAMELS-BR_70100000,SimulationRaw,0,,,0.011494326,0.044604369,12.68685284,23.54025241,0.74434357,0.290527271,0.850062753,0.028999671,0.001677624,0.666747274,4.312378544,0.892032848,-3.422924052,13.83371766,0.453989468,0.565305509,0.712568758,0.423733319,97.71739764,2.075831907,0.368763007,0.542906295,0.020130237,243.0704986,1.468783836
CAMELS-BR_70200000,SimulationRaw,0,,,0.025385205,0.020214428,10.8996912,33.50059567,0.695937568,0.748390406,0.697207742,0.068513029,0.000160142,0.702204337,3.690716393,0.284591451,0.776324272,9.456712903,0.588132777,0.662095427,0.892204333,0.450315869,32.94369423,16.83857904,0.928907851,0.610113745,0.04560215,126.0747299,1.158033012
CAMELS-BR_71200000,SimulationRaw,0,,,0.047015537,0.020651832,24.6554605,45.58548054,1.812858187,0.745488862,0.848807103,0.044292082,0.157279344,0.868422436,6.066488396,4.933028681,-1.333146617,8.558898832,0.745799047,0.525709879,0.736561312,0.412133657,143.6382135,86.62309095,0.452243225,0.404044689,0.077097042,289.8896057,2.789923206
CAMELS-BR_71250000,SimulationRaw,0,,,0.019131764,0.059620751,13.06518149,11.87013999,1.385667241,0.720756881,0.765090166,0.152781423,0.144052578,1.206005275,5.771340743,7.149792257,-2.270746401,2.309678593,0.797049728,0.794100191,1.673927366,0.784628787,478.095137,5.11347787,0.360861681,0.523696708,0.091617553,132.3021062,1.874629011
CAMELS-BR_71300000,SimulationRaw,0,,,0.024849245,0.029954426,13.54932553,16.34789565,1.208858181,0.408582284,0.770611152,0.024106069,0.119478278,1.446154025,4.928217254,3.644625192,2.953494518,2.652885158,0.082898905,0.231954073,0.750836828,0.488898369,80.26047117,38.54916615,0.82929203,0.074283762,0.098706571,253.9043096,2.388698173
CAMELS-BR_71350001,SimulationRaw,0,,,0.005251605,0.022569183,22.14207622,40.47271594,0.769662701,0.18127869,0.816383426,0.130940788,0.013120379,1.217977707,4.281142894,4.951567901,3.346826762,7.897286449,0.106786858,0.450627285,3.221411616,0.952375456,296.9067405,50.26623579,1.900930207,0.03689089,0.094958696,240.3922752,2.157485436
CAMELS-BR_71383000,SimulationRaw,0,,,0.042351736,0.009346072,22.09417604,32.52732343,1.496842735,0.577235952,0.781931821,0.090104091,0.145325051,0.831523089,3.763614982,2.943334596,2.662295233,17.13314438,0.271002414,0.590131004,1.794623931,0.94022544,126.2360885,53.12374742,0.240497064,0.096113229,0.093702129,98.50074409,2.362116509
CAMELS-BR_71498000,SimulationRaw,0,,,0.004501183,0.065656077,17.95319913,34.55492829,1.677236955,0.377595964,0.879568993,0.161141243,0.097573229,1.339541947,3.553166128,1.73016202,4.322402657,10.87373425,0.751745401,0.714771966,1.907865417,0.977472075,364.097144,3.814565656,0.262521925,0.314862828,0.04008577,40.94069835,1.48906735
CAMELS-BR_72430000,SimulationRaw,0,,,0.024826793,0.067221442,19.09307641,16.20803226,1.251068152,0.731501463,0.816821263,0.091147212,0.096287083,0.83465832,5.588518914,3.015687458,-1.444015415,11.88167859,0.696711424,0.154040115,1.953738723,0.765183607,406.5518807,6.311872585,0.857340088,0.439835461,0.04409876,186.8055072,2.005627198
CAMELS-BR_72630000,SimulationRaw,0,,,0.024443106,0.052764089,9.559131549,6.790560062,1.233947054,0.447423609,0.76725118,0.103879229,0.054378309,1.409123784,3.546011534,8.929890098,2.794257331,18.24783899,0.601223212,0.641128633,2.881048892,0.677510173,419.3550043,8.54272818,0.198390835,0.433195582,0.058788208,92.35839642,1.349157585
CAMELS-BR_72680000,SimulationRaw,0,,,0.04325814,0.008034303,20.60815036,39.49329941,1.871747608,0.139692225,0.682495352,0.024154828,0.094173769,1.457448323,4.158623743,0.056502419,-2.66837144,5.302002173,0.252983403,0.711763759,2.172616871,0.575595349,343.3920329,7.380223027,0.594673507,0.185348922,0.057845817,5.828468568,1.86745429
CAMELS-BR_72715000,SimulationRaw,0,,,0.016786659,0.055835101,18.63735259,4.06153439,1.540109047,0.892538747,0.689754647,0.106394318,0.155724197,0.744398639,4.931378837,5.536329178,3.769594796,4.921531026,0.046838742,0.16417268,4.731297977,0.807458603,354.5195951,11.01439594,0.998350049,0.537456057,0.078967436,161.8642473,1.653082965
CAMELS-BR_72810000,SimulationRaw,0,,,0.013878295,0.048899846,16.55095138,5.729102538,1.549629096,0.786474194,0.791549744,0.114096415,0.101485374,0.726860292,5.254681209,7.714954139,-3.822630544,9.132457547,0.227866845,0.136063714,4.998713001,0.862211563,455.1994064,3.251726569,0.935836853,0.539569137,0.057552169,113.1538645,1.931709143
CAMELS-BR_72849000,SimulationRaw,0,,,0.010937581,0.040987751,22.86780188,30.93442361,1.087057694,0.647511257,0.788814274,0.011679098,0.08027452,1.139826299,5.453519104,2.363569921,-2.410727922,19.34908493,0.757281571,0.549052547,6.019753054,0.969457672,622.1717219,43.46289225,0.480494186,0.591129663,0.066948091,24.62991334,2.193498812
CAMELS-BR_73300000,SimulationRaw,0,,,0.024797398,0.018873155,25.64491915,12.2629724,1.978550143,0.89956994,0.716925752,0.126909508,0.054751045,0.729450016,3.817626368,3.703824108,4.95448792,0.107815269,0.279134081,0.500624826,1.865080194,0.966379111,158.9449952,2.922804787,0.249125802,0.445186646,0.034819068,228.2996444,2.194975555
CAMELS-BR_73330000,SimulationRaw,0,2008,2008,0.042462349,0.025154378,16.47086527,2.691348492,1.350366389,0.53644055,0.815152625,0.117942499,0.08198277,0.738657508,5.499309962,9.475676093,4.721174223,12.25604018,0.528489746,0.648344967,4.594500634,0.876887871,820.3569385,44.47581317,1.266734557,0.558007318,0.038668247,25.80095896,1.538780568
CAMELS-BR_73350000,SimulationRaw,0,2007,2010,0.010808449,0.045360172,8.835452249,36.95115531,1.141101515,0.667384105,0.742611992,0.073753986,0.127659829,0.908625108,3.696720596,3.589999934,-4.868072966,15.2990461,0.305714045,0.610990221,6.021394572,0.804095472,255.5980827,8.911792203,1.942756674,0.605117427,0.024538346,279.4408153,1.285350562
CAMELS-BR_73600000,SimulationRaw,0,2007,2012,0.018228951,0.011329899,14.95080436,32.17021774,1.09643939,0.845066019,0.841191059,0.018916657,0.149684796,0.941042666,5.449602633,4.255155125,2.265030806,9.094402346,0.056114305,0.673747875,5.715470668,0.625363543,716.2314384,10.23037309,1.592268731,0.403734023,0.041732187,269.5463892,2.171753715
CAMELS-BR_73780000,SimulationRaw,0,,,0.046837685,0.010256748,23.12944086,21.38163634,0.589696004,0.530392131,0.810060498,0.169580342,0.112853583,1.161416782,6.371161048,3.676388242,-0.508187088,5.972642048,0.518508485,0.50003992,4.647623378,0.59969954,141.4821405,7.454528127,0.212124776,0.647336767,0.060994991,246.937671,1.763560587
CAMELS-BR_73820000,SimulationRaw,0,,,0.04759868,0.024887324,9.79280343,6.653086033,1.138663011,0.154330428,0.770279184,0.04405946,0.013369303,0.973705561,6.002246283,6.812349249,3.709787568,6.775922826,0.343375903,0.727201984,5.819876706,0.508099657,263.4625174,2.504284999,0.644885218,0.583681479,0.067098973,50.34934151,1.389556494
CAMELS-BR_73900000,SimulationRaw,0,2009,2009,0.011567475,0.036487839,16.65221251,22.67226196,1.824608408,0.927186388,0.870542804,0.047205109,0.034064666,1.465329233,6.280859071,9.800236143,3.030603,18.34243513,0.719438115,0.452713317,1.543999069,0.825503968,145.0507385,3.476037401,0.114628934,0.419405713,0.090657851,15.69641863,1.003433388
CAMELS-BR_74205000,SimulationRaw,0,,,0.029140057,0.009426274,15.98414466,43.8792673,1.106349438,0.68820673,0.692730092,0.118369018,0.047703423,0.763911703,5.773618616,4.979099358,2.774436318,18.76531622,0.294435457,0.579008495,3.417628905,0.940734528,426.5073578,2.85178747,0.641671155,0.498136631,0.042241167,176.1309715,1.133961001
CAMELS-BR_74320000,SimulationRaw,0,,,0.041013075,0.04942788,4.451032311,12.61940215,1.515850536,0.197896838,0.690533098,0.043335602,0.02579686,1.037032423,3.695380914,0.810619055,3.390769187,4.90293111,0.206249775,0.143881834,6.938083545,0.74324341,325.3610963,4.800598472,1.372916551,0.758241812,0.036568465,285.9445956,1.264849124
CAMELS-BR_74370000,SimulationRaw,0,2003,2013,0.023669926,0.065710674,4.224201349,45.12264843,1.910358811,0.514596989,0.82498321,0.036271197,0.010102345,1.229938377,4.670714025,9.267713883,4.290806423,11.41842352,0.155973516,0.237136585,4.457739839,0.861672043,1308.199582,22.88747134,1.897357263,0.314026602,0.074136875,209.0988846,1.251382541
CAMELS-BR_74460000,SimulationRaw,0,,,0.015322156,0.06510161,23.85874495,40.24389023,1.650594293,0.944550042,0.87465066,0.044371962,0.103051346,1.119263393,6.03649734,8.320827879,4.202063867,5.80477494,0.573142983,0.157982377,0.804296318,0.747381186,668.021314,31.60267998,1.498907864,0.102535246,0.048341795,273.6954234,1.451077492
CAMELS-BR_74470000,SimulationRaw,0,2006,2013,0.047957201,0.066079117,20.04031852,43.88529682,1.737552928,0.996404659,0.731955721,0.033638974,0.094662649,0.885539238,6.137710741,4.494369956,-3.633401868,4.82948956,0.486751103,0.302754795,0.687532028,0.802818532,473.174011,12.0352144,0.449689876,0.294590608,0.071154418,191.8532225,1.491857374
CAMELS-BR_74700000,SimulationRaw,0,1955,1955,0.010470044,0.034866313,23.03015305,20.72743135,1.887852563,0.963805323,0.762698946,0.07410408,0.081174996,1.046788754,4.750844565,2.721593509,-3.351141888,2.532472072,0.945339355,0.027123876,2.676033289,0.7702074,758.3641426,16.47235644,0.207749989,0.481191891,0.038735793,83.57910359,2.138421012
CAMELS-BR_74750000,SimulationRaw,0,,,0.04762729,0.008813991,12.85145919,33.60536045,1.050100153,0.874691466,0.742800276,0.139814609,0.085080591,1.405484891,6.363815049,4.626658362,-2.94604208,0.363870153,0.661035334,0.449934637,1.307577068,0.47167092,553.0053426,9.405109535,1.497017586,0.397750328,0.081372785,267.0922408,1.175113659
CAMELS-BR_74880000,SimulationRaw,0,,,0.011006729,0.067440928,11.86061898,10.06721425,1.798154308,0.837330987,0.725604007,0.059471751,0.114608695,1.105481325,6.412509966,9.803213763,4.214964745,12.4062687,0.486307424,0.742741589,4.500453532,0.374314529,1075.355573,5.159552678,0.697940295,0.355813131,0.080090204,162.9468684,1.261047762
CAMELS-BR_74900000,SimulationRaw,0,,,0.033652885,0.047477231,20.04205476,1.479094484,1.337119104,0.943630555,0.8854943,0.049604508,0.122338595,1.198934277,5.974149011,2.045976355,4.634638257,13.9264207,0.987813126,0.57877692,6.974840661,0.891803915,586.6075246,4.691210343,1.034282687,0.407899418,0.063237184,164.2824659,1.249253598
CAMELS-BR_75200000,SimulationRaw,0,,,0.026081964,0.020831783,9.199427773,35.57438091,1.738114422,0.966154756,0.703862689,0.03257086,0.052459916,0.869950641,4.49442758,6.348221874,-2.026462288,7.642097001,0.138856838,0.087532833,6.335555757,0.912916324,969.4094463,6.211157678,1.68766924,0.237652359,0.033504003,229.600787,1.139228975
CAMELS-BR_75205000,SimulationRaw,0,,,0.023853339,0.068077782,23.21413413,45.77531371,0.926365863,0.915739003,0.718820483,0.003972392,0.126673832,0.740304597,5.861265318,5.555323877,-0.289123221,11.63409727,0.788767247,0.34206077,1.788147282,0.808873541,763.1380131,48.77943579,1.804913348,0.412469279,0.032855786,86.39144942,1.589283992
CAMELS-BR_75230000,SimulationRaw,0,1959,2003,0.010152568,0.037976312,22.04178952,31.829358,1.566028994,0.941399191,0.800396439,0.001651912,0.150262909,1.293132398,5.066382213,9.180123785,-4.861985459,7.31746525,0.285675983,0.601005625,3.393978914,0.754896047,1465.291306,3.769729751,1.978178298,0.274590803,0.051921787,61.04484321,2.29080633
CAMELS-BR_75295000,SimulationRaw,0,,,0.03938755,0.060339608,23.54482308,40.21421663,1.526527229,0.203428712,0.88029058,0.122077737,0.088459107,0.823113875,5.43852859,0.307245744,0.916533756,16.4481844,0.143944492,0.773856372,3.299971276,0.797554883,1003.214495,4.750687679,0.737423401,0.401668946,0.073437262,287.1874991,2.860102036
CAMELS-BR_75450000,SimulationRaw,0,,,0.047591897,0.030711563,23.33473915,39.65363945,1.139747169,0.248892026,0.749285247,0.137633061,0.042151267,0.98357121,5.725803081,3.011199682,0.331766024,15.87268249,0.764098313,0.016248992,2.448012885,0.990074796,519.9553732,1.63946419,0.644648165,0.34053538,0.092315732,250.5166486,1.552545963
CAMELS-BR_75500000,SimulationRaw,0,,,0.036670911,0.063657787,22.57170656,15.71100265,1.575374441,0.676389545,0.818784641,0.017177036,0.103416266,0.854804319,4.639395982,7.742052426,-1.360747997,17.09208975,0.857148516,0.337113445,2.018630105,0.424273419,572.376108,68.11043805,1.398206538,0.408332393,0.098239964,99.67637825,3.262825902
CAMELS-BR_75700000,SimulationRaw,0,,,0.025206885,0.019239805,23.5711668,26.8954611,1.76185946,0.814227267,0.789398314,0.020647891,0.146325212,1.022190921,4.474697296,6.037594344,-2.12403246,15.39416471,0.149961595,0.152099866,2.452815777,0.372207295,88.40340181,48.25061782,0.42534092,0.539252026,0.098362095,114.6546962,2.385417996
CAMELS-BR_76085000,SimulationRaw,0,,,0.014008185,0.053379084,25.08103744,7.21058432,0.612576074,0.881132131,0.874641652,0.101548564,0.138978609,0.882909868,4.365628794,4.609612452,2.910154226,16.88165231,0.008740606,0.344698317,4.152689755,0.50934777,242.2436736,13.71263249,1.435476811,0.596399567,0.091360081,119.3864677,1.073323729
CAMELS-BR_76100000,SimulationRaw,0,,,0.012986748,0.018942262,25.18156517,12.5514406,1.764336521,0.291954308,0.776690921,0.007173719,0.156676168,1.132234586,5.397372485,2.048988178,-1.278418972,18.82662599,0.727433693,0.382771156,5.848048652,0.967151068,690.2523817,71.48016185,1.68519783,0.41345608,0.084045482,21.36535743,2.306626929
CAMELS-BR_76310000,SimulationRaw,0,,,0.047156748,0.036198084,19.0061651,29.0878585,0.754610709,0.78919063,0.869530992,0.041716925,0.05411803,1.308766098,4.541671011,6.697805882,4.75769265,10.67061223,0.20000004,0.76059934,5.568865586,0.813262591,202.2971696,15.7081843,1.851104315,0.221449054,0.099231996,289.4759134,1.979995303
CAMELS-BR_76460000,SimulationRaw,0,,,0.005543774,0.056919206,18.00474139,23.71632292,1.767687419,0.988755114,0.831838083,0.063677393,0.008079323,1.354907026,3.940964666,9.87749925,-2.968484466,3.000447468,0.893157386,0.673031716,6.934298941,0.597174021,406.5143273,91.92399565,1.934630063,0.671791129,0.06151398,27.00829828,1.142317735
CAMELS-BR_76750000,SimulationRaw,0,,,0.038710813,0.057681603,23.14826264,43.73321039,1.487127259,0.291636038,0.814548914,0.088244458,0.015319432,1.261002911,5.826252234,6.601779198,1.341352888,0.466246362,0.058083229,0.488138666,2.735977025,0.367454717,176.0378318,84.67219296,0.159560244,0.412392942,0.099970437,187.9205186,4.227187155
CAMELS-BR_81683000,SimulationRaw,0,1947,2011,0.005937204,0.06134529,21.14923388,38.32012281,1.550760069,0.282034521,0.826686893,0.092255231,0.008786849,1.202601745,5.30615696,8.631819287,-0.285177834,3.045044879,0.551026172,0.514765193,1.625985847,0.712603884,1722.229507,5.200997473,0.464798431,0.096367935,0.026131165,68.45712931,2.264342748
CAMELS-BR_82770000,SimulationRaw,0,,,0.046133986,0.035258671,16.7900707,16.48049558,1.611469265,0.557534707,0.700331091,0.159941866,0.153874049,0.740110679,4.038781136,2.349355629,3.638041139,9.896092621,0.955806899,0.248632948,1.638307251,0.799234137,560.8780916,33.79841682,1.315886554,0.706983903,0.038970608,189.194906,4.095085528
CAMELS-BR_83105000,SimulationRaw,0,,,0.03718191,0.028984854,9.369993562,7.839096178,1.570793764,0.389088191,0.712444148,0.013677432,0.02028295,0.690325126,5.335211106,1.14348536,-3.325822411,11.54558391,0.5674324,0.396655803,1.717473388,0.492407294,153.0173008,3.607112501,1.556584816,0.290631688,0.056318318,98.46715615,1.15787795
CAMELS-BR_83250000,SimulationRaw,0,,,0.046295787,0.050693309,24.84086371,5.501449164,0.55850288,0.986587692,0.880672345,0.048634719,0.005774228,0.778631306,4.597181072,7.416443653,3.514116897,18.21477351,0.76107539,0.507011458,3.249689612,0.845706719,314.6220234,5.14768207,0.669957243,0.339148011,0.046506791,84.06372304,1.373020612
CAMELS-BR_83300200,SimulationRaw,0,1972,1972,0.01948228,0.00828578,14.24619323,21.28307137,0.526508346,0.184767849,0.749698417,0.045878998,0.152499137,1.449587331,4.37867883,2.111476242,2.555177482,14.54787717,0.514139403,0.311458087,3.350677512,0.887985764,213.200418,3.318992181,1.11823285,0.222588383,0.053725189,175.6261086,1.26112837
CAMELS-BR_83345000,SimulationRaw,0,,,0.047736875,0.052057524,6.410874026,31.53640015,1.177585346,0.731211675,0.823822162,0.165131541,0.092539359,0.745344423,4.748206938,8.161479702,1.077612009,12.56225763,0.433390093,0.131226928,6.065156537,0.882923074,526.9234808,4.998033151,1.114595292,0.279212626,0.076176707,8.621850378,2.398877804
CAMELS-BR_83520000,SimulationRaw,0,1972,2010,0.012564511,0.064264911,25.64757857,40.51554607,1.812336413,0.35416796,0.751753601,0.009775633,0.118361565,1.101646727,6.227590625,6.513834714,-3.203553441,10.30470538,0.278693463,0.489606555,2.354678224,0.918816567,620.7517518,21.09576421,1.180001051,0.370739369,0.073169673,154.7138744,2.070424867
CAMELS-BR_84071000,SimulationRaw,0,2010,2010,0.01343482,0.056251208,18.9211655,32.4287257,0.98528403,0.472692157,0.882367739,0.111776335,0.052188814,0.94420723,6.358341514,5.365039949,-4.269981328,12.13165146,0.312115864,0.503387488,2.12072292,0.943708759,22.17512868,13.80308363,0.636905864,0.2119377,0.021640633,138.5976783,1.279048648
CAMELS-BR_84559800,SimulationRaw,0,2010,2013,0.014978772,0.03630067,10.85638088,18.26382134,1.383075465,0.820559928,0.743944624,0.089350549,0.134520185,1.273439714,3.876237213,0.938795773,-2.453002744,15.67133652,0.223006621,0.765825064,1.755649061,0.833166617,445.0592789,83.1918558,1.939008366,0.411848478,0.020885031,162.6547387,1.251132924
CAMELS-BR_84598002,SimulationRaw,0,,,0.001767544,0.008152289,21.20682399,17.21798463,1.824770809,0.308379989,0.757733932,0.090171219,0.035505399,0.710416543,6.017806552,7.537814523,-1.019925582,19.1119267,0.044400127,0.237795611,6.334406657,0.910081599,1206.636357,10.90798818,1.555099431,0.236701893,0.025299038,246.8477136,1.318560908
CAMELS-BR_85438000,SimulationRaw,0,,,0.041386674,0.058164002,9.576630795,34.20085399,1.638129743,0.175989303,0.878937904,0.031485211,0.108400221,1.344497666,5.843758551,3.343991054,-2.305536183,16.33926359,0.871151035,0.048290136,3.190589192,0.377631509,177.0545129,28.70166657,1.95971441,0.261585875,0.078882362,294.0420504,1.512955269
CAMELS-BR_85470000,SimulationRaw,0,,,0.047783148,0.027865472,23.23104467,19.48791712,1.487965348,0.141722925,0.773493214,0.110751886,0.002230152,1.16018457,5.344765739,6.525330256,-1.585903951,10.46857352,0.53383412,0.282281425,1.819469166,0.788000318,236.5031783,1.297457629,0.094902729,0.344036145,0.05805497,6.030450971,2.268078845
CAMELS-BR_85480000,SimulationRaw,0,,,0.031048649,0.065591791,21.42167764,33.95723472,1.689819924,0.521744712,0.775778762,0.145927867,0.10090616,1.188190903,4.698416992,8.706254322,1.811128698,1.675010585,0.414699251,0.794608106,3.626467854,0.978122333,240.56427,2.36763737,1.480182652,0.231282864,0.09365137,219.6240227,2.170220134
CAMELS-BR_85600000,SimulationRaw,0,,,0.025030129,0.061302231,21.29610733,38.1571009,1.090446515,0.549785087,0.866190585,0.03387881,0.078183746,1.373490875,6.21341543,0.455852798,2.809606943,10.66063545,0.382887977,0.203973141,6.902656056,0.871144798,478.5594719,14.07858301,0.920838752,0.10690482,0.095076807,148.543972,1.851862195
CAMELS-BR_85623000,SimulationRaw,0,,,0.017251524,0.032201138,6.726266824,29.01978647,1.93872151,0.965791274,0.887467934,0.10751438,0.125089363,1.107847318,5.269430226,0.508686665,-3.800613646,1.84477128,0.569651975,0.69525474,6.425506444,0.664904187,866.5997307,7.61646934,1.351877154,0.580816841,0.066551515,37.5438936,1.425629148
CAMELS-BR_86100000,SimulationRaw,0,,,0.029839073,0.042759915,4.068867146,9.110334381,1.794836327,0.396672366,0.805035942,0.164334017,0.119898309,0.659066698,5.716645113,0.624759697,-3.933883364,15.04383371,0.772572584,0.145558142,6.975589221,0.483634593,507.9105749,17.24210954,1.520355121,0.624732194,0.063308769,17.84307751,2.473431069
CAMELS-BR_86160000,SimulationRaw,0,,,0.019009907,0.02720086,12.06139535,29.34601688,1.710508197,0.181823764,0.886836674,0.03570333,0.151834979,1.418749429,5.429831014,0.685005818,-2.069316362,0.388232845,0.830820253,0.586614171,2.778579206,0.677950215,121.6355991,24.1112479,1.20622028,0.511020652,0.099420334,195.8095359,1.020262099
CAMELS-BR_86410000,SimulationRaw,0,,,0.012605581,0.057579947,25.46069981,8.698611309,1.317283218,0.356485167,0.830622362,0.160236051,0.101499903,0.799546297,6.09749917,3.783769961,4.505955645,16.24598888,0.62800581,0.37654054,1.406981078,0.818370607,263.8993427,4.028485847,0.229681911,0.602029598,0.067300837,79.61722288,1.461610999
CAMELS-BR_86420000,SimulationRaw,0,,,0.022751021,0.044454732,19.96474354,21.62953457,1.901221382,0.501280916,0.712829758,0.154821199,0.07972396,1.12825735,4.206168532,5.149640684,-0.939847954,13.2599969,0.155483517,0.489016664,1.052037671,0.759778566,396.3914169,39.77000121,1.673914204,0.592887263,0.066961216,22.61735738,1.943949903
CAMELS-BR_86480000,SimulationRaw,0,,,0.010473659,0.044374877,19.61694227,12.16024542,1.89324004,0.993040356,0.82975537,0.055437677,0.005695547,1.1917519,5.08263086,7.960438429,-0.46266978,9.192408593,0.478068236,0.657819995,6.757657031,0.513205443,805.3935122,6.20529021,0.106855183,0.561472618,0.093220672,241.37451,1.1618425
CAMELS-BR_86500000,SimulationRaw,0,2008,2012,0.032555602,0.031777403,6.038010447,39.80130576,1.445009107,0.3997561,0.869899665,0.028952198,0.149565218,1.305452222,5.799623646,2.114723834,1.065425907,15.62884279,0.667373008,0.332971527,3.274598471,0.970016599,146.9197401,9.172233029,0.316777109,0.601829854,0.068030929,20.25729867,1.312999234
CAMELS-BR_86560000,SimulationRaw,0,1950,1950,0.021138037,0.035324347,12.80833565,21.03297737,1.290290757,0.279476607,0.860531433,0.061373588,0.008874614,0.732803081,5.259878846,3.754294374,3.459808245,6.475335443,0.225870979,0.700141729,4.129359564,0.917968475,359.5650576,16.98385515,0.349518574,0.539239324,0.035743813,11.91500909,1.610090336
CAMELS-BR_86745000,SimulationRaw,0,2003,2003,0.03498019,0.031379183,4.500922978,15.83710244,1.68051953,0.956731877,0.68137865,0.128170635,0.155444456,1.491778957,4.036323611,0.736875838,-1.24715147,6.966529099,0.117510996,0.578257418,6.259627116,0.787020534,177.0900954,8.538797037,0.917088058,0.5637931,0.044279433,29.74746584,1.384694975
CAMELS-BR_87160000,SimulationRaw,0,2009,2009,0.014299375,0.037771397,10.37457198,45.03871091,1.691274623,0.302212494,0.829971576,0.050863752,0.157883877,0.9499336,6.056784985,0.486136845,4.316851338,10.05955074,0.523724276,0.598797614,5.208736576,0.900748252,561.073476,1.530450662,1.483715412,0.506980448,0.055551021,298.6767987,1.228877441
CAMELS-BR_87170000,SimulationRaw,0,2009,2009,0.037258989,0.006615057,20.70653095,38.80041595,1.657351248,0.706000872,0.798928083,0.170584209,0.08581467,0.946165009,3.737924359,8.749021523,1.525843107,2.256531415,0.877281039,0.730634637,4.718466634,0.982899871,225.3126645,3.031685461,1.219498615,0.449009889,0.078113623,135.1433541,1.232877693
CAMELS-BR_87270000,SimulationRaw,0,2009,2009,0.022404368,0.056902729,24.06256957,15.44173181,1.651184134,0.662142321,0.814840811,0.135358253,0.08152087,1.084319636,5.143787324,9.166960737,0.090178993,8.430970555,0.218064357,0.646680452,4.949859253,0.796609275,927.1651365,2.25320513,0.620857076,0.497011343,0.09962373,238.4819807,2.166640561
CAMELS-BR_87317060,SimulationRaw,0,,,0.034124436,0.017371655,16.02274712,42.41456838,1.896469528,0.394113106,0.79388033,0.013440051,0.126817739,1.170637024,4.086055452,0.29555696,1.291570679,16.46056206,0.967990819,0.715589021,0.955986847,0.766537754,375.2132802,43.76259266,0.857204839,0.01,0.02786568,126.7840759,1.302218284
CAMELS-BR_87380000,SimulationRaw,0,1905,1952,0.030985518,0.031825121,9.476973343,28.76956556,1.289583101,0.975641855,0.735882894,0.16885321,0.020471466,0.738241818,3.724208871,8.949583551,3.442708139,6.285099993,0.482335331,0.789451431,1.348648428,0.556387144,68.99529363,8.210374365,1.779866651,0.114589772,0.095532212,186.5453574,1.036134932
CAMELS-BR_87382000,SimulationRaw,0,1905,1952,0.018902976,0.065514765,19.01823604,40.13954942,1.381476448,0.749826213,0.696451476,0.058767534,0.154683955,1.452265116,4.868014652,5.180540642,2.393619772,16.39328404,0.405213452,0.776146521,2.713474698,0.933918069,177.6083392,65.21008653,0.714879613,0.040944727,0.092967956,231.7390021,2.095210581
CAMELS-BR_87399000,SimulationRaw,0,,,0.026032729,0.03008896,15.37831202,22.06571348,1.764540272,0.955197906,0.806498926,0.096500188,0.142298336,1.170379342,5.783284331,8.240418049,1.305159098,19.0039099,0.308040604,0.692661235,5.869130745,0.90500099,493.7284664,97.61585471,1.827806298,0.019117157,0.099901509,214.4523132,1.317252221
CAMELS-CL_01201005,SimulationRaw,0,,,0.038073898,0.052565533,19.96038802,31.70483094,1.426080007,0.945054358,0.774248229,0.093455134,0.087985429,1.179411255,4.605025326,9.061385538,2.17372662,12.57471279,0.364631787,0.173960519,4.335055322,0.353234217,1434.00558,3.136592753,0.356034554,0.142875939,0.020102377,116.2691573,1.197288061
CAMELS-CL_03431001,SimulationRaw,0,,,0.01293222,0.063385175,23.71695598,31.31150064,1.672014655,0.69427191,0.836201831,0.053443145,0.041852707,1.22944216,5.929226051,2.087694727,2.258756065,0.086958757,0.025428773,0.000294547,3.523023319,0.935096059,1429.852875,99.89865522,0.842703646,0.063620974,0.021835308,105.9985568,4.174348768
CAMELS-CL_04311001,SimulationRaw,0,,,0.002230399,0.068780266,0.75,11.4346074,1.376468535,0.260949162,0.70992865,0.090760071,0.147799249,0.733933741,3.815517528,0.704657897,-3.255885074,0.193780216,0.347663768,0.006067635,2.928953482,0.541921203,821.067513,38.16595908,0.597547171,0.056541064,0.02,212.103771,3.345702322
CAMELS-CL_04313001,SimulationRaw,0,,,0.000755575,0.030122982,7.391269662,32.2179826,1.463864537,0.584462846,0.791462437,0.09217471,0.052331551,0.660916989,5.15747587,7.7652171,-1.767454732,0.267263087,0.154505418,0.002082291,1.249452577,0.479870482,286.8229286,49.78129942,1.072381338,0.059460852,0.020868143,161.9292784,4.153104155
CAMELS-CL_04314002,SimulationRaw,0,,,0.025753207,0.03132266,13.22007888,11.19279,1.633122946,0.831389373,0.883901056,0.132198267,0.095112772,1.021410767,6.16706535,0.951226607,-1.393410864,0.052727822,0.910460295,0.017467229,1.407144782,0.611463078,1210.903526,31.76283381,1.850236459,0.091589147,0.022076592,221.4196449,2.011012599
CAMELS-CL_04511002,SimulationRaw,0,,,0.039731514,0.023723314,10.17196498,18.66067539,1.217382733,0.732139554,0.74746981,0.076133586,0.018019727,1.154809257,4.132245301,2.055920087,-0.138530112,0.587392529,0.59794314,0,0.597271921,0.632009004,1245.557365,64.93827142,0.753745107,0.030708774,0.020296874,82.54359249,3.960736305
CAMELS-CL_04703002,SimulationRaw,0,,,0.006008788,0.008951566,22.62959488,13.05790892,0.997923442,0.280434442,0.682329343,0.082327176,0.03617591,1.486175502,4.287521006,7.912105889,-1.915373049,1.121673786,0.055636649,0.01411998,1.334300103,0.541151218,1350.580052,0.128597245,0.338046204,0.0117254,0.020743887,256.1036821,2.007313924
CAMELS-CL_04721001,SimulationRaw,0,,,0.000644679,0.008842971,15.30963567,14.70569178,1.148656184,0.586215658,0.701725523,0.001826108,0.058737822,1.309146349,6.190944248,5.020316427,-4.305513665,0.037022196,0.775788765,0.784415782,6.057132167,0.870980827,1797.805257,75.64439381,1.423823123,0.136400562,0.021423553,182.1274427,1.129421617
CAMELS-CL_05722001,SimulationRaw,0,,,0.032554995,0.060864586,14.78149491,23.08875367,1.103930023,0.69039277,0.723702207,0.157665613,0.137685453,1.092658373,4.572373553,8.216244967,1.622960435,3.501341794,0.668847701,0.303166297,2.24602616,0.753230541,1303.339864,49.38087629,1.374930432,0.042834011,0.020809869,176.387795,1.095964583
CAMELS-CL_05722002,SimulationRaw,0,,,0.04760004,0.063356354,10.95723833,11.13281572,1.255584808,0.518761662,0.720219709,0.008602214,0.029329652,1.42811091,4.159492114,3.2716745,-0.723895426,0.555346476,0.213044565,0.054132498,3.008082479,0.314080074,1437.165584,45.23169486,0.963219169,0.095583074,0.021471757,128.5984419,2.113540994
CAMELS-CL_09116001,SimulationRaw,0,,,0.046144956,0.027443177,13.1652928,38.46430294,1.99733612,0.238636451,0.738164138,0.038082899,0.114679117,0.697193413,3.60010756,5.709872604,2.498954277,19.26993403,0.361374578,0.139399964,0.746385604,0.650428324,1449.047168,5.376277904,0.947893573,0.29652675,0.038863555,199.7191975,1.665196973
CAMELS-CL_10134001,SimulationRaw,0,,,0.037706446,0.034756898,14.70883867,21.91993321,0.677779532,0.70580409,0.769735501,0.044854806,0.010323283,0.873560843,5.601101609,5.548103572,-0.334094169,10.96441769,0.429922471,0.172764843,3.121575442,0.925138554,1915.95838,6.304994948,0.801522714,0.257453477,0.040811776,102.2482334,1.425986707
CAMELS-GB_00002001,SimulationRaw,0,,,0.032410075,0.008777429,23.87148413,5.883364162,1.004313881,0.45278137,0.735180325,0.057234937,0.082602846,1.127964754,4.313163508,3.39161022,1.352803747,6.322186459,0.428517234,0.033942583,0.561715191,0.409506036,26.14861695,80.85357519,1.1453741,0.422663748,0.06234455,201.5339012,1.224597753
CAMELS-GB_00004003,SimulationRaw,0,,,0.015514779,0.034284135,21.64010726,36.46724879,1.563661709,0.220465913,0.881038774,0.129781966,0.11383925,0.902101156,4.166910759,4.355445012,-3.272169096,9.316919419,0.029461418,0.615469188,4.308471472,0.812678412,1747.573779,23.67125201,0.989974494,0.610740433,0.086191898,271.4544907,1.053360265
CAMELS-GB_00007001,SimulationRaw,0,,,0.009589414,0.022971054,14.04866289,34.66716762,1.665480512,0.191902832,0.690045522,0.159681489,0.148018653,1.230589509,3.711834808,4.349973152,2.146101493,9.366187932,0.87547308,0.005834768,6.673065459,0.572563562,901.9334064,50.63221394,1.845408135,0.501037904,0.095941891,194.8535123,1.453118909
CAMELS-GB_00008004,SimulationRaw,0,,,0.041636081,0.059272168,3.743283837,46.26801865,1.855420183,0.959140873,0.878768355,0.02214638,0.114981705,0.861812443,5.41356127,7.191993975,1.298498175,4.448831215,0.939070112,0.056102888,6.972691617,0.526618149,1166.526362,28.05101821,1.24529426,0.436732094,0.047327344,119.2089098,1.221090834
CAMELS-GB_00008005,SimulationRaw,0,1937,1937,0.041846135,0.065301909,23.76341604,25.56602298,1.668098161,0.430521173,0.822193526,0.147065357,0.055413591,0.662353764,5.334925881,7.165996853,0.842330933,4.427090446,0.684925179,0.03501174,3.368961231,0.750588167,1972.371954,6.66176687,1.115189865,0.343494136,0.070299292,87.4645588,1.350402275
CAMELS-GB_00008006,SimulationRaw,0,1937,1937,0.04167521,0.043615735,23.11003615,43.45017638,1.905510627,0.655929246,0.719503835,0.160358697,0.013051816,1.373463778,3.888766591,7.993390755,1.371016056,2.7600757,0.113069709,0.049245521,0.413933243,0.507139258,1433.757395,28.6210774,0.697566839,0.334327788,0.085502329,91.71154276,1.392675817
CAMELS-GB_00009002,SimulationRaw,0,,,0.016122965,0.003657442,21.67413043,21.52301346,0.880193881,0.900695004,0.799992236,0.07339765,0.004342287,0.751310614,4.66185354,9.118843354,-3.645951178,4.317917169,0.942653189,0.007089119,5.874294299,0.391365853,382.0485696,22.07110035,1.118644437,0.457841716,0.078653154,57.20724557,1.407035028
CAMELS-GB_00009004,SimulationRaw,0,,,0.019869971,0.01363817,15.07437592,26.70358153,0.762565921,0.410124845,0.768760316,0.14511046,0.075098834,0.947232636,5.187276137,8.353875029,0.244528171,1.467537292,0.201521256,0.191795291,1.585326279,0.675099855,246.9495241,70.12305427,0.157558693,0.334192152,0.062010077,187.9562835,1.7910586
CAMELS-GB_00010002,SimulationRaw,0,,,0.009755767,0.047043463,25.35242312,11.62581697,1.229622052,0.730544463,0.824940914,0.147232082,0.050522346,1.155588298,4.614310243,5.637540992,-0.204633817,18.30119249,0.451007965,0.442461355,2.274062128,0.62428058,479.2641084,46.81206511,1.848086822,0.443270805,0.065246837,8.808335058,2.220026563
CAMELS-GB_00010003,SimulationRaw,0,,,0.017780499,0.042230854,25.45834293,3.256198215,1.155180675,0.966723424,0.841999338,0.129090502,0.146754204,0.826345465,3.656084737,7.377642013,0.394585493,8.4801374,0.705499647,0.275197226,6.857548999,0.424258278,733.0566154,84.60175066,0.969375531,0.258805355,0.074807686,235.4870042,1.934842873
CAMELS-GB_00011001,SimulationRaw,0,,,0.033406815,0.066648187,11.79312775,36.43989747,0.947730507,0.900293228,0.887384826,0.147267703,0.010746968,1.443188224,4.425314227,4.811103026,-0.176999552,5.305360964,0.934562156,0.12293952,3.682544476,0.611237939,846.8553034,25.82812952,0.055659867,0.408054723,0.058386735,103.3128551,1.854470577
CAMELS-GB_00011003,SimulationRaw,0,,,0.016624185,0.043670106,9.903048484,45.89761662,0.964784826,0.675247176,0.776509718,0.040522973,0.004161011,0.696108057,5.277024453,5.753368353,1.135226902,4.04001136,0.710209375,0.097094451,5.235017652,0.880358142,450.0913747,24.41900317,0.873558857,0.25965988,0.039048619,275.9629481,1.433502419
CAMELS-GB_00012002,SimulationRaw,0,,,0.012560455,0.044068255,10.79366917,4.684129026,1.798773402,0.81633857,0.729921247,0.093597557,0.038740301,0.944471732,5.789049531,0.255092539,1.030764521,2.5323778,0.04884404,0.061903306,6.713563517,0.711056914,578.5340552,15.89004127,1.28959779,0.39116052,0.076167861,288.4032675,1.20113606
CAMELS-GB_00012006,SimulationRaw,0,,,0.020021341,0.051358716,12.42363043,15.20494507,0.542590915,0.786977383,0.692804617,0.124861505,0.110314423,1.163838238,3.813636672,8.727633806,1.316203909,14.9719168,0.754419237,0.041948692,6.991456013,0.739259525,1545.901234,1.222910765,0.100982532,0.198579642,0.044996724,46.96444571,1.460301162
CAMELS-GB_00012007,SimulationRaw,0,,,0.007928882,0.011200731,11.71707586,30.78994524,0.981354248,0.854262701,0.795057853,0.01660581,0.091350496,1.224047399,6.33265165,3.247935413,0.905610177,19.49125228,0.891177592,0.32693404,3.729244581,0.74293828,26.95731787,62.9159731,1.753669544,0.388907826,0.058479914,178.4255233,1.33414426
CAMELS-GB_00012008,SimulationRaw,0,,,0.008449232,0.045167928,12.76417691,38.3921598,1.792416134,0.781419187,0.718306925,0.073925474,0.033986647,0.957198219,4.49448927,5.402570988,-1.775603113,6.438786834,0.854833023,0.093402126,6.84885895,0.80571419,426.3694308,8.099638209,1.545810998,0.58461176,0.054630699,186.6215665,1.647789304
CAMELS-GB_00013007,SimulationRaw,0,,,0.024233198,0.035548535,13.57769827,19.42123529,1.621517379,0.833567156,0.83416978,0.083409352,0.048812544,0.924799409,4.135106835,3.728028167,0.468311838,11.69114822,0.155081223,0.221715009,1.190478247,0.886024024,114.3276471,36.43461703,0.304563081,0.488820303,0.084009203,286.0012315,1.839219247
CAMELS-GB_00013008,SimulationRaw,0,,,0.030463511,0.056974133,19.21405199,3.868632026,1.631056597,0.932741684,0.767781616,0.172188084,0.121834979,0.898077766,5.011585379,1.198417537,1.459346159,4.956426582,0.431578452,0.028530478,1.723996146,0.750118886,122.0603616,83.07482287,1.195185131,0.333740905,0.06349476,79.56476497,1.787086515
CAMELS-GB_00014001,SimulationRaw,0,,,0.036817278,0.048443862,8.643319451,16.78970861,1.258081824,0.409537049,0.847387043,0.140384614,0.007092277,0.762797181,3.771246499,2.932998094,0.780330457,18.83190219,0.414046262,0.569768068,0.591893426,0.443472708,117.2674211,64.79291112,0.916682646,0.272700091,0.079161038,45.19169565,1.188390498
CAMELS-GB_00014002,SimulationRaw,0,,,0.045082528,0.058924351,17.34358242,30.8752638,1.704786624,0.728729461,0.772514035,0.132160229,0.141799518,1.059569088,5.859160743,4.052167711,0.730327554,2.741130736,0.087800907,0.455700159,1.51649307,0.815116342,61.19364442,4.042972638,0.71992636,0.268541323,0.038599118,112.3467803,1.429532887
CAMELS-GB_00015010,SimulationRaw,0,1969,1969,0.014461522,0.064526318,14.43789046,12.24968255,0.594347956,0.906091366,0.723250533,0.155790712,0.031760658,1.097585651,5.154560512,1.963615247,0.572282576,2.560742255,0.458416053,0.098895813,5.184069222,0.988202195,496.0686083,7.249957368,0.831713391,0.374603198,0.08449545,281.595465,1.436497101
CAMELS-GB_00015013,SimulationRaw,0,,,0.045152224,0.019418883,16.22557467,21.27297785,1.928683498,0.875987776,0.898438913,0.109811338,0.088202242,0.789709389,3.808234632,5.634336524,-2.067784667,7.167830066,0.337721391,0.046326712,0.9053739,0.702917449,138.3906526,96.03474443,0.861745568,0.452401271,0.077269095,26.5314323,1.281338259
CAMELS-GB_00015023,SimulationRaw,0,,,0.028856844,0.030205734,7.731009631,37.58075314,0.785496931,0.245847087,0.765262228,0.071156472,0.042586106,0.812598217,4.171918992,7.039616745,0.904653324,15.51901584,0.105719218,0.527928348,5.224130948,0.804812844,221.6383285,4.416072815,1.423445693,0.35309962,0.069063997,121.8930229,1.423072485
CAMELS-GB_00015024,SimulationRaw,0,,,0.014958577,0.025462929,3.943191635,15.51913961,0.71153623,0.757613408,0.857119893,0.037502717,0.014337077,0.990719755,3.736397527,0.694800282,-2.748239983,3.062540609,0.237051995,0.531867333,6.585769802,0.894319829,351.110159,6.206441004,1.484365625,0.79771045,0.04311964,54.88121761,1.446881798
CAMELS-GB_00015025,SimulationRaw,0,,,0.0169914,0.040963568,21.79294091,26.41976201,0.532922347,0.712172041,0.87891422,0.133327474,0.153833138,1.342314958,4.823356526,1.195218369,1.316801365,9.362849426,0.857131969,0.203261362,5.614461675,0.787734419,587.1658986,74.48013221,1.619945679,0.359174385,0.095096877,174.6834205,2.317468185
CAMELS-GB_00016004,SimulationRaw,0,1958,1964,0.026863236,0.045558533,5.978249915,38.11058094,0.634560497,0.558772992,0.817953792,0.010541402,0.002548475,0.726018872,3.815403942,8.911288579,0.377450859,3.074239382,0.514185982,0.108107263,6.120113835,0.909135591,281.2680899,99.4600547,0.66243814,0.446926786,0.09378432,126.4145099,1.398113317
CAMELS-GB_00018002,SimulationRaw,0,,,0.037007166,0.035564559,7.24690258,33.41598431,0.870087284,0.257313954,0.774978123,0.115842426,0.129231421,0.763467097,6.213932993,1.331863824,-0.441166411,1.287751093,0.778590019,0.289267545,6.363752338,0.863717514,1113.575985,40.68629282,0.493179679,0.526456013,0.065350329,156.3584511,2.012709512
CAMELS-GB_00018011,SimulationRaw,0,1859,1965,0.040477408,0.009008742,24.68667703,34.4742436,0.718281054,0.222018318,0.833877611,0.125400973,0.150044073,1.050149091,6.389870875,5.235487212,-0.035225769,0.917104563,0.532946617,0.357331572,4.834428981,0.788296783,746.3929154,11.0122571,1.189906869,0.655218617,0.057714379,47.41365154,1.684922256
CAMELS-GB_00021003,SimulationRaw,0,1905,1905,0.025792764,0.04509366,14.73160561,43.7732881,1.766763649,0.98251949,0.789590461,0.132917831,0.009352349,1.218656697,4.971617484,5.996874982,-0.072165366,6.923397026,0.381030669,0.088218345,6.600132816,0.887751147,771.782464,10.00473423,1.188104655,0.348905873,0.087781842,92.46515565,1.435789835
CAMELS-GB_00021006,SimulationRaw,0,1905,1982,0.044282211,0.013789203,12.85801104,19.66581901,1.508007388,0.418626069,0.827684157,0.014774888,0.043878701,1.318748969,5.995712852,5.267191439,-0.099258486,9.461985982,0.573397062,0.770414362,4.815378296,0.789375322,444.2898168,70.06321536,1.939755253,0.347452095,0.085933145,207.3658673,1.147564694
CAMELS-GB_00021008,SimulationRaw,0,,,0.044634247,0.04280442,23.21331589,16.40389573,1.51116811,0.940459952,0.770361688,0.091967073,0.089374227,0.833244463,4.822109309,9.956279309,-0.046142149,3.310228099,0.371943873,0.420284141,1.513165161,0.84723249,262.5282543,64.7742755,0.631831562,0.545908818,0.076979951,80.22646088,1.159883169
CAMELS-GB_00021009,SimulationRaw,0,1905,1982,0.047278769,0.056129055,18.72821087,41.33221777,1.724791159,0.335700063,0.876042921,0.098416569,0.073084817,1.214850806,6.115047484,7.509076054,0.03889131,4.202610615,0.913620901,0.751143096,0.996308754,0.844602664,151.6465157,20.63848385,1.099767317,0.444291551,0.074086818,214.688498,1.125142989
CAMELS-GB_00021012,SimulationRaw,0,,,0.030818177,0.053779623,8.751269108,17.06008809,1.501736914,0.83837137,0.875115852,0.003922328,0.098420693,1.471224283,6.118364352,8.000204087,0.164105147,7.479137965,0.081108888,0.778431634,6.054243459,0.432086228,309.2510289,79.31625116,1.096267978,0.507146268,0.099536441,230.8214235,1.44131116
CAMELS-GB_00021013,SimulationRaw,0,,,0.010645462,0.044503687,19.80416259,40.34876874,1.696007694,0.456039014,0.780960917,0.027050829,0.059764949,1.268652959,4.877282648,7.387049486,-0.223852321,1.153675222,0.323245223,0.180492651,6.884740191,0.787558735,622.9375349,34.44426115,1.79345032,0.437988153,0.092340954,265.3236235,1.040891155
CAMELS-GB_00021018,SimulationRaw,0,,,0.031305692,0.016545746,16.40894576,33.99701514,0.69310628,0.508993961,0.68059308,0.014289783,0.030119138,1.187920798,3.540772326,0.185756324,-0.414301993,3.00625863,0.68770876,0.179997338,6.402447453,0.441310475,449.3816906,5.942272473,0.957791107,0.338026576,0.03903909,268.1564554,1.149517098
CAMELS-GB_00021022,SimulationRaw,0,,,0.027408795,0.025532879,11.6576648,41.83365681,1.763867224,0.923779295,0.85730992,0.16115341,0.142417296,1.026270452,4.407545872,6.611631633,0.114401437,1.309183338,0.784107698,0.455887822,6.714980538,0.93009658,671.6755227,7.424101879,1.806661783,0.534632394,0.041009057,25.70936752,1.254501316
CAMELS-GB_00022001,SimulationRaw,0,,,0.028790023,0.057854145,24.86936762,2.253172671,1.271923458,0.369599962,0.862420188,0.151383054,0.128779054,0.717329194,5.83008639,4.987772018,-2.517408714,2.042303174,0.304969531,0.450094756,4.366438822,0.490227691,534.4615379,68.49497815,1.959306377,0.665311958,0.042095203,138.8752343,1.317299292
CAMELS-GB_00022009,SimulationRaw,0,,,0.045796247,0.031903538,11.93767363,25.08363857,1.829648744,0.523812864,0.701537645,0.065258259,0.117778666,1.116370788,4.630449235,6.720321476,1.258210711,7.423171429,0.068399758,0.155249646,6.724451853,0.595308679,1720.422912,79.94348101,1.527149966,0.550646182,0.098923667,64.13255989,1.110760391
CAMELS-GB_00023004,SimulationRaw,0,,,0.03617468,0.004699391,23.35088292,40.01249188,1.324808,0.828900442,0.740086998,0.098301219,0.100848547,0.77536581,5.357553843,7.327970279,-0.335802265,5.257831818,0.741106838,0.489412251,6.061327739,0.716989481,280.9407733,5.948756343,1.401952444,0.572128466,0.096998544,260.7460747,1.103246708
CAMELS-GB_00024001,SimulationRaw,0,,,0.029282014,0.060223888,11.66751998,27.50592465,0.961654682,0.973428832,0.746880874,0.121661625,0.045976413,0.930675101,5.334202882,1.603610036,1.699701664,19.75692154,0.439116332,0.223110357,5.881297596,0.364689663,886.9032957,3.764933813,1.474484341,0.463554925,0.090083607,276.4757498,1.343731857
CAMELS-GB_00026003,SimulationRaw,0,,,0.029203929,0.049634854,22.10530908,26.70128381,0.776246619,0.346635281,0.876597466,0.142360729,0.125075943,1.371792971,4.053209967,7.105047318,-1.270888969,2.503107308,0.125792872,0.493297985,4.061386427,0.86483412,651.3188379,46.45380328,1.466190113,0.012817401,0.020644773,178.1722319,4.176086771
CAMELS-GB_00026005,SimulationRaw,0,,,0.041115336,0.062479879,25.75163352,45.97793211,1.999082181,0.123123346,0.762712601,0.125353356,0.015593812,0.772131422,4.257835657,9.95971179,-4.877006273,10.04915028,0.395197673,0.421812996,6.786739107,0.445347999,790.1237847,44.1563905,1.791879732,0.076911026,0.020239919,55.56986653,1.95389224
CAMELS-GB_00027003,SimulationRaw,0,,,0.016826641,0.035717493,23.02945224,11.43508651,0.972259854,0.771918347,0.816294384,0.061255203,0.080004801,0.977576958,3.513837992,7.934667666,1.216680486,12.7106664,0.84426256,0.122421431,2.462852263,0.966156624,507.7783018,2.011615349,0.217100362,0.318874767,0.054838902,32.53811731,1.018744509
CAMELS-GB_00027006,SimulationRaw,0,,,0.028927385,0.064372686,18.37559988,10.9590523,1.444441519,0.920775575,0.719228239,0.170451296,0.139469877,1.183554829,4.613085035,2.321153201,0.194361057,7.894134783,0.090447967,0.775585833,3.689981179,0.94037921,594.958943,11.52182721,0.999568386,0.34035176,0.063753165,83.33297393,1.143502829
CAMELS-GB_00027009,SimulationRaw,0,1901,1936,0.033212854,0.055000265,22.16454995,28.66555354,1.144026623,0.853717143,0.837865458,0.169490158,0.14597003,0.708800232,5.595507867,2.351832838,0.529055739,2.746349546,0.805373678,0.096020784,3.375702609,0.797000486,531.4414624,37.19538192,1.921060816,0.571308924,0.079175253,277.4487004,2.490453491
CAMELS-GB_00027021,SimulationRaw,0,,,0.017921371,0.021229324,17.90297814,22.03066495,0.971146834,0.782629393,0.80802684,0.071472926,0.000629289,1.437757204,3.932553114,6.735293557,-0.105832591,12.04735278,0.468703121,0.692095728,3.058312779,0.38746916,856.1959421,1.839867337,1.981432157,0.296845368,0.048441415,42.13336097,1.222435567
CAMELS-GB_00027029,SimulationRaw,0,,,0.012367105,0.036576766,11.08844035,12.83493078,0.92719457,0.565439467,0.893222596,0.172947743,0.131430191,0.764320278,6.00188386,8.552747496,-1.836918975,3.524130341,0.637627827,0.500782842,6.454281909,0.582782993,766.9291375,4.266431778,1.649044992,0.474751217,0.058409573,204.9018662,1.006146675
CAMELS-GB_00027034,SimulationRaw,0,,,0.043225709,0.049753121,21.43818779,25.92298481,1.363941701,0.463534846,0.809660574,0.073602218,0.058376938,1.361918316,4.785552382,4.004667874,0.394520257,4.95501059,0.050679318,0.03698617,5.410446274,0.91773051,772.1467454,18.53553426,0.132297705,0.757119335,0.095233287,163.2661463,2.334276427
CAMELS-GB_00027041,SimulationRaw,0,,,0.040638011,0.060025648,23.97116666,3.967275442,0.835897454,0.944313646,0.707962335,0.059439122,0.004600834,1.193208643,6.061822861,3.744807401,1.325837026,13.71487907,0.754991139,0.156750471,4.470997851,0.855999476,566.7518708,11.73732426,1.456058484,0.17507524,0.058467622,238.7660772,1.243273226
CAMELS-GB_00027043,SimulationRaw,0,1986,1986,0.038590644,0.049520608,14.44122629,4.975587216,1.962194641,0.912534637,0.7327228,0.023231538,0.03814596,0.822062352,5.917406376,1.438732372,-0.743615886,17.06176457,0.163552157,0.501562854,6.994423232,0.592001472,370.7271383,75.88033863,0.112655577,0.700409233,0.026766307,229.6932102,1.291757061
CAMELS-GB_00027049,SimulationRaw,0,,,0.044518956,0.040831184,11.34796976,42.79188169,0.762189586,0.939732484,0.724713096,0.002119148,0.129659226,0.950152252,4.709123278,9.848966047,-4.194908435,5.95200159,0.428885897,0.190830686,2.004064456,0.328564851,546.2446928,86.16812095,0.071258537,0.434389379,0.076320889,179.9680477,1.602415338
CAMELS-GB_00027071,SimulationRaw,0,,,0.035196412,0.049191152,20.13934228,37.94753949,0.713203832,0.87973907,0.738146089,0.037307113,0.079008144,0.960855057,4.485086296,5.19979362,-0.654707517,1.300756029,0.444666405,0.304729445,6.602589559,0.933328986,1136.976561,1.355477559,0.505305821,0.626808127,0.050531313,237.248119,2.065295455
CAMELS-GB_00028009,SimulationRaw,0,1912,1992,0.008009341,0.016015339,24.83879248,24.31703687,0.750751444,0.110681522,0.898370246,0.062788334,0.135615945,0.872596127,4.993894708,8.72699543,0.868718093,18.36407428,0.956126008,0.732654006,4.272469918,0.973322719,615.1856507,1.236080037,0.665067399,0.279545302,0.022427595,212.5354928,1.035539576
CAMELS-GB_00028012,SimulationRaw,0,1953,1953,0.025787408,0.022966642,13.66751982,9.301856414,0.5679128,0.174519668,0.77056415,0.022289423,0.098368267,1.085298938,5.027331021,9.994249555,-0.283825267,2.666052284,0.892677506,0.483326409,2.242796261,0.757588317,727.9954257,3.610470417,0.201095996,0.2294513,0.060757103,25.88035712,1.454929155
CAMELS-GB_00028015,SimulationRaw,0,,,0.034954424,0.054368245,18.17028232,39.28210055,0.76029609,0.374537482,0.718249535,0.101881031,0.080775845,1.245111851,5.475735563,1.967285921,-3.634029515,9.187616631,0.545759485,0.544296713,1.853603334,0.468675704,1237.791742,88.61544287,0.811156077,0.205815178,0.031195024,54.6124416,1.510504085
CAMELS-GB_00028018,SimulationRaw,0,1992,1992,0.011441729,0.047846094,16.78183183,8.800920982,1.901429054,0.595161541,0.702687244,0.057240749,0.053992191,1.175166405,3.617883704,5.414118602,0.164775179,7.416955014,0.815696149,0.089285723,6.997324326,0.923403679,531.3195298,79.09405951,1.673674167,0.368943496,0.024294354,26.48906062,1.291896834
CAMELS-GB_00028022,SimulationRaw,0,1912,1992,0.044604831,0.037090069,11.52780801,10.95662891,0.679724516,0.197762084,0.692850395,0.142535597,0.139476998,0.674031661,5.228681402,5.083611412,1.325286431,18.31539296,0.513713085,0.402071535,4.842615061,0.856323389,1338.56799,1.571209871,0.721330389,0.31438455,0.053410681,61.50024139,2.448032236
CAMELS-GB_00028031,SimulationRaw,0,,,0.029171636,0.018387412,9.763644261,22.0278058,0.853112073,0.418187811,0.890747543,0.117043996,0.012572337,0.695812129,6.452978806,1.88822507,-0.893578741,2.531357017,0.712477372,0.593722432,5.328773722,0.58013667,426.4771417,10.39309619,1.979937735,0.438595994,0.048654478,139.0747579,1.571039886
CAMELS-GB_00028046,SimulationRaw,0,,,0.010130789,0.060129375,11.54018097,19.73036368,0.936604937,0.605331994,0.835343178,0.047982926,0.05726552,1.138884999,5.425800585,4.413570216,-0.850593256,8.877315624,0.874676332,0.403567103,4.574953921,0.653049229,381.6258514,27.44678526,0.939732708,0.089345336,0.058747668,27.77587954,1.091130645
CAMELS-GB_00028067,SimulationRaw,0,1912,1945,0.035081622,0.026331558,9.138256613,45.92607451,1.606915874,0.729598801,0.688877567,0.016876974,0.0553624,1.188085349,4.78267078,5.219424495,0.260562805,4.964444655,0.281366639,0.621859534,1.891325289,0.451838437,312.9122799,2.518112557,1.508741525,0.266517171,0.036053899,261.9131406,1.257268121
CAMELS-GB_00028080,SimulationRaw,0,,,0.032247837,0.004891777,11.62975553,3.933233729,0.611196408,0.85783321,0.763942024,0.021836511,0.010224018,1.294753398,4.119933892,9.626432742,0.026274911,5.639875766,0.488260293,0.583823973,4.427559644,0.422057687,753.215887,17.6250337,0.884121939,0.251585525,0.022736337,258.8226289,1.42798677
CAMELS-GB_00029002,SimulationRaw,0,,,0.03095018,0.046271695,19.77584554,16.91179321,0.888192718,0.811389646,0.717913572,0.129169559,0.009874943,0.732436232,3.823851357,0.643986025,0.367537564,10.09995429,0.227937826,0.003611731,5.839690087,0.925977701,1448.147683,42.95730486,0.141011322,0.082788036,0.032241689,16.98894999,2.257501503
CAMELS-GB_00029003,SimulationRaw,0,,,0.037134978,0.043610615,20.10295022,29.17088263,0.606928764,0.80862327,0.767977317,0.112733902,0.031962762,1.102142689,6.341907387,0.624975105,-4.989121475,14.74529235,0.653538912,0.558110209,4.518907661,0.847664383,727.3177352,84.15814396,0.988449444,0.057273477,0.032773081,114.4845462,2.143402359
CAMELS-GB_00030011,SimulationRaw,0,,,0.047651394,0.059090457,25.3799577,37.91352461,0.94042964,0.498768807,0.69498399,0.044819525,0.054860789,1.300984346,4.891157208,0.366754488,0.335980578,1.658120604,0.870554737,0.143520522,2.73657657,0.582798908,580.7256039,9.385329191,1.54533735,0.316461074,0.031525101,9.726573637,2.310106055
CAMELS-GB_00030015,SimulationRaw,0,,,0.040060571,0.068654785,23.80497619,42.98017471,1.035203214,0.995534878,0.718899746,0.117532554,0.126441258,1.434392677,4.775430293,8.44095574,-1.825350206,6.324332255,0.832152905,0.746867405,2.432560472,0.819034672,508.99832,6.310508014,1.096525447,0.05553192,0.048150892,233.6146544,2.383772117
CAMELS-GB_00033006,SimulationRaw,0,,,0.017385616,0.059615719,21.1732825,18.28892173,0.989352613,0.241939884,0.739664378,0.137851527,0.097802988,0.710810761,3.931920084,5.992042101,-1.638620595,5.14291278,0.525221366,0.456594781,4.829942801,0.954002494,900.8681553,3.185864295,1.147029372,0.16914792,0.04262354,33.37412794,1.984067947
CAMELS-GB_00033007,SimulationRaw,0,,,0.041096719,0.05765755,10.85144389,38.04944539,1.622501529,0.559631391,0.777737894,0.113536548,0.111645076,1.099181644,5.436200499,8.974208253,-3.891957247,17.16958013,0.796387211,0.423234492,2.768660981,0.746161065,959.6141532,90.80127133,1.946250788,0.116064336,0.033520885,67.33307414,1.765906839
CAMELS-GB_00033014,SimulationRaw,0,,,0.010317854,0.067768956,20.41379477,17.81548739,0.822489784,0.316248938,0.810585866,0.118608964,0.152893147,1.402502129,3.942415873,9.892228911,1.340390185,18.30224583,0.354304618,0.214399835,4.13824628,0.740423893,1263.882201,53.12913256,1.936561398,0.152327021,0.03664325,243.9576518,1.263906218
CAMELS-GB_00033019,SimulationRaw,0,,,0.042229131,0.065282783,20.77283866,8.262334396,1.718480774,0.510676693,0.762483438,0.016445899,0.089982791,0.761527847,5.306068107,6.668845868,-1.555863009,5.212624274,0.893795324,0.1314604,6.496007258,0.959709043,1185.538666,34.23039263,1.642878208,0.100164396,0.07633067,113.8283618,2.06146403
CAMELS-GB_00033021,SimulationRaw,0,,,0.04032077,0.062482084,25.06225708,45.44377,1.775206676,0.489694379,0.704657353,0.112471936,0.008683803,1.284048507,5.59486468,6.476693498,-4.032322708,19.86875256,0.777797457,0.190862763,4.922293435,0.886587573,766.1371039,25.13682515,0.941615701,0.256449746,0.055826045,104.8646854,1.564269203
CAMELS-GB_00033022,SimulationRaw,0,,,0.037038342,0.054671787,8.470235939,26.19937567,1.441492631,0.314596356,0.863175544,0.069489704,0.042108432,0.787680321,6.490932604,5.445707812,-0.946675511,1.338809324,0.85807725,0.211451122,3.368222964,0.317979655,1841.461388,38.875211,0.582315753,0.19681474,0.055772696,3.647607782,1.714257001
CAMELS-GB_00033029,SimulationRaw,0,,,0.031612212,0.064808826,23.7795946,32.3588669,1.096712321,0.901266029,0.710110712,0.103624136,0.102641059,1.006765308,3.521551624,1.077777931,-2.756558131,14.45452725,0.022634482,0.552749981,6.997866823,0.45359979,709.4401103,38.43726092,0.815036133,0.099834518,0.076815534,201.451004,1.273218225
CAMELS-GB_00033033,SimulationRaw,0,,,0.043207592,0.028857516,15.44512351,4.625939689,1.687161151,0.815827303,0.684396173,0.151392942,0.08153035,0.907832772,5.452262366,6.397227126,-1.869312008,7.356809934,0.401058439,0.3450044,3.638831087,0.426500344,1944.345115,15.75376535,0.652479982,0.10948243,0.022235516,260.5407238,1.242794881
CAMELS-GB_00033034,SimulationRaw,0,,,0.044597474,0.01750887,20.56744747,40.62507832,1.047539912,0.726272095,0.869541723,0.028351689,0.105401749,1.013355873,6.012996195,6.521659267,-3.23202642,11.33334104,0.810183576,0.493677439,6.159187829,0.382491369,1575.53929,13.78769931,1.322288451,0.249018895,0.056225924,289.5850798,2.843532701
CAMELS-GB_00033035,SimulationRaw,0,,,0.036008652,0.042290232,24.35167058,38.3624757,1.26702148,0.911686859,0.701705822,0.020345699,0.155177751,1.403065748,4.657611197,1.123898125,0.036462881,1.871017661,0.191130472,0.661676322,3.677493761,0.607403757,512.5246053,4.034701215,1.32104846,0.196985919,0.085800355,133.3628794,1.354407725
CAMELS-GB_00033039,SimulationRaw,0,,,0.036812691,0.01544672,23.51905755,45.97458898,0.727017053,0.974101715,0.715655844,0.04995773,0.080089244,1.344680453,4.871652978,6.405190113,-4.075696259,17.6053727,0.490279989,0.061708146,3.74383697,0.668188212,632.0435602,0.547999663,0.142825636,0.439497812,0.062797158,35.34349982,1.960531862
CAMELS-GB_00033054,SimulationRaw,0,,,0.015160095,0.045574698,11.50106618,42.0663354,1.991483404,0.70218039,0.782836963,0.01386848,0.144649101,1.131582766,5.26611486,9.559245731,-1.265164333,12.90426616,0.110333878,0.12851153,4.218525092,0.431562923,594.4324367,48.60723621,1.410919807,0.042896404,0.021177995,159.8884775,1.441152134
CAMELS-GB_00034003,SimulationRaw,0,,,0.023039966,0.065935487,22.6037288,45.4807312,1.367689487,0.964661507,0.844742121,0.000605317,0.005543043,1.076997666,5.638218193,9.975960763,1.279289861,14.1591838,0.140836385,0.514043704,1.891766325,0.821829372,1725.920583,58.07665927,1.551626517,0.156299021,0.025942669,69.62233788,1.432528598
CAMELS-GB_00034011,SimulationRaw,0,,,0.01807264,0.020616389,20.41431166,30.19250905,1.207866554,0.513184035,0.757478771,0.162183485,0.018865551,0.813714383,6.456250471,9.939358152,-0.188132878,11.04510698,0.710545291,0.256470138,6.076739426,0.660501871,1663.260074,75.33019009,1.0494165,0.124390113,0.061420646,223.771715,1.319919039
CAMELS-GB_00034012,SimulationRaw,0,,,0.038760804,0.042797041,24.27059421,21.85142567,1.894249271,0.847014436,0.723763508,0.000290436,0.132001639,0.803347894,5.003575175,8.663927507,-4.942547454,14.63119583,0.72873648,0.277981864,6.788929946,0.927697966,1647.384357,56.8000059,0.531910408,0.037715224,0.024339678,270.5915641,1.062302255
CAMELS-GB_00038003,SimulationRaw,0,,,0.022852374,0.06701915,22.39675434,4.320768824,1.04668876,0.108942986,0.848361752,0.13727306,0.008897059,0.879312575,5.088267649,8.65134023,-1.469945107,14.65180958,0.579283009,0.021605813,2.908869428,0.46229664,1806.028308,52.59612031,0.785008045,0.026285344,0.020712625,100.2537108,1.445333351
CAMELS-GB_00038018,SimulationRaw,0,,,0.024546415,0.022951218,18.2399697,11.62402921,1.097775129,0.853071244,0.860145179,0.094779743,0.040689032,0.803555788,4.081880504,5.413108288,-2.699298663,10.01954159,0.036374645,0.380484652,3.859408381,0.597261763,1633.425769,10.65769969,1.135753946,0.096805293,0.025828478,255.9515733,1.631611443
CAMELS-GB_00039001,SimulationRaw,0,,,0.047727169,0.039237033,23.65335438,44.60753536,1.324033254,0.45581146,0.747578903,0.065545589,0.154083064,1.02282921,6.126711211,2.36195537,-2.603799051,7.607881296,0.763050438,0.467567022,4.856783264,0.678782915,601.1733216,12.68990611,1.219494925,0.356538942,0.079810113,267.9138491,1.939311597
CAMELS-GB_00039002,SimulationRaw,0,,,0.046688563,0.042409172,25.09571659,37.42452752,0.606300188,0.461209455,0.832668231,0.023879,0.06513311,1.398557125,4.795281925,1.545307046,-0.732818435,14.5635584,0.823015241,0.212799052,5.952516879,0.878582742,533.7431504,96.45769055,1.237488296,0.248738886,0.0775704,248.0013207,2.041685004
CAMELS-GB_00039006,SimulationRaw,0,,,0.023009563,0.057587121,17.72577647,8.419173919,1.883034778,0.39424804,0.76505001,0.132154607,0.0880366,1.129695689,4.381474844,1.148100399,-3.396967614,13.12557399,0.284143379,0.472884079,3.990649458,0.972854553,636.6611246,8.706453868,1.656144059,0.071403968,0.072290098,41.12493946,1.369476386
CAMELS-GB_00039007,SimulationRaw,0,,,0.044162833,0.020389932,20.87691906,38.77912925,1.082884867,0.337299684,0.73492336,0.092299921,0.084265165,0.869740982,4.864150015,1.445425885,-3.549696286,18.54561683,0.903668964,0.639986763,1.225883083,0.92546743,669.8972743,67.77371915,0.980344072,0.269190376,0.032630616,67.62204666,1.2773789
CAMELS-GB_00039008,SimulationRaw,0,,,0.047708655,0.038180011,9.067206579,40.7071524,1.146798667,0.37074595,0.797175649,0.024390819,0.157317566,1.327181973,4.704193918,5.428175143,-1.814694171,18.90473695,0.453458987,0.233739135,6.675191725,0.820354989,493.5413867,91.92773435,0.418492664,0.151557084,0.097275791,288.6676364,1.406327514
CAMELS-GB_00039010,SimulationRaw,0,,,0.022659119,0.013391008,22.79009885,31.94714413,1.447207743,0.829194362,0.724735066,0.116200273,0.119366743,1.127321463,5.68859421,7.518052438,-1.98084471,17.1801025,0.299134522,0.159699676,3.583411753,0.857266483,1929.59579,6.379320968,1.459074042,0.08445959,0.021984944,157.5830043,1.311338021
CAMELS-GB_00039011,SimulationRaw,0,,,0.031845112,0.034073384,13.51269307,46.31846485,1.857876718,0.310959636,0.712289928,0.15089337,0.083609978,1.43203689,5.67048504,6.944740248,0.444901706,17.9530388,0.025624094,0.652212562,1.084846997,0.553455093,1703.335467,87.38724411,0.38533059,0.24977423,0.020796559,153.9818337,1.189143949
CAMELS-GB_00039014,SimulationRaw,0,,,0.022504541,0.017721744,15.44082431,27.98936518,1.913493433,0.314911716,0.721341683,0.159414137,0.119207534,1.086558754,4.06279987,8.044782786,-1.824449854,1.097178082,0.217889678,0.315542851,6.680286198,0.365956037,1701.532676,57.98738214,1.660501725,0.126468529,0.023435098,220.9705795,1.457164551
CAMELS-GB_00039015,SimulationRaw,0,,,0.011262476,0.028835488,25.00217156,23.65967333,0.502966243,0.22674626,0.689431191,0.145579216,0.087388377,0.796438519,3.637731687,9.083864089,-1.944370671,9.154590386,0.220301341,0.683400777,4.090856302,0.872910062,1674.585678,64.44669963,0.606904275,0.019344339,0.021137309,212.6416489,1.218197997
CAMELS-GB_00039016,SimulationRaw,0,,,0.046531707,0.045773242,17.40188174,41.77086273,1.705386935,0.845006894,0.691254949,0.129798839,0.118687173,1.000223898,4.995536485,9.686697171,-2.398186199,11.86272448,0.150163171,0.498490201,2.299255651,0.65746555,1140.36296,12.8349148,0.077249627,0.092159674,0.029527262,187.0594842,4.010395817
CAMELS-GB_00039019,SimulationRaw,0,,,0.019511697,0.04218911,21.1721907,11.76846352,1.940417307,0.263982374,0.693158254,0.146159892,0.023830055,0.820932746,4.142720464,4.887808611,-1.150210997,1.271249371,0.719116598,0.374120997,4.996072264,0.971805035,1904.718389,76.59256401,1.485293698,0.11072351,0.023574753,147.3647459,1.551008043
CAMELS-GB_00039020,SimulationRaw,0,,,0.005873357,0.027438083,23.24025073,30.7423671,1.10412435,0.531856628,0.825642208,0.125295409,0.021488929,1.40638222,4.626560272,8.340025419,-4.934548748,3.780516897,0.130960051,0.516856676,3.827111214,0.698086325,365.1975686,35.04843916,0.372337274,0.013211829,0.027756587,134.7684916,1.144273714
CAMELS-GB_00039021,SimulationRaw,0,,,0.033830812,0.066125364,19.28208993,45.0493094,1.430450523,0.681332036,0.797959752,0.16573246,0.023972241,0.841786078,6.490264206,5.587089586,3.736096581,19.46677178,0.153258618,0.127077686,3.195604156,0.698416304,510.730122,53.00157471,1.763411795,0.092693861,0.09711837,37.14077911,2.058911632
CAMELS-GB_00039022,SimulationRaw,0,,,0.014249158,0.057217961,5.248040983,44.41921674,0.984964149,0.366475352,0.81789698,0.14438385,0.043962948,1.019184631,3.868762062,5.547137526,-4.89813121,7.335560491,0.354661803,0.621281367,6.514139237,0.570853297,1043.35616,58.88608813,1.451556228,0.183012759,0.027205144,86.8166004,1.386107265
CAMELS-GB_00039023,SimulationRaw,0,,,0.047869101,0.014881678,18.53535997,33.10998979,1.123381647,0.776823575,0.818105473,0.028964987,0.011265242,1.317392878,4.094004721,7.077372942,-0.555917122,18.91992579,0.59779284,0.42941518,2.389999859,0.824671716,1317.74355,13.39671019,1.250936543,0.048300628,0.02059101,216.677475,1.380918805
CAMELS-GB_00039027,SimulationRaw,0,,,0.039008783,0.029726446,22.07507538,32.19781678,0.58442364,0.888650366,0.758957976,0.006940488,0.021581604,0.820049832,3.960670048,6.754317555,-3.776423657,11.07737949,0.027756018,0.66246466,6.455038307,0.763289792,1887.579332,59.31282385,1.64985091,0.131767588,0.027694766,232.9764813,1.250016977
CAMELS-GB_00039028,SimulationRaw,0,,,0.046998945,0.061209296,14.13619636,34.02434919,1.505683273,0.125782067,0.731331151,0.028504706,0.025052779,1.459216319,5.73584724,4.124825759,-4.348310136,14.87967084,0.770883306,0.372741357,1.026481681,0.535039344,857.511351,2.331298437,0.172338488,0.021213341,0.036364774,111.8591868,1.45425407
CAMELS-GB_00039029,SimulationRaw,0,,,0.014421835,0.027011304,13.86206009,4.477015922,1.613267982,0.655576491,0.888825666,0.078685768,0.126604594,1.18283998,3.747684783,3.712352124,0.614332441,17.99077389,0.048454198,0.601720311,0.973575664,0.451894493,1921.972132,29.37046245,0.857206325,0.050074651,0.020639867,127.2420464,1.348635558
CAMELS-GB_00039034,SimulationRaw,0,,,0.028060907,0.040624124,20.96857605,15.47699666,1.522861312,0.735065769,0.759767292,0.150658405,0.157292028,0.70318588,4.481537836,8.549496409,1.308419519,7.143752775,0.881551758,0.295283403,2.570371646,0.731118053,514.2911111,83.80534376,0.82901508,0.313186874,0.081799562,195.8466035,1.724508064
CAMELS-GB_00039035,SimulationRaw,0,,,0.037619001,0.04087293,22.41970578,26.37685597,1.101670376,0.744179984,0.694755923,0.113777467,0.109406645,0.929015719,5.832696729,1.231637063,-1.992228708,8.360432227,0.581819015,0.665369398,5.133672162,0.304059962,416.3843936,88.21868211,0.97550009,0.045256242,0.050258885,188.4299523,1.26620118
CAMELS-GB_00039037,SimulationRaw,0,,,0.031591286,0.067646378,23.00448663,40.00762408,1.597684613,0.855488345,0.877429499,0.05324879,0.067302517,0.879048556,4.537682116,7.887516929,-0.615218012,11.04978401,0.156653449,0.289909727,6.244179977,0.82919221,758.6864198,15.13148845,1.289782882,0.11997643,0.059180769,252.2832724,2.255019371
CAMELS-GB_00039042,SimulationRaw,0,,,0.022798082,0.039037156,24.19505092,43.54706434,0.789228166,0.105306378,0.88019785,0.015489143,0.041170114,0.824542484,6.440142948,0.200997282,0.366278771,3.266823312,0.164472607,0.244439374,2.853887038,0.773178834,208.2768679,6.124336566,1.791452199,0.062624017,0.078291843,266.9335411,1.415151853
CAMELS-GB_00039072,SimulationRaw,0,,,0.047733758,0.058308653,25.04600641,45.54424741,1.182465602,0.300832558,0.82508962,0.00077153,0.019285179,0.748724595,5.627574962,6.836803778,0.98709176,17.65241823,0.314059578,0.240202589,1.526391176,0.461966296,762.9735302,16.83725039,0.806134787,0.222631854,0.067880898,264.6018269,3.395670966
CAMELS-GB_00039081,SimulationRaw,0,,,0.047853387,0.022852295,23.49200116,19.70906372,0.58482003,0.681795002,0.777541628,0.116355869,0.071835897,1.449584685,4.294435613,2.984113993,-1.632542374,12.6712902,0.432970011,0.432676249,2.255040465,0.620102805,552.6142797,0.62769946,1.991388686,0.264916849,0.054355062,213.4556157,2.011647857
CAMELS-GB_00039088,SimulationRaw,0,,,0.038922224,0.042378875,22.87200972,41.94297784,1.912967864,0.767817357,0.728269158,0.047006185,0.139547495,0.67588412,3.993828017,7.831571684,-2.213211884,17.94442326,0.519076489,0.488512156,1.792509289,0.753544054,1415.06901,42.34597222,1.756833123,0.069647025,0.024751376,266.4775234,2.00368102
CAMELS-GB_00039099,SimulationRaw,0,,,0.039531965,0.033076954,8.524986083,32.08005771,1.474634515,0.661976064,0.768740327,0.15640663,0.137565492,0.813374249,6.382409285,7.071589845,-2.042499201,9.70584189,0.514600119,0.34051474,6.475727605,0.321823249,309.9669855,35.09010048,0.72311834,0.033303631,0.070656706,217.8120457,2.166721826
CAMELS-GB_00040011,SimulationRaw,0,,,0.032361571,0.055708264,13.96897209,24.48878397,1.64889115,0.686468,0.778450527,0.102728382,0.090583686,1.294177978,3.875224999,8.681477162,2.291639571,11.58679861,0.036963144,0.179011333,3.089568081,0.964979942,1023.675824,47.21187853,1.964288911,0.326811994,0.032086095,140.2518956,2.376792489
CAMELS-GB_00040012,SimulationRaw,0,,,0.038670036,0.058156028,21.64862621,39.51856111,1.599098355,0.234298144,0.714320052,0.122539684,0.1474761,1.105263282,4.414126597,2.681845867,0.667427461,2.901880507,0.82049852,0.364347703,4.075532233,0.440587274,1058.619657,6.901627059,0.683860237,0.208187381,0.098069868,216.8399998,1.019251638
CAMELS-GB_00041009,SimulationRaw,0,,,0.019611387,0.033874652,18.53939835,24.72592224,1.216056585,0.311980544,0.752042892,0.086247059,0.051809893,0.751291173,5.19331303,6.267170883,-1.314469187,5.972108403,0.726176954,0.105555021,0.905849752,0.482388088,839.7757928,93.9536123,0.163697506,0.18859681,0.066742584,23.46235681,2.384483657
CAMELS-GB_00041011,SimulationRaw,0,,,0.00882711,0.028210319,23.72869261,45.7847547,0.745567695,0.448698736,0.85542944,0.076611527,0.074833236,1.331634531,6.022084458,4.276358148,-2.583545385,1.195205899,0.124830807,0.03265046,1.353595488,0.715642218,841.1923404,33.60374835,1.181316193,0.346874452,0.035507844,43.59347704,2.291315777
CAMELS-GB_00041023,SimulationRaw,0,,,0.044175315,0.063959556,24.99545363,36.86128563,1.944962422,0.120538941,0.828877064,0.089312794,0.01539456,1.025165834,4.425595439,8.29037616,-4.851735844,11.32076525,0.718520069,0.138474343,6.632793883,0.418322246,601.9106953,7.534841726,0.089138543,0.048517774,0.045177045,211.9046556,1.526904603
CAMELS-GB_00042004,SimulationRaw,0,,,0.032822731,0.056760982,7.713361843,31.5970827,0.701083031,0.685746326,0.712165715,0.081986705,0.011476365,1.267894432,5.866791203,3.570049008,0.439816082,8.987541513,0.850132801,0.751618833,4.000969364,0.449689757,1877.730923,40.83258566,0.169438195,0.028454907,0.020880488,42.2438011,1.072579723
CAMELS-GB_00042006,SimulationRaw,0,,,0.013240879,0.045854129,23.14835066,46.33931988,0.628989101,0.539554254,0.712216462,0.027357038,0.006155492,1.317436817,4.24161549,6.899789439,-4.175462552,18.71039774,0.747126955,0.458024557,5.475772724,0.860204223,780.5502472,10.01321688,1.279670361,0.022382793,0.025076918,67.3981043,1.951457422
CAMELS-GB_00042008,SimulationRaw,0,,,0.036063992,0.067497626,15.52275426,46.22706256,0.568428951,0.84579705,0.733864372,0.163492458,0.02752709,0.868368387,4.145340884,9.158529551,-1.756437511,4.497449646,0.452930455,0.485526144,3.470764318,0.954175135,1157.177191,21.81255678,1.73013546,0.031417647,0.024220458,146.1701716,1.097694005
CAMELS-GB_00043005,SimulationRaw,0,,,0.038286934,0.050310341,6.52994483,21.77450552,1.858637986,0.985422987,0.716603006,0.010765101,0.06784406,0.740876267,3.918690754,7.279662421,-2.661973777,13.70679787,0.470944605,0.373477038,6.949099869,0.716065409,1053.832202,54.0052803,1.929584738,0.0923488,0.04313363,66.34560876,1.076422183
CAMELS-GB_00043006,SimulationRaw,0,,,0.039949525,0.053979416,13.8775178,8.028494074,0.615173033,0.711823206,0.79996331,0.135084992,0.11230294,1.292632114,4.363675721,4.830644074,-1.31419872,6.647942042,0.260104187,0.052713195,1.287446986,0.483441067,420.7619842,57.38711578,1.851297627,0.248814461,0.034695152,119.9294115,1.951088994
CAMELS-GB_00043007,SimulationRaw,0,,,0.012687813,0.051367376,24.77263095,38.71200231,0.834428203,0.847342568,0.681950755,0.137135172,0.082940628,1.379609722,3.92880286,9.588633307,-0.379465986,11.92991442,0.596119976,0.737403677,4.261748419,0.850640418,665.2097992,2.531706279,1.940848579,0.387420749,0.06520073,196.4981304,1.519877009
CAMELS-GB_00043008,SimulationRaw,0,,,0.025317216,0.027464499,18.7850601,28.51118154,0.5347478,0.286212027,0.709401034,0.130021483,0.032995416,0.891981026,6.455068498,3.45285446,-3.240930363,18.14767912,0.138066774,0.635870817,3.047254583,0.758887278,639.9629007,23.32581444,1.366346256,0.10410863,0.032083112,166.6520224,1.579596906
CAMELS-GB_00043009,SimulationRaw,0,,,0.013144802,0.029398307,25.04817107,13.48196121,0.839044229,0.823470383,0.82106626,0.145263072,0.0245366,0.961325566,4.086410105,5.396450798,-1.053612133,0.681217261,0.903858975,0.246338358,4.145338881,0.753549287,499.5053599,29.54012073,0.670531878,0.753015307,0.055158616,20.77293901,2.456944613
CAMELS-GB_00043014,SimulationRaw,0,,,0.044937525,0.039248463,22.95141979,9.927031979,0.84994573,0.992333324,0.707641598,0.132582649,0.14339851,0.666710664,4.802755985,7.413368096,-0.888593655,14.24351177,0.179074177,0.378635159,1.205730525,0.978819413,646.7414732,42.94604472,1.416610074,0.072358702,0.024617702,166.763036,1.362773827
CAMELS-GB_00043017,SimulationRaw,0,,,0.03462734,0.060499765,20.80900545,44.69926173,0.716298611,0.868899471,0.745947508,0.016610212,0.103354294,1.325183245,3.80519913,8.618216531,-1.645561455,6.245249782,0.944025007,0.566093654,3.478607215,0.847807007,651.7903398,42.66706781,1.021573053,0.38121698,0.052577877,198.3659335,2.092094842
CAMELS-GB_00043018,SimulationRaw,0,,,0.028228099,0.048340057,14.41790927,15.07181477,0.858671958,0.872836896,0.701862543,0.015101215,0.035695323,0.887726894,3.521460673,7.818865593,-1.395933359,9.884717441,0.414556141,0.030862555,4.608757874,0.780728009,503.0658724,11.32570476,0.06653319,0.061149779,0.042856336,22.57748377,1.028879954
CAMELS-GB_00043021,SimulationRaw,0,,,0.032885985,0.007567081,22.28548563,11.51185328,0.871436681,0.750300174,0.713597459,0.015822165,0.073566294,1.033917598,3.619595248,7.128488446,-4.674813092,19.52980457,0.243492982,0.598832444,6.037239229,0.842050772,981.4363556,80.03194497,0.289871143,0.127437276,0.038770282,41.17541737,1.696669031
CAMELS-GB_00044001,SimulationRaw,0,,,0.004346493,0.067901272,12.13532093,9.713539248,1.075330865,0.466305412,0.68634237,0.162082427,0.15323724,1.433445096,4.709205571,9.006435865,1.441874249,19.53399226,0.535569403,0.231500928,3.105187147,0.478684274,705.6042192,20.4520731,1.646342491,0.095266611,0.044356158,109.9237824,1.47279317
CAMELS-GB_00044002,SimulationRaw,0,,,0.046963709,0.014794626,16.16272082,28.32224526,0.951920462,0.965830734,0.770747,0.053686713,0.115997617,1.327813829,5.669497528,4.961207975,0.718887388,4.973681957,0.417877114,0.066912644,5.276804405,0.941391758,1510.421098,41.27552802,1.904506452,0.14651963,0.052574902,33.81838567,1.986916495
CAMELS-GB_00045003,SimulationRaw,0,,,0.01915986,0.048410091,16.48540088,8.868480751,1.173041207,0.111701949,0.823476571,0.135155267,0.07739028,0.703745286,4.428060179,8.338196348,-1.898254938,12.83049939,0.03898242,0.192943051,0.887575109,0.545067558,603.6852442,64.65658833,0.227852236,0.519481025,0.040544076,115.7555656,2.365327102
CAMELS-GB_00045004,SimulationRaw,0,,,0.012490532,0.033536266,17.09293894,26.13521875,1.332160194,0.889535104,0.883044971,0.096498379,0.080375768,1.321786179,3.880614568,7.384012659,0.892109512,14.65221018,0.274529383,0.395530372,1.81380313,0.800318633,336.7160704,46.06029917,1.201713694,0.484791409,0.044122504,28.08645101,1.610509547
CAMELS-GB_00047009,SimulationRaw,0,,,0.027294592,0.061591901,8.090090737,45.49847767,1.587329577,0.694711729,0.827244169,0.033755712,0.028939024,0.672091575,4.573372706,4.574221056,-1.645695787,15.61358898,0.719358757,0.475719518,6.989149281,0.954068616,458.3326708,0.943494583,1.703816479,0.210661741,0.025499296,143.2752101,1.711396502
CAMELS-GB_00048003,SimulationRaw,0,,,0.034575495,0.068463067,8.055482088,19.68816905,1.027165704,0.230253182,0.864352069,0.004219253,0.103013569,0.825644119,4.975817912,5.585698677,-0.729604908,0.17906904,0.979157164,0.226493466,1.779014708,0.786037864,304.1573183,6.686713135,1.747657627,0.277159424,0.052430897,203.262388,2.492635593
CAMELS-GB_00048005,SimulationRaw,0,,,0.007345463,0.017466471,23.31024755,43.77140997,1.543762309,0.841837916,0.686547732,0.062243389,0.00312022,1.079257909,6.153789903,9.263471343,1.391899269,3.818974187,0.208773696,0.605387137,4.596574881,0.965559804,411.8329348,9.737885634,0.643830402,0.281411537,0.075638643,283.6198507,1.12938052
CAMELS-GB_00049001,SimulationRaw,0,,,0.028135328,0.029297617,8.854083349,40.42908377,1.357741309,0.36350967,0.783626017,0.000757059,0.083483036,0.967043825,5.046853319,1.24211396,-1.739842441,13.81447106,0.00506731,0.723758192,2.042740759,0.954419825,269.4211845,3.641536481,1.318905245,0.271791649,0.094807174,153.451372,1.965917249
CAMELS-GB_00049002,SimulationRaw,0,,,0.018123708,0.067380241,20.65032226,28.67143382,1.97930845,0.967613424,0.760936864,0.136382686,0.064539005,0.907461582,5.046584112,7.107360029,-3.333874948,1.787274859,0.045411109,0.364439956,1.884126966,0.790141387,566.3268663,46.0453289,0.310657492,0.040639894,0.067559366,16.69731481,1.589338022
CAMELS-GB_00050001,SimulationRaw,0,,,0.037418983,0.033800294,22.22080846,31.33866541,1.200599695,0.724225669,0.682631997,0.135117184,0.154357648,0.941855299,4.936464146,4.204490368,-2.503788449,14.74559368,0.078678804,0.101440815,6.638121636,0.962522216,456.8235841,4.206477373,0.89442631,0.459820035,0.097002498,208.3632486,1.901693264
CAMELS-GB_00050006,SimulationRaw,0,,,0.037610537,0.047847894,16.02835318,20.52690002,1.758365218,0.999346356,0.892337684,0.066390121,0.005946749,1.107637576,5.055751926,8.47942715,-2.325265896,8.337627499,0.648040508,0.492626395,3.508773683,0.358824354,502.1209042,13.48232777,1.004316324,0.556717316,0.099855791,124.1745459,1.596745817
CAMELS-GB_00051001,SimulationRaw,0,,,0.033344551,0.053166796,17.34567207,45.41173399,0.538166986,0.549723773,0.774055627,0.113743331,0.149833369,0.797790091,5.158147923,5.144856874,-0.155284062,19.31179999,0.627779221,0.13537067,4.88447492,0.763975221,978.2261727,2.664773921,1.375839017,0.213994851,0.073220513,99.54107216,1.677966453
CAMELS-GB_00052005,SimulationRaw,0,,,0.040135193,0.01395742,17.66184352,18.07046955,1.219283299,0.374511777,0.8263676,0.076031077,0.056391904,0.724098879,5.519414572,7.235432179,-0.790919122,17.76255825,0.242547177,0.634213934,6.017583415,0.90833098,1306.333948,2.084798483,1.325613789,0.448904485,0.052578522,164.5235568,2.48409694
CAMELS-GB_00053005,SimulationRaw,0,,,0.020479206,0.061221767,21.87002866,3.980715906,1.067244325,0.507151266,0.739853018,0.062831247,0.076671671,0.668310415,4.090333898,4.502332895,-1.275105812,7.596328306,0.619249249,0.257022429,3.088449317,0.923744176,402.6510685,95.09256966,1.761133431,0.261620651,0.08056298,18.45513277,1.654193711
CAMELS-GB_00053007,SimulationRaw,0,,,0.013332631,0.048281296,16.75845309,37.82878042,0.570842461,0.348031157,0.827721582,0.048291412,0.042938934,0.891374899,4.69338928,2.328408248,-0.974305074,11.98956412,0.727446886,0.695481352,6.127555194,0.947108625,761.4377938,68.78590262,1.990222235,0.476157033,0.041598575,22.20627836,2.068045974
CAMELS-GB_00053008,SimulationRaw,0,,,0.043767851,0.030216471,19.40792785,43.87069817,1.796619119,0.717769561,0.746928057,0.004854467,0.006696425,1.14513245,6.154420316,8.397832612,-1.39693458,5.938290466,0.734197034,0.258387089,5.56313571,0.97832469,432.2774906,12.01736618,1.967387545,0.396852116,0.087295882,89.48493075,1.969615103
CAMELS-GB_00053009,SimulationRaw,0,,,0.038239803,0.051571839,4.284559124,18.85079636,1.49637347,0.374958865,0.68229277,0.089836219,0.130601323,1.093937062,5.933502451,8.609648854,-1.033143641,13.34936406,0.470288174,0.677773999,6.834920678,0.828171142,708.2086547,82.96451642,0.217483895,0.513315818,0.030596417,133.5984415,2.314995032
CAMELS-GB_00053018,SimulationRaw,0,,,0.034710004,0.024980651,19.54222547,22.65028408,0.90370356,0.552695921,0.884014213,0.07739216,0.040473871,0.702091198,6.217730106,3.323569083,-1.245210715,19.0586881,0.741728719,0.60109946,4.33351661,0.953059378,355.5723187,1.706889439,1.737878825,0.364356936,0.073461224,96.42710593,2.324987145
CAMELS-GB_00053023,SimulationRaw,0,,,0.031931447,0.042693985,19.73394306,29.07438675,0.662891889,0.324845929,0.735714234,0.04789301,0.086508249,1.001613816,5.758584149,2.266102892,-2.41241452,2.123432858,0.128867328,0.572113778,3.175126841,0.885923519,334.7969081,3.296246729,0.101503472,0.253129607,0.095181412,85.16416896,2.015493341
CAMELS-GB_00053028,SimulationRaw,0,,,0.033297316,0.03127197,11.05859636,45.35508796,0.71605128,0.663396155,0.778762685,0.018898095,0.140892186,0.821932149,6.367248093,0.925983403,-1.410476681,12.16789748,0.91896928,0.795324022,2.310771552,0.814075753,243.4020927,90.31601252,1.22710295,0.329441802,0.092691026,208.1961563,2.031905296
CAMELS-GB_00054002,SimulationRaw,0,1969,1969,0.046831707,0.014421882,17.77327591,25.42038147,1.128979067,0.684893302,0.707168882,0.025656919,0.067568286,0.811044418,3.820969877,4.605417702,1.390728091,11.09574369,0.239544649,0.200234906,4.129543727,0.837823701,748.1011201,28.22192063,1.176282224,0.395392702,0.055896909,18.3188829,2.148486201
CAMELS-GB_00054005,SimulationRaw,0,1892,1967,0.045169024,0.068926865,9.803792313,22.71753265,1.363827949,0.619279191,0.736602283,0.09515685,0.098394316,1.11424182,4.739556915,3.860888308,-3.516236139,17.20502569,0.449248414,0.01814822,4.690267481,0.662753707,581.5394567,3.279888092,1.434013499,0.378404706,0.053508708,143.845799,2.428534202
CAMELS-GB_00054008,SimulationRaw,0,,,0.03945363,0.049607024,24.30674466,39.54859508,1.814861815,0.893149305,0.809745756,0.073448959,0.102997466,0.721849232,6.434901613,3.44802628,-1.038779717,1.548651626,0.675347164,0.2161927,4.847036894,0.851391015,620.2442747,4.615034749,0.494249278,0.478592888,0.055766398,144.1665729,2.079023226
CAMELS-GB_00054012,SimulationRaw,0,,,0.04050528,0.060905611,12.0885681,41.02745176,1.027464228,0.864876457,0.792769861,0.089385634,0.024902997,1.168061709,4.936744317,7.626059638,-2.426054852,11.85488789,0.801298616,0.103441132,3.348834128,0.956857247,614.8482744,1.838470605,1.92615493,0.160006961,0.054302238,176.654887,1.180697892
CAMELS-GB_00054016,SimulationRaw,0,,,0.039153561,0.054428365,17.76316521,26.18170762,1.04662932,0.881988959,0.714215928,0.140454539,0.036364358,0.831856472,4.729325628,3.482611119,0.263558923,3.792963678,0.892872017,0.052717905,5.582018658,0.888603696,905.1709124,34.08423453,0.385066765,0.430447645,0.059177983,46.23081648,2.019931139
CAMELS-GB_00054020,SimulationRaw,0,,,0.028871652,0.068056301,15.36771422,29.00489212,1.127481935,0.28151981,0.762970878,0.062982964,0.132786493,1.232052809,3.892986471,6.876450542,-1.263516534,11.4404424,0.341398811,0.621042116,2.628621687,0.783679941,571.9139313,94.45076702,0.804143668,0.196679119,0.078734873,4.735886184,2.336138137
CAMELS-GB_00054027,SimulationRaw,0,,,0.026100023,0.015116963,22.98675553,5.30188887,0.679168236,0.227612053,0.741204878,0.038430442,0.125988348,1.31906084,3.838196105,5.639617089,-1.735266922,4.546501701,0.004999349,0.759575905,1.700064608,0.470538755,586.018824,67.75708265,0.62893233,0.021634406,0.050331789,268.5026649,2.127684662
CAMELS-GB_00054028,SimulationRaw,0,1892,1892,0.018407159,0.040193859,19.30386985,18.38835492,1.309919119,0.521750597,0.721711112,0.012466043,0.144308751,1.258100583,5.388396649,6.414784377,-0.341365831,8.112673691,0.541912844,0.179358997,6.984739877,0.980984509,783.2668049,7.84484407,0.781973599,0.539517783,0.081743902,108.1938695,1.603472509
CAMELS-GB_00054029,SimulationRaw,0,,,0.030087928,0.03792869,20.38934748,44.92437071,1.611571477,0.425288787,0.715379996,0.015800306,0.020773094,1.11125306,4.305967511,6.819906226,-0.345753045,2.163512376,0.096782769,0.055109469,4.952634992,0.995927213,610.7019489,3.022671682,0.35342914,0.435244834,0.084529552,121.6417304,1.112490928
CAMELS-GB_00054032,SimulationRaw,0,1892,1967,0.042740062,0.067868481,24.66715698,39.74573687,0.599105661,0.860313927,0.880869932,0.103524195,0.102490535,1.208432673,5.069318527,3.036495309,-2.157164639,0.300996918,0.687600723,0.393282081,4.453904446,0.817191076,764.8793094,72.55085002,0.486638744,0.366760732,0.086130585,296.8524043,2.098907311
CAMELS-GB_00054057,SimulationRaw,0,1892,1969,0.035037795,0.055599914,25.46429565,25.58575887,1.583044183,0.823475079,0.885272424,0.172931623,0.136309985,0.82300916,5.356183634,3.128298997,-4.230842577,9.94954635,0.495643273,0.63490168,5.240172151,0.952165542,780.3379864,78.57945671,0.384790845,0.335738853,0.0965626,244.2852434,1.671766237
CAMELS-GB_00054095,SimulationRaw,0,1892,1967,0.029530985,0.056984574,19.10840168,33.30326717,0.839449273,0.323213884,0.69604146,0.111409715,0.118591481,1.474636774,3.716622132,1.412914475,0.902194846,2.477147083,0.834037885,0.252774145,4.048395523,0.972515594,628.2962308,2.186783427,1.896567281,0.27141004,0.08792078,122.3185036,2.10014354
CAMELS-GB_00055002,SimulationRaw,0,1904,1952,0.015902876,0.032484298,23.66100847,4.398104281,1.786181341,0.550247411,0.807488767,0.006314977,0.032639103,1.321408548,4.170999574,9.492793429,-2.899372274,4.264826111,0.348873868,0.454368967,4.414017607,0.435251007,540.4721976,7.873708096,0.454626605,0.444423151,0.077482687,228.6882464,1.419637379
CAMELS-GB_00055007,SimulationRaw,0,1904,1952,0.020662169,0.008502262,22.12720935,40.65005328,1.322009381,0.793962917,0.71427489,0.098690484,0.047109753,0.952113217,4.728122258,6.086307901,-3.349980379,2.946687377,0.573214481,0.224399031,5.222918776,0.773500044,584.3508174,2.959866398,0.877055844,0.5483133,0.078892863,264.0770953,1.139193871
CAMELS-GB_00055013,SimulationRaw,0,,,0.025816574,0.038457351,16.41205601,19.00208223,0.501290548,0.605545573,0.845950543,0.116083954,0.11977441,1.118987005,5.94421989,7.847380944,-1.7594413,12.19608861,0.193568053,0.585618575,6.176878008,0.953699006,312.1928718,2.541485089,1.13865111,0.253795,0.045523842,196.9869218,1.379242818
CAMELS-GB_00055014,SimulationRaw,0,,,0.021137476,0.024650213,13.51866271,37.1055424,1.88037068,0.46917284,0.854827652,0.06828631,0.075644286,1.136657146,5.999753948,0.306690125,2.003830351,15.37210107,0.860297829,0.691500165,4.159245115,0.954220948,333.203101,3.536031277,0.539198794,0.194001138,0.046682237,240.9363352,1.155812157
CAMELS-GB_00055016,SimulationRaw,0,,,0.031093151,0.067104311,20.23067836,40.01750861,0.960886611,0.247050925,0.79657179,0.121688282,0.075518165,0.996743099,4.727640802,2.040559101,-3.197913294,5.158734787,0.118559889,0.223884554,6.548205587,0.962214319,298.4440845,22.00659436,0.110683638,0.514908843,0.094476397,63.79675755,1.25678132
CAMELS-GB_00055021,SimulationRaw,0,,,0.044861989,0.033404017,23.17042769,34.25103559,0.940076116,0.84772897,0.716294748,0.045512018,0.049649019,1.325682281,3.666965547,1.010488909,-2.032010111,1.286791132,0.079618583,0.230672726,2.850351468,0.888164111,645.9277824,2.836019327,1.804938275,0.295600247,0.071042836,140.9504627,1.657677948
CAMELS-GB_00055025,SimulationRaw,0,,,0.038835497,0.046318885,22.29273532,43.25451427,1.909001258,0.119849642,0.873424505,0.1301843,0.137047775,1.399545434,5.134962951,2.609388665,-2.444269333,14.17178598,0.135360101,0.160025308,3.830595214,0.821970228,436.226538,3.45748901,1.325617825,0.245271715,0.088421189,273.408937,1.263531003
CAMELS-GB_00055029,SimulationRaw,0,,,0.028599298,0.067614854,7.768497931,26.60747422,1.879015222,0.527086342,0.706357111,0.017006101,0.125036869,0.734055055,5.633447115,2.218292278,-0.055958434,5.019564543,0.890430108,0.560795331,2.628319099,0.863202841,266.560138,73.50209859,0.103338597,0.51612614,0.051722999,156.5212611,1.117579842
CAMELS-GB_00057007,SimulationRaw,0,,,0.01389659,0.067980631,22.22106266,30.60347421,1.713206707,0.901185929,0.813052807,0.098130895,0.002971384,1.31048462,5.367240845,4.728280216,-2.823841945,5.276065499,0.016930194,0.14730666,6.95214898,0.961377035,945.4676202,4.521822405,1.161967037,0.428812143,0.044531104,39.31144819,2.292513379
CAMELS-GB_00057008,SimulationRaw,0,,,0.022153694,0.020068401,13.2700144,11.75003301,1.882018836,0.514479593,0.748866831,0.072596039,0.008314156,0.712879324,4.329481714,9.743933876,0.292862906,13.99914992,0.541468134,0.555361895,6.224776242,0.858930305,704.6488345,77.00402746,0.459831616,0.524388048,0.087639356,117.3986523,2.446826717
CAMELS-GB_00066001,SimulationRaw,0,,,0.036834877,0.028656635,9.852324187,26.67960643,1.805223592,0.251312411,0.894301736,0.146137888,0.023687544,0.79133432,5.107695862,8.412170518,-3.858973296,0.208979111,0.504513551,0.744101836,2.92852763,0.976058618,387.0954036,44.07423438,1.926317314,0.483099599,0.072799117,270.6308183,1.455618769
CAMELS-GB_00066004,SimulationRaw,0,,,0.038689819,0.05669423,24.86670099,26.73958962,1.435920939,0.39741738,0.732923577,0.021866054,0.047613939,1.049304902,3.683685999,9.633152792,-1.426725218,9.460582628,0.307466726,0.347781706,1.118959175,0.588322282,749.2088501,69.22322251,0.950532571,0.098657522,0.073151526,209.1906482,1.538713442
CAMELS-GB_00068001,SimulationRaw,0,,,0.042521341,0.053372436,19.34986593,37.40369184,1.252814201,0.767591627,0.711696774,0.090016599,0.14809813,1.025833715,5.777882361,1.984916204,0.402439168,10.41993102,0.356733224,0.37317213,1.530376331,0.898943981,221.3231943,59.13179657,0.517023892,0.419066495,0.043651977,224.2065223,1.377456332
CAMELS-GB_00068003,SimulationRaw,0,,,0.02772879,0.01732798,22.63213874,43.63439516,1.786298456,0.65244968,0.734934852,0.079253537,0.145558622,1.03021039,3.616966551,1.042961501,-4.08896947,18.01043226,0.439324884,0.32650474,4.525555703,0.858370347,1000.925342,65.06391103,1.23436187,0.549073506,0.075897501,104.1049772,2.233664797
CAMELS-GB_00069002,SimulationRaw,0,,,0.007199718,0.062394035,16.44035824,31.53044997,1.213975771,0.94014891,0.702006199,0.082531442,0.157418529,1.148517025,4.451098996,9.016019886,0.060451669,1.734501327,0.24267693,0.442233557,5.436103687,0.574828601,620.9651692,85.89128759,1.585569452,0.455349818,0.046978448,61.25101695,1.514494819
CAMELS-GB_00069007,SimulationRaw,0,,,0.020960235,0.032883891,17.76993652,36.77989316,1.227796171,0.887911493,0.694870368,0.001110339,0.066979793,1.173036825,3.769093658,9.280767413,-0.017228081,14.39047562,0.484135019,0.670334983,3.7557595,0.96660982,567.32899,2.429135613,1.253907592,0.286565375,0.04358971,120.128563,1.14386296
CAMELS-GB_00069017,SimulationRaw,0,,,0.042701132,0.065440251,13.30691318,16.94429756,1.122156831,0.439227271,0.806631863,0.057878878,0.040582348,1.102788942,3.531083704,3.73433846,-2.333179455,14.43514622,0.835508879,0.379776807,3.277575553,0.942281793,468.7063746,67.70289152,0.325946811,0.306023979,0.076322863,251.8360046,1.336979341
CAMELS-GB_00069023,SimulationRaw,0,,,0.038434786,0.051774802,2.54025569,16.47460749,1.575889573,0.317450786,0.777994162,0.084763614,0.141492411,1.396156766,5.03430743,1.768122007,1.241661935,11.18749172,0.043927158,0.112181895,4.342948844,0.866893002,237.9694352,8.353663863,0.844830215,0.407561451,0.041414753,137.1513651,1.200126985
CAMELS-GB_00071004,SimulationRaw,0,,,0.039412015,0.057979845,3.847577921,33.50746567,0.934842916,0.600883388,0.866892939,0.127619635,0.08933162,0.782524719,5.165113564,4.446072409,-0.223023642,14.66020411,0.215137906,0.552527663,6.186140947,0.355210812,178.4868239,6.118960849,1.698091922,0.400152056,0.053158571,274.8979133,1.476973843
CAMELS-GB_00071006,SimulationRaw,0,,,0.044763305,0.026270897,21.60850202,15.353412,1.880961259,0.534176721,0.793025321,0.152164715,0.13270943,1.334688919,5.297506879,6.662035785,-0.319234696,16.87072145,0.573792805,0.157577792,3.265716535,0.988815169,250.0281104,79.57102433,1.436521619,0.740519168,0.061456129,250.2652321,2.237407647
CAMELS-GB_00076005,SimulationRaw,0,,,0.046669625,0.039189885,10.35785119,30.18210304,1.346017477,0.561958025,0.737691877,0.064389832,0.056136488,0.750358888,5.325737219,2.357684758,-4.896179899,18.16542745,0.596415584,0.014165262,3.977131176,0.763829503,418.583778,66.56375713,0.373784497,0.567032765,0.074325679,274.5865846,1.078038411
CAMELS-GB_00076007,SimulationRaw,0,1940,1940,0.014461207,0.029993748,15.17063349,17.35515861,1.528849044,0.634402978,0.768551551,0.121621909,0.102206982,1.389602556,5.284958346,0.368583696,0.614348465,4.337232046,0.130270685,0.125906174,3.705596981,0.857167046,340.7095723,1.875433022,1.411713439,0.282274845,0.062867976,155.6804207,1.27052505
CAMELS-GB_00078006,SimulationRaw,0,,,0.033365176,0.015543075,25.5538947,8.645912837,1.56154087,0.962124957,0.793697392,0.127706113,0.040361765,1.108625857,5.066279951,7.02409885,-3.591174202,6.880277552,0.832870568,0.149875304,5.264146644,0.748178834,178.8039551,47.39852418,1.404116884,0.594963785,0.027039554,200.7725356,2.312028598
CAMELS-GB_00079002,SimulationRaw,0,,,0.027966339,0.055352005,16.64771488,6.768762477,1.109980253,0.550262898,0.866007731,0.01563651,0.030965194,1.435690309,6.429001093,5.420968132,0.168649246,17.04669057,0.089584332,0.022509086,5.192138512,0.373134906,393.7676884,6.461754137,1.732218177,0.544447513,0.088151957,127.7997684,1.390331199
CAMELS-GB_00079005,SimulationRaw,0,,,0.016477315,0.023012773,18.65226623,39.54475792,0.738538916,0.855353051,0.887352558,0.015087197,0.010165652,1.345716594,5.864499369,7.76444446,-3.697225981,8.034320899,0.626576773,0.704525924,6.914244492,0.703837518,303.0938963,36.8637109,0.777905157,0.5672317,0.083392859,241.0227881,1.431867206
CAMELS-GB_00079006,SimulationRaw,0,,,0.043938276,0.03670213,24.57903551,19.64952133,1.505577544,0.286140692,0.776247563,0.075683685,0.121403072,0.816636428,4.197045158,9.538402572,-1.877234067,14.81785994,0.158207968,0.737298106,6.857826811,0.992617589,698.1762612,83.65443511,0.90851879,0.596861813,0.090893648,283.8292972,1.574842133
CAMELS-GB_00083006,SimulationRaw,0,,,0.038239836,0.028561504,14.63410356,25.21084684,1.584229658,0.491207931,0.735282736,0.124493154,0.040826003,1.389443838,4.385934334,8.377566154,-0.349107045,12.2876809,0.561290029,0.360066749,6.349385004,0.416271904,427.0663078,51.29781987,1.113407269,0.514678886,0.086522447,112.0620763,1.025597362
CAMELS-GB_00084001,SimulationRaw,0,,,0.029656811,0.026350754,18.4557117,39.55850505,0.632676376,0.516446435,0.853107001,0.046143029,0.142162912,0.86044332,3.845166127,0.953807307,0.531556541,2.604383971,0.403134447,0.675946847,1.856205766,0.660384044,1958.910991,3.903342232,1.404799784,0.445306623,0.095428869,32.69352525,1.289747661
CAMELS-GB_00084004,SimulationRaw,0,1930,1980,0.020456349,0.040092642,21.46405072,37.51200147,0.551158549,0.42177354,0.844803877,0.132260051,0.145323807,0.914227828,5.941805048,1.847389174,-0.306154898,2.679655489,0.723607702,0.253729829,4.349014129,0.824627057,328.6547868,2.77307757,1.564118072,0.373669071,0.022270477,58.65996781,1.201382259
CAMELS-GB_00084005,SimulationRaw,0,1930,1980,0.041799623,0.015889633,21.69848242,16.69703429,0.629721466,0.923389451,0.720347419,0.044607487,0.153500905,1.012336067,4.014664414,1.722555997,0.928605937,5.172232351,0.023942514,0.145973626,6.217243998,0.878004519,557.8434165,5.932486601,0.737892661,0.424665768,0.076169087,48.79707211,1.015281633
CAMELS-GB_00084013,SimulationRaw,0,1930,1980,0.026191142,0.054812628,17.5680316,10.24474363,1.893909595,0.599227758,0.861323153,0.05144805,0.132664535,0.848893161,5.840555432,1.26317011,-4.181507772,17.78518896,0.518214569,0.379622702,5.484525605,0.909841923,1025.657925,1.917480308,1.806844263,0.464026351,0.05954107,227.5438577,1.067981222
CAMELS-GB_00084018,SimulationRaw,0,1930,1980,0.033996008,0.067251993,15.66713182,42.37364937,0.549583237,0.897232693,0.817975343,0.071546372,0.009201365,0.983864282,5.465433931,2.807372313,-3.497223373,10.85049038,0.854397822,0.620841537,2.88841258,0.872080702,313.1744627,21.67944288,0.556947789,0.381147526,0.087294766,32.68305129,1.34798774
CAMELS-GB_00096002,SimulationRaw,0,,,0.022422018,0.042902281,17.29701526,45.50899196,0.982334624,0.694800038,0.687897919,0.145839244,0.039299976,1.192249888,5.914729307,2.583416667,0.891707775,4.816513303,0.52576102,0.067411716,2.91585852,0.704214257,107.8646677,1.704797183,1.673811211,0.455621779,0.073699374,214.8765862,1.093080004
CAMELS-GB_00097002,SimulationRaw,0,,,0.0219625,0.016965047,13.20629513,43.71552812,0.879482553,0.674827463,0.794750973,0.104015838,0.059471354,0.781198169,5.261649659,5.092531048,1.45496464,3.760129065,0.276733179,0.033681785,6.319830938,0.753806108,159.4656636,81.87303175,1.311979334,0.474848142,0.096797886,91.65492299,1.017179912
Canada_01AD003,SimulationRaw,0,,,0.030345744,0.02115344,16.39551563,38.81739306,1.533746979,0.366473844,0.738481405,0.133848828,0.040769201,1.022123269,3.843644032,3.282362588,-1.652089776,2.281909812,0.860787314,0.033685692,2.237950127,0.44617347,115.6987769,5.165435002,1.713011842,0.165965241,0.024000859,231.0165717,1.550684754
Canada_01AF007,SimulationRaw,0,,,0.028489325,0.010225728,18.42657696,23.91781992,0.899467083,0.856801524,0.788602262,0.066010671,0.002357348,0.686490295,4.385167202,5.359223471,-1.691963431,2.333363609,0.176321136,0.279579382,6.668823639,0.910855464,586.9863382,12.14209133,1.102047077,0.372959938,0.022327423,32.57603708,2.436803227
Canada_01AG003,SimulationRaw,0,1928,1965,0.015649289,0.044910896,18.34434998,18.63292199,1.271717149,0.977572124,0.766551522,0.019836625,0.009146096,0.70179365,4.951201171,7.28128369,-3.368141364,1.327476842,0.799776859,0.207551228,5.022790875,0.845191304,296.6495951,22.51759947,1.57587453,0.338663315,0.038436468,204.1255502,2.089440405
Canada_01AH002,SimulationRaw,0,1952,1952,0.024305412,0.034158855,18.89350887,44.65738883,1.352889621,0.354119861,0.805660456,0.149752308,0.127512143,1.025913127,3.702106805,0.40618377,-1.437475211,6.006851728,0.962693131,0.075024043,2.790752128,0.958121523,206.7076763,62.52710131,0.329441214,0.075565434,0.029743266,171.900382,1.999852168
Canada_01AJ003,SimulationRaw,0,,,0.013573093,0.023336814,20.14081701,39.8988346,0.955462245,0.165113853,0.762537104,0.097787937,0.107751364,0.699855743,5.300234208,3.075613855,-1.47152118,2.217030583,0.608504746,0.100524628,1.799241828,0.602464902,66.08913814,40.40613845,1.065624793,0.411521356,0.047543421,236.7995078,2.213928456
Canada_01AJ004,SimulationRaw,0,,,0.020245775,0.063706097,14.95856848,4.027550239,1.983785878,0.323368994,0.788473863,0.072272251,0.066035082,0.828123231,5.721507786,4.476830434,-1.630098821,3.212309318,0.68932983,0.239125301,5.664263104,0.871959866,416.1950376,27.23170764,1.656189879,0.308204803,0.055139737,162.6411367,2.151884087
Canada_01AJ010,SimulationRaw,0,,,0.04660402,0.052995826,8.894456229,8.758399606,1.07729256,0.61420859,0.712343364,0.032364395,0.105188541,0.723069617,5.748645368,5.312863678,-0.25871738,10.43357786,0.616537616,0.189582854,4.872838385,0.460163654,1316.758443,88.37681713,0.953746909,0.342824021,0.047707508,99.62740068,2.162632896
Canada_01AM001,SimulationRaw,0,,,0.01229916,0.034691287,23.24733731,16.39316066,1.505966787,0.766711003,0.763194191,0.085690917,0.082559772,1.139406389,4.520984625,6.079235524,1.240132874,7.165424699,0.027919632,0.026534207,5.705617783,0.486388071,422.772856,60.45923613,1.681708068,0.305039327,0.086580434,84.00107921,1.50836439
Canada_01AN002,SimulationRaw,0,,,0.01218653,0.050667275,21.16915618,19.78877004,1.936509881,0.775302056,0.762432198,0.111809904,0.046132867,1.301224819,5.308540985,8.823865668,-1.370418466,1.926486897,0.008213061,0.006099878,5.282484399,0.895080265,446.1456704,36.61993083,1.856062887,0.425621835,0.085608158,111.3454374,1.952026875
Canada_01AP004,SimulationRaw,0,,,0.029365195,0.030566708,17.66651388,39.95292549,1.003755492,0.659965715,0.688143224,0.100344315,0.08029152,1.000476497,3.848767945,2.444416441,-1.877398585,1.700402269,0.052727876,0.049598789,5.373910797,0.980122517,842.0298747,94.20843561,1.67026787,0.496232102,0.073479505,147.2344597,1.632151048
Canada_01BC001,SimulationRaw,0,,,0.030264242,0.068742511,13.3309653,45.74090507,1.888994721,0.207888025,0.681252358,0.045728526,0.032780944,1.060191992,4.988988111,8.80892428,0.506126857,8.836559847,0.666853311,0.017025782,2.786148443,0.752704793,163.665196,40.37429032,0.606272734,0.144794603,0.023575023,271.5250407,3.418118546
Canada_01BJ003,SimulationRaw,0,,,0.009871959,0.019931509,13.29087655,14.67769133,1.921082664,0.128123253,0.746434286,0.098071546,0.082570558,1.451049993,4.639276022,2.414494158,-0.586336304,3.565214036,0.017503551,0.247878745,4.840896581,0.569417408,90.83672744,25.70097572,0.538820292,0.334753132,0.025070433,242.2293164,2.117426787
Canada_01BJ007,SimulationRaw,0,,,0.041382885,0.034662679,22.83241441,36.26625793,0.967259815,0.843494667,0.809687804,0.026688494,0.058833081,1.346326218,3.732955637,6.311965156,-0.552568926,3.338469948,0.891851767,0.010462368,2.523119542,0.48579719,144.6868431,22.6558283,1.495392844,0.255262847,0.022606955,252.6428194,2.514293323
Canada_01BL002,SimulationRaw,0,,,0.014350508,0.039765014,25.24320487,5.868427893,1.39611824,0.250978045,0.895093261,0.128252715,0.009740294,1.131246508,3.764086274,0.240322869,-0.869248647,2.814427532,0.478821507,0.039099058,0.960585179,0.556477111,646.4909591,32.44683904,1.317174209,0.406177703,0.02223246,176.9908434,2.324668424
Canada_01BL003,SimulationRaw,0,,,0.042797565,0.06152882,7.284989461,11.32888247,0.870212552,0.613023263,0.74510758,0.02621327,0.061412168,1.262578235,5.540089107,1.53901384,0.16121342,5.917434195,0.957943074,0.000786501,6.801058523,0.55146995,735.5817756,51.55926232,0.573129086,0.140780526,0.038598885,272.8156301,1.546931257
Canada_01BQ001,SimulationRaw,0,,,0.031515057,0.021984156,12.71324877,15.85407152,1.450410598,0.56259969,0.748066256,0.044747539,0.002202493,1.328317901,5.599618153,9.959122429,-1.382459488,2.740003563,0.318233844,0.030285906,2.847352021,0.763754741,172.9877697,1.788107078,0.767348114,0.125232418,0.038679142,128.2762057,1.780040604
Canada_01DC005,SimulationRaw,0,,,0.037469391,0.030978856,15.41256713,8.673840515,0.835551474,0.409338924,0.697404387,0.03686075,0.075638842,1.397619488,5.633207628,1.756823441,-0.275406963,6.588750536,0.81064701,0.113262881,3.993062594,0.942833511,329.0027728,2.988172373,0.216129516,0.099143545,0.08383105,128.6927657,1.456785922
Canada_01ED007,SimulationRaw,0,,,0.022546684,0.024038846,12.11246459,8.219524462,0.919050338,0.212509237,0.74732126,0.122055399,0.128832679,1.238771829,3.720507635,3.532764784,-3.743767921,0.610700644,0.08095242,0.284842098,6.713260371,0.736928721,435.7246172,44.65134042,0.23680282,0.198613704,0.098960556,296.4291338,1.975095764
Canada_02AB006,SimulationRaw,0,,,0.04493893,0.064469254,5.315067929,20.08310239,1.662883855,0.844276421,0.884605803,0.046392997,0.043417912,0.951707082,5.862298807,7.058181912,-4.86475706,19.72231281,0.789673611,0.002072974,5.850597,0.61727372,662.2118895,63.37754388,0.408894885,0.025017495,0.021420206,258.7557072,1.109786663
Canada_02AB017,SimulationRaw,0,,,0.026775338,0.051595779,11.63452921,18.11326762,0.720249767,0.459205533,0.778819458,0.006159466,0.062678518,1.42546788,6.147292544,3.738454242,-2.458106077,2.650456482,0.866972089,0.104943313,6.666922725,0.778069262,410.5980239,10.45732306,1.833493443,0.309406508,0.024103173,187.5617654,1.600413366
Canada_02AC002,SimulationRaw,0,,,0.028694779,0.013107325,18.07754251,3.912451149,1.82269878,0.523155278,0.743297794,0.002742849,0.029041612,0.819244465,6.379702656,6.445737105,-2.690423541,1.726088914,0.638247937,0.110691813,3.518374364,0.469253404,88.18729231,87.61548664,1.207788027,0.0369124,0.021279326,129.2546632,1.049870462
Canada_02AD010,SimulationRaw,0,,,0.014748256,0.034168926,8.452964456,43.99119857,1.193297773,0.842409294,0.692842448,0.100285667,0.142954614,1.325279325,5.438501457,9.523702081,-1.786085431,4.304951496,0.523825621,0.616746614,4.494441153,0.448825785,788.0877755,92.82145718,1.541536759,0.130828505,0.020624015,169.8126822,1.033564164
Canada_02BA003,SimulationRaw,0,,,0.032512647,0.012390381,14.83047364,6.985947069,1.904773476,0.208156796,0.790998115,0.05602024,0.038032362,1.213916489,5.357292728,0.422953126,-4.083646648,1.480884645,0.678229401,0.315036263,4.534581624,0.674338098,281.3827894,23.81861208,1.842028098,0.213716252,0.021328786,217.5349341,2.265280151
Canada_02BB003,SimulationRaw,0,,,0.024097103,0.022468834,23.15674463,7.91822173,0.694111871,0.781742696,0.75517253,0.15262324,0.07165788,0.693137029,5.803582777,5.542186586,-2.555897405,3.056234422,0.973156709,0.567458436,6.759619142,0.371579346,51.33755349,24.66756448,0.162537498,0.104687734,0.021979558,50.14115252,2.373090263
Canada_02BB004,SimulationRaw,0,,,0.031572299,0.05421562,12.77298948,40.50850974,1.394931716,0.480347072,0.891779588,0.114070156,0.023920143,0.67336621,4.62014066,1.700415674,-0.453957119,3.1007341,0.00875107,0.036534451,4.749641435,0.33207205,114.6856741,61.98981372,0.948589544,0.091926552,0.022510828,37.86839933,1.993225272
Canada_02BC004,SimulationRaw,0,1976,1976,0.030174596,0.056116055,15.29589281,14.22362029,1.954097893,0.229176194,0.83833565,0.017318013,0.11531767,1.452384853,3.546272828,2.792976607,-4.403152923,3.645029868,0.712819408,0.137734904,1.695309249,0.454542675,631.8660425,77.89468083,0.873335019,0.041161274,0.023462649,139.4578413,3.309838151
Canada_02BF001,SimulationRaw,0,,,0.041919393,0.033607758,20.36361354,40.73736586,0.917713954,0.673861225,0.686024243,0.003118727,0.05941664,0.919476497,4.080845009,3.6266893,-1.833782484,3.445443525,0.576330533,0.01845894,2.675621629,0.87820709,200.540443,3.910521558,1.687125234,0.106413596,0.037294165,174.6858401,2.49673798
Canada_02BF002,SimulationRaw,0,,,0.04032383,0.045196304,14.25999904,43.69947787,1.571098124,0.923516191,0.787144238,0.155238528,0.021660681,0.746347109,6.072989211,2.923601557,-3.169559316,1.588158461,0.476962728,0.270985194,3.620405859,0.613589247,168.7615616,52.53845736,0.812683797,0.340361166,0.020062678,195.5761842,2.416008546
Canada_02BF005,SimulationRaw,0,,,0.035797541,0.015988556,14.81535935,37.54023288,1.772572558,0.882326424,0.877961082,0.032320213,0.068723158,1.013150809,4.267711974,8.680796849,-1.010986363,3.234220989,0.683341972,0.006875839,2.994812571,0.611344011,50.41086428,18.2555994,1.900541223,0.432008972,0.031007071,108.5043056,2.457244554
Canada_02BF006,SimulationRaw,0,,,0.045082518,0.050612638,9.495501055,33.03219359,1.160615966,0.810413585,0.865754492,0.063223174,0.154427693,0.781082817,5.579225308,0.691579324,-0.803760495,5.074129514,0.224119828,0.362850712,6.512563815,0.973230641,323.763198,25.83374197,1.348888273,0.205217741,0.026795755,293.4950153,1.787020712
Canada_02BF007,SimulationRaw,0,,,0.029161739,0.023471388,12.73378233,39.49446718,0.928276202,0.634164008,0.795674078,0.021703165,0.097120028,1.359353049,5.310889614,9.275766945,-1.628139447,4.023852809,0.872423809,0.190295982,6.344909025,0.924511519,175.8616067,35.17660408,0.489367134,0.351863355,0.028982765,73.6138485,2.400304962
Canada_02BF009,SimulationRaw,0,,,0.008699286,0.055261063,22.45358423,32.06210653,0.693924064,0.392584436,0.780504221,0.035901222,0.003685317,1.044467479,5.251540963,6.640142062,-1.903146044,4.364147451,0.548493089,0.250099843,4.16056228,0.782181991,321.5030655,59.61361251,0.935757036,0.486484609,0.042270935,50.58694006,2.247681033
Canada_02CB003,SimulationRaw,0,,,0.018558681,0.045763842,20.98999722,23.93459821,1.74872019,0.121796495,0.86310379,0.164983862,0.137905919,0.991004367,6.412348787,9.029051293,-1.451475348,5.878678794,0.177498489,0.26011355,1.774353074,0.571749213,310.3728089,25.31783095,1.764753187,0.05576396,0.023507756,249.705296,3.293552555
Canada_02CC005,SimulationRaw,0,,,0.033998537,0.020237786,20.34224249,37.73844113,1.285060666,0.626956568,0.864580439,0.088110846,0.125011755,1.466667727,5.542869783,6.341136799,-2.893573848,2.192745176,0.647135108,0.073540152,2.126505779,0.855120052,264.5258502,7.826258416,1.011365892,0.126139626,0.036215858,269.0265377,1.762360467
Canada_02CC010,SimulationRaw,0,,,0.038529319,0.017271671,18.78766653,25.47716303,1.302121874,0.880914912,0.687283228,0.046800454,0.014064061,0.911389832,5.649036225,8.904726219,-0.790704386,4.042837103,0.222869112,0.059759028,1.906968118,0.874741155,164.3967209,2.427063117,0.208152891,0.046677225,0.03076399,98.23711799,1.221790884
Canada_02CD001,SimulationRaw,0,,,0.023125282,0.005463623,15.83715462,25.0018081,1.333725239,0.189230959,0.704455824,0.074947507,0.053697424,1.183542658,6.47226046,3.328127847,-0.923357778,4.563094622,0.90650007,0.06301866,6.780666805,0.944128627,391.198097,83.47737746,0.259860973,0.060451221,0.040458251,233.8552446,1.197098341
Canada_02CD006,SimulationRaw,0,,,0.039690362,0.043262877,12.49447612,8.756774118,1.975348376,0.637843352,0.815569506,0.150361951,0.004951404,1.273061628,4.21536438,1.264829867,-4.852991013,2.649772355,0.760185488,0.079033636,6.239337095,0.869729569,682.4940059,54.01051921,0.820340633,0.018708289,0.072999621,171.6670461,1.847524333
Canada_02CF007,SimulationRaw,0,,,0.047296064,0.030660913,19.31782733,39.31818142,0.994505492,0.406855603,0.789422011,0.023740614,0.128581065,0.95364918,3.927566205,7.920834975,-4.295891155,1.27332152,0.858745107,0.054672104,2.403796456,0.82727468,367.5891593,28.95582602,1.563315842,0.225870389,0.05405127,75.02879241,1.879911131
Canada_02CF008,SimulationRaw,0,,,0.035327127,0.039174427,22.05136693,28.27877479,1.199838314,0.749811005,0.800819274,0.065399716,0.085166734,1.035763438,5.611489021,4.38920667,-2.558646803,2.97644283,0.288670491,0.265933137,2.903569068,0.532763963,152.006633,3.265307113,1.390601268,0.1146502,0.021978306,218.719662,1.353943126
Canada_02CF010,SimulationRaw,0,,,0.046231813,0.065860357,19.05877086,35.83448309,1.348439297,0.367852545,0.863511761,0.04969403,0.00705293,0.920253367,4.24947107,5.812573267,-3.407578638,4.617455455,0.711894173,0.141362052,5.200938247,0.761319459,1287.219007,80.77507507,1.669204151,0.047539723,0.038730243,198.0716957,4.731226816
Canada_02CF012,SimulationRaw,0,,,0.017113806,0.019718094,8.487579173,22.44460398,1.527973341,0.67099474,0.781179661,0.152019671,0.100292707,1.224092504,4.39787907,6.947948792,-3.746053324,3.298922734,0.083435173,0.116386576,4.760030993,0.798202899,439.1427926,26.52143528,0.772991562,0.224353332,0.049252257,59.36707336,1.950950591
Canada_02DC004,SimulationRaw,0,,,0.02536042,0.034266172,9.122410913,18.03085004,1.46578743,0.395422638,0.744097875,0.123282017,0.044488008,1.12116445,4.443604879,8.228342019,-2.085018577,2.329706625,0.400965154,0.036945697,2.589238973,0.759412644,83.59755909,18.10818714,0.198348763,0.023328813,0.022316003,43.05445866,1.284222108
Canada_02DC012,SimulationRaw,0,,,0.031779179,0.021090961,21.84007383,43.13220235,1.875083989,0.250648225,0.75907167,0.156695467,0.107151005,1.488614659,5.821787026,6.675834162,-2.839338729,1.323591776,0.04084036,0.005458698,2.450297363,0.903814652,255.4513393,95.90965483,1.055506978,0.305391117,0.023539822,58.24787485,4.409584953
Canada_02EA010,SimulationRaw,0,,,0.022633806,0.049696641,22.03809231,34.65453813,1.099294768,0.707741848,0.726387651,0.092677555,0.076228748,1.18917936,5.676772273,0.378997108,-1.607840035,3.09406325,0.244159025,0.061296526,2.870980033,0.591026352,187.2416147,14.31530679,1.590317724,0.378501574,0.026710517,293.3657162,1.889178826
Canada_02EA011,SimulationRaw,0,,,0.009185619,0.067615702,22.66603177,20.111971,1.767882518,0.364664661,0.725945573,0.120987504,8.58E-05,1.227639582,5.033082128,9.762100589,-0.345875703,5.765765255,0.068674763,0.047570662,1.998172198,0.763969437,1285.870625,8.924697163,1.46134489,0.026414254,0.074156372,170.3459607,2.443573248
Canada_02EB011,SimulationRaw,0,,,0.028397744,0.068959241,19.81565802,18.33322753,1.374567851,0.204342216,0.754790273,0.070327081,0.049865384,1.259387919,6.211607171,8.24633833,-0.260468124,4.510037934,0.424182597,0.201695136,4.216465488,0.470030371,1145.116401,70.15214723,0.732158634,0.079669767,0.055849008,43.76648358,1.361420465
Canada_02EB013,SimulationRaw,0,,,0.029791036,0.04069819,7.207633183,43.18126685,1.500019747,0.290258996,0.764408831,0.061357848,0.079746381,1.191345124,6.388765063,0.974389712,-2.998365086,2.732698896,0.33131575,0.084572711,5.866797512,0.935187736,955.4644695,49.16416385,1.569954668,0.189973394,0.05287338,86.81254719,1.939026543
Canada_02EB014,SimulationRaw,0,,,0.024754948,0.045296742,18.43705515,30.23194713,1.884791281,0.707221056,0.897585168,0.091457864,0.063651997,1.143851964,6.100090062,1.786178514,-3.003239115,3.082387854,0.922187256,0.12534619,1.338983067,0.402641488,629.2110684,20.65936453,0.548152461,0.137902984,0.05811182,95.93575703,2.357811301
Canada_02ED003,SimulationRaw,0,,,0.019341882,0.051220479,20.56725259,26.67235518,0.887419979,0.268679757,0.837848377,0.124635099,0.092568114,1.249981228,4.952578462,1.193552898,-1.136019414,6.347744514,0.15407705,0.02576957,2.821848053,0.668386449,692.2856541,3.307179558,1.524950793,0.308430534,0.03395607,183.0355231,2.213955216
Canada_02ED007,SimulationRaw,0,,,0.034373719,0.004323949,18.18680195,45.91909413,1.479051893,0.405321314,0.703056815,0.061371584,0.094110332,0.888675504,3.919375316,6.229345986,-1.642634741,5.755492018,0.06520541,0.085172281,2.562576513,0.542303786,1661.275701,77.47243792,1.630979129,0.303646219,0.021799696,289.940101,1.0517697
Canada_02ED014,SimulationRaw,0,,,0.023559537,0.055046044,16.1978574,20.45282701,1.015610338,0.461689125,0.723293519,0.160220539,0.003736722,1.255829711,4.281845227,5.988345852,-2.974810615,19.990233,0.186889021,0.32786763,3.83462044,0.841111581,1431.289274,90.21382223,0.751106067,0.242676344,0.04304763,53.26014618,2.449881312
Canada_02FA001,SimulationRaw,0,,,0.022540703,0.060658759,19.56223056,38.29646431,1.316329533,0.18946194,0.800100742,0.058785062,0.082880564,1.277700467,6.393919283,0.387384132,0.310675918,16.84067642,0.137108413,0.030646478,4.175332323,0.97493927,291.2003661,16.22676146,0.414330311,0.080317879,0.039585764,155.8752781,1.205350218
Canada_02FB009,SimulationRaw,0,1961,1961,0.011233133,0.061888876,22.77447885,27.79045971,1.035142436,0.79222999,0.693558441,0.138440305,0.004227419,0.875292021,4.687372833,9.121891698,-3.726813043,3.119123943,0.104597205,0.019794748,3.208382269,0.349847628,835.891636,63.19900144,1.953559607,0.11712288,0.062170016,106.2175767,1.180623448
Canada_02FC015,SimulationRaw,0,,,0.033486444,0.06329987,23.58857783,31.80491226,1.821232524,0.796566131,0.871312484,0.139365503,0.131692439,0.956619671,5.577583801,1.752814517,-2.349999908,4.413182145,0.118014944,0.106459973,6.928641535,0.91650855,955.4562754,55.96414646,1.309940085,0.129749565,0.088517122,67.09885921,2.344901467
Canada_02FE005,SimulationRaw,0,,,0.022874569,0.04764968,25.33367297,35.92086138,1.928353745,0.919227488,0.688685441,0.113360349,0.115739407,1.092220908,4.169784816,0.86015779,-1.264144256,12.65667665,0.22799822,0.306235447,6.077969737,0.764193207,1160.968601,42.95337606,0.180601241,0.483626718,0.087266381,271.8284244,2.142626512
Canada_02GA003,SimulationRaw,0,1942,1959,0.020421814,0.063487554,21.77127361,37.60563427,1.540678886,0.431443919,0.802057004,0.095448665,0.075885139,0.687809509,6.340362267,8.093949032,-3.095428234,2.517287581,0.818401204,0.292619145,1.762045986,0.792434606,498.2726026,71.4349468,1.7460907,0.382478465,0.023903934,107.9213667,2.243627288
Canada_02GA010,SimulationRaw,0,,,0.020379797,0.019718224,12.80701331,41.35173585,1.722813148,0.533224825,0.839006218,0.049718505,0.045405188,1.286302701,3.668557263,1.260638794,0.200027877,12.34604676,0.289682955,0.210264775,6.734116306,0.958924983,1122.99296,3.071908489,0.719419862,0.227226896,0.067143546,150.4534948,1.10957941
Canada_02GA015,SimulationRaw,0,1942,1942,0.047412546,0.059975328,25.39272502,31.84055934,1.523149975,0.898379767,0.877679629,0.157439651,0.070707075,1.427234465,5.57645487,4.563217487,-4.130363444,5.660919996,0.585054134,0.452228979,5.083371818,0.876761856,1116.836994,41.39372157,0.551722668,0.365918342,0.066495294,194.2355719,2.759917619
Canada_02GA031,SimulationRaw,0,,,0.021094152,0.033962522,23.01062389,25.30365719,0.543097449,0.980170605,0.733544731,0.10128556,0.057717182,0.955697068,4.436108521,8.876891913,-4.002164266,1.447012077,0.135185868,0.236508668,5.284751351,0.873599446,997.6996954,5.686994075,1.595327925,0.150552749,0.054079579,218.0284153,1.765815047
Canada_02GB001,SimulationRaw,0,1942,1959,0.046325134,0.054591247,24.58394583,39.3541766,1.851651014,0.943067609,0.793617516,0.043768236,0.05149897,0.84302911,5.363646147,7.651401067,-0.739358426,4.589354266,0.009993802,0.015428074,0.845789233,0.41439857,500.710305,63.02157007,0.247073674,0.264459898,0.061810423,9.57464991,2.15251336
Canada_02GB008,SimulationRaw,0,,,0.029275007,0.051069218,23.27293177,32.59412018,0.802420521,0.533335006,0.844819268,0.034446702,0.030523546,1.427684482,5.191619256,8.148899629,-2.136235845,3.562979116,0.319215229,0.552554097,3.15099476,0.78988699,609.6437461,45.71322992,0.408142441,0.292513086,0.088156831,169.3660112,2.295881533
Canada_02GC010,SimulationRaw,0,,,0.039242106,0.038728794,14.28256768,27.11554004,1.522829783,0.202420724,0.815437809,0.152577323,0.040005408,0.819830799,5.273895874,1.889045025,0.21551237,10.33452208,0.871728822,0.679003876,3.399757366,0.857799333,1011.19211,60.00961891,1.020599488,0.385602231,0.053302255,169.6721125,1.944847631
Canada_02GC026,SimulationRaw,0,,,0.045788186,0.006781246,22.83193235,36.31369443,1.932361558,0.377978061,0.888196749,0.016530115,0.038603498,1.448833725,3.825435279,7.833630688,0.904358603,17.13820744,0.916300521,0.249129985,3.534065682,0.66109029,1032.54603,3.294102055,0.80485604,0.350218557,0.02730596,117.2892018,1.959370882
Canada_02GD001,SimulationRaw,0,,,0.04205304,0.050742772,20.523699,42.19213443,0.51185294,0.818345645,0.759360517,0.091473522,0.065592221,1.02437509,4.397496729,0.370535316,-0.511600357,3.590967964,0.605841309,0.003191209,3.560389886,0.968765874,425.0869432,4.269888992,1.37746177,0.331458535,0.060836293,172.2213818,1.176546579
Canada_02GD015,SimulationRaw,0,1965,1965,0.034796293,0.066847255,17.17037778,45.60050874,1.94481702,0.791728851,0.691500342,0.142604118,0.066085101,1.182096565,5.928607824,2.066849974,-2.033943898,3.70435569,0.724154306,0.037425393,2.162723782,0.586283311,234.4719536,3.777964564,0.596492121,0.475221413,0.083995482,69.47141489,1.353991146
Canada_02HD012,SimulationRaw,0,,,0.020775419,0.040335413,7.128389593,42.51400371,1.574114533,0.293850968,0.760704151,0.046661532,0.096919593,1.412959893,6.337285929,2.293816075,-4.100802824,1.386673935,0.469611241,0.241156808,3.520181806,0.974532324,1788.164567,95.55304494,0.073580899,0.306468853,0.020229716,6.499853087,1.198873462
Canada_02HF002,SimulationRaw,0,,,0.036921429,0.057895062,24.87411076,45.14355425,1.583594036,0.708755493,0.796856077,0.012677416,0.048671554,1.065027794,5.060404112,3.204642847,-4.908074007,15.57456512,0.150650944,0.186871806,1.32517927,0.398230556,1339.104723,13.29526415,1.099949555,0.040041572,0.050684369,87.14442121,2.729588402
Canada_02HF003,SimulationRaw,0,,,0.026028299,0.038552889,21.06976512,27.20149522,0.853468688,0.769741279,0.885199465,0.009672375,0.068763028,1.141005533,5.941462813,3.126638858,-1.827999418,3.357244498,0.200883362,0.138993999,2.637083076,0.71931532,870.8178162,2.086830862,1.758179313,0.114427199,0.033343033,145.3819932,1.589979557
Canada_03NF001,SimulationRaw,0,,,0.029091837,0.035357175,25.32880748,15.46153554,1.68501377,0.496560728,0.852595807,0.10859336,0.152213677,1.316404793,5.562608763,5.139401176,-2.736135621,4.692381669,0.997092638,0.140716065,6.877034699,0.901679343,309.3286758,84.38628799,1.056978971,0.017628877,0.022823243,277.8006328,2.101910243
Canada_03QC002,SimulationRaw,0,,,0.018031044,0.023955691,19.73047922,24.18386576,0.754274362,0.822201998,0.779167441,0.089589321,0.096791318,1.48525765,4.89129962,3.925464822,0.023414645,4.892575346,0.087737499,0.009614825,2.508009656,0.808713989,223.4162843,3.786963948,0.072415499,0.193075572,0.021978917,278.0675868,1.290707626
Canada_04JC002,SimulationRaw,0,,,0.031193233,0.051322861,17.79111942,21.17249709,1.097834819,0.112331829,0.71334327,0.163976392,0.151448036,1.305241284,4.611103238,1.279681269,-2.665665178,0.874145032,0.439511417,0.002254673,1.320502177,0.471483937,555.4482708,6.881814698,1.375283492,0.218988572,0.020460152,225.5398012,3.191344766
Canada_04JD005,SimulationRaw,0,,,0.037307633,0.037204529,16.68957798,23.49298103,1.89795662,0.366836028,0.798835758,0.140578472,0.133070506,0.994112428,6.116541686,4.779369255,-3.416737377,1.053706684,0.833054244,0.044408593,2.267971768,0.493517212,441.1282331,60.49934957,1.040090103,0.510613488,0.021705735,109.9444653,5.219118653
Canada_05AA008,SimulationRaw,0,,,0.03005745,0.060813019,10.14509922,33.38193068,1.148995349,0.979251627,0.807293059,0.102598129,0.067040562,0.957653564,5.67825966,3.913879323,-4.11001824,0.395851232,0.262390939,0.043522495,2.101177806,0.536192006,818.7090855,89.38283154,0.25820211,0.108756281,0.052789875,133.0486201,4.387264185
Canada_05AD010,SimulationRaw,0,,,0.007074741,0.016786709,9.121505201,11.2633208,1.434858679,0.143114928,0.691340643,0.118920746,0.025237478,1.446374039,3.660365466,7.331681098,-3.476329564,0.290291346,0.96352826,0.09060782,3.946713307,0.701157424,636.7534414,35.44022839,1.817551492,0.30206698,0.065210255,37.05300364,1.306690054
Canada_05BA002,SimulationRaw,0,,,0.013727773,0.043381639,20.74874693,28.87002005,1.533364743,0.508628882,0.802618823,0.152591395,0.060797723,1.096872641,5.529144132,8.50954731,-2.882176113,2.1373411,0.739877907,0.00292813,1.364181306,0.794216538,726.8082748,67.29696554,0.143710513,0.048084943,0.022216953,251.8014908,2.208293716
Canada_05BG006,SimulationRaw,0,,,0.035237963,0.015045843,19.63480438,42.58718605,1.856702217,0.691217282,0.817161174,0.128443012,0.097720624,0.784891488,4.837092842,0.546659271,-4.972904927,5.627107046,0.782255362,0.011477723,2.423337415,0.977755512,371.006775,41.58250021,0.114970857,0.216765616,0.070155322,3.427175727,1.563286631
Canada_05BL014,SimulationRaw,0,,,0.046387832,0.038137257,13.34945382,20.42210216,1.512482972,0.876225495,0.873993425,0.127032071,0.101357031,1.32367009,3.669891132,8.117440258,-2.767425063,14.03640532,0.556745337,0.117869628,5.38468327,0.995612612,635.4289918,0.97751266,1.457282496,0.201559303,0.07505927,41.67408399,2.588045176
Canada_05BL022,SimulationRaw,0,,,0.016805699,0.062883373,9.824485344,21.52803388,1.846907296,0.209869317,0.795676508,0.06305773,0.017631332,1.291562646,5.431997568,1.649749169,1.197059013,7.263368689,0.86479851,0.000793336,1.58410485,0.833146482,16.05094634,36.30825516,1.79622508,0.118155652,0.023164788,71.4850596,1.022594308
Canada_05BL024,SimulationRaw,0,1965,1965,0.016240092,0.020744541,21.28995566,14.51973643,0.6227076,0.119777291,0.83096229,0.019256159,0.073821859,1.206471318,3.624715695,8.958916623,-4.691193562,16.04593516,0.253484142,0.673681479,5.483748836,0.523845438,491.4672036,54.99174385,1.317446603,0.375605361,0.084965122,83.66105094,1.899208176
Canada_05CA009,SimulationRaw,0,,,0.045123386,0.022205989,11.25721163,5.938000984,1.786202983,0.802653452,0.860858656,0.065465576,0.001992068,1.200337327,5.081315578,4.382648214,-3.75698892,9.652605767,0.12791044,0.2189809,4.585583572,0.672244133,686.9241226,68.43402836,0.236417786,0.147441722,0.062906088,34.75711542,1.080955883
Canada_05CB001,SimulationRaw,0,,,0.043942879,0.048374937,13.0957612,32.8332134,1.670645645,0.389179518,0.733466762,0.1004023,0.090334291,1.214111246,5.946684078,7.451044533,1.129770148,16.26508233,0.181059602,0.347741469,5.453275629,0.770302892,506.7283169,0.536477242,1.919778273,0.191509618,0.062213666,254.3701236,1.629559852
Canada_05CB004,SimulationRaw,0,,,0.029270439,0.005766888,18.45691433,27.66956113,1.402637673,0.846849789,0.895439118,0.149824965,0.129850384,0.987527925,5.696130149,3.95056155,-4.34218911,5.269310634,0.016823652,0.38850022,3.313637108,0.668997723,1714.259635,57.341361,0.261513299,0.049290228,0.0209852,67.32065812,1.786603997
Canada_05CC007,SimulationRaw,0,,,0.012023724,0.045253461,24.73013298,45.8411971,1.988450594,0.757896659,0.857848932,0.100391677,0.135764481,1.399811207,6.345663227,4.95550506,-1.984899161,1.751237639,0.26250644,0.077786337,3.810942891,0.386382879,365.6774131,42.68027617,0.896009661,0.573489256,0.024585299,119.9751479,4.410779675
Canada_05DA010,SimulationRaw,0,,,0.046425625,0.057465043,4.34011333,35.31658103,1.601246135,0.745251207,0.785099693,0.049866564,0.079802591,0.866360711,5.900097412,5.09074217,-1.364655909,1.562092504,0.68185034,0.003474261,5.586361075,0.458788797,421.8596602,87.63868448,0.137166028,0.123335544,0.020050678,227.2222587,1.489249431
Canada_05DB002,SimulationRaw,0,,,0.022785613,0.060191414,18.1104194,36.60269212,0.55249274,0.463306099,0.744265096,0.146493449,0.024218924,1.381843702,5.351677951,7.551159709,-4.376402935,6.389844644,0.875252456,0.170514987,1.995894815,0.781640985,633.2437581,1.311697664,0.996054101,0.203674608,0.021252966,118.5731964,2.269394553
Canada_05DB006,SimulationRaw,0,,,0.04560228,0.050164023,22.01501183,23.77715546,1.344054463,0.231938037,0.877878381,0.058709267,0.062872411,1.413251635,6.295223729,6.598342554,-3.419497184,13.39047593,0.80530301,0.165264064,2.504445708,0.971155754,927.7412777,62.92342355,0.637586858,0.212996768,0.043027534,234.8269126,3.763612881
Canada_05DD009,SimulationRaw,0,,,0.021405764,0.059391408,9.636368244,38.59811708,1.851868173,0.338605429,0.83746626,0.104628855,0.140184582,1.36871602,6.468351625,5.796332226,-4.836740995,5.480377435,0.159537911,0.11847889,2.232180595,0.938072284,48.63049419,12.98417514,0.142254273,0.422411632,0.04676523,91.26047312,1.408682065
Canada_05EA005,SimulationRaw,0,,,0.047156151,0.063785232,21.36330196,40.69867874,1.677298998,0.720307003,0.820206616,0.087533197,0.019924707,1.163275317,4.733387776,9.83098198,-1.061586504,3.878414291,0.044975818,0.613570872,6.60376052,0.378119509,327.0561032,78.42366733,1.239094272,0.041923597,0.067079734,135.9850358,1.274764615
Canada_05FA001,SimulationRaw,0,,,0.040552522,0.020276318,23.4283317,15.79002723,0.788200196,0.420827067,0.807419358,0.077976993,0.048468658,1.1564088,5.080587194,1.957615323,-2.680991427,1.633710816,0.70376833,0.139700408,3.376996416,0.325113886,522.8053179,0.220262486,1.855443355,0.32958826,0.024940376,36.99268775,2.397682848
Canada_05HD036,SimulationRaw,0,,,0.030577571,0.060609278,25.00479986,37.4632306,1.630954017,0.175056991,0.875004281,0.030570874,0.022552997,1.48923385,5.377559146,9.078703439,0.620567587,5.687357629,0.522578285,0.414679181,5.856796157,0.612776442,513.6240083,51.04996466,0.833296516,0.438247939,0.0298225,294.0680157,1.349911673
Canada_05KH007,SimulationRaw,0,,,0.019031527,0.052288063,14.34405495,18.01456667,1.669279754,0.39347839,0.841082571,0.159346046,0.14023062,1.179235168,5.437213683,0.929959249,-3.794462455,19.18663761,0.737763223,0.193586046,5.429801606,0.433206362,417.3263594,77.51176349,1.129110086,0.240257112,0.053467893,214.8228314,1.412151635
Canada_05LC001,SimulationRaw,0,,,0.045060251,0.062426363,13.57109012,25.32338547,1.755255284,0.384399215,0.716050687,0.010604886,0.065515043,1.095983312,5.275329004,5.270964599,2.237830355,19.38808816,0.036664974,0.301021665,5.55151132,0.527775864,431.6682938,9.563978,0.599824167,0.287776103,0.020710847,265.6222918,4.1042263
Canada_05LH005,SimulationRaw,0,,,0.01151346,0.009915879,15.63012329,26.96047119,1.719214947,0.336574449,0.69829441,0.140174104,0.086470001,0.914606595,3.788964186,0.696113127,-2.029852569,3.900367323,0.445739154,0.153005234,4.290833433,0.419666618,1994.717306,93.51650739,1.504856144,0.039862718,0.034203664,230.7619111,1.051137421
Canada_05LJ025,SimulationRaw,0,,,0.026002279,0.066689436,25.60159418,27.41196149,1.731180785,0.947978572,0.694348108,0.122508628,0.134008979,0.708286585,3.579627773,8.368791007,0.538763143,9.288307587,0.044210667,0.162983991,3.661477378,0.791850289,482.0039144,58.5218257,1.753698538,0.03908971,0.022661911,152.8402827,1.050131125
Canada_05LL002,SimulationRaw,0,,,0.036035434,0.054023723,10.92475861,45.60051165,1.864145855,0.301617788,0.796589799,0.053958116,0.00145888,1.408081941,5.894112529,5.109095376,-4.536957371,5.028463919,0.165420166,0.34229137,6.991766203,0.633930514,667.7004311,27.11107357,1.875281916,0.044554333,0.035255572,146.3633901,1.073347353
Canada_05MD004,SimulationRaw,0,,,0.02909606,0.065794027,25.3703011,42.04659603,1.928973467,0.158716756,0.892790886,0.093014004,0.11860721,1.408405655,5.681391838,9.672735454,-3.166169625,1.33476996,0.11989809,0.750017662,6.961274072,0.557239071,521.9928675,20.23996478,1.299655507,0.364148277,0.027432541,126.9215365,1.301916155
Canada_05MD005,SimulationRaw,0,,,0.017945442,0.054569447,25.74208357,38.6779268,1.721251192,0.240405456,0.728619315,0.076988623,0.091541729,0.750970278,4.341478659,9.21324785,-4.652027085,15.45329584,0.638812665,0.023398759,5.015067947,0.60202152,382.5389106,76.85441061,0.087109012,0.04516051,0.026966756,114.4389748,4.814115928
Canada_05MF001,SimulationRaw,0,,,0.024554528,0.051177631,19.81769625,44.77398324,1.612015749,0.238894663,0.707242828,0.017287058,0.116106275,0.856878167,4.464905977,7.750617151,-2.184076287,5.731005329,0.525140722,0.001381356,6.879940128,0.510711354,578.7225653,51.13953753,0.637760396,0.149665923,0.023169241,41.17079596,5.763295519
Canada_05NA003,SimulationRaw,0,,,0.047817577,0.067748253,25.71392172,40.13442165,1.820598787,0.102792818,0.793205619,0.105975347,0.11647048,1.39951725,4.991072611,9.91997678,-0.01277061,7.918846405,0.918416394,0.437274075,6.952239034,0.312603582,585.694225,97.86715892,0.610889666,0.3058038,0.020031082,247.3890773,1.363977987
Canada_05NB027,SimulationRaw,0,,,0.047805679,0.054838841,24.15078408,40.2538584,1.757466375,0.137155419,0.721522786,0.075731907,0.112449009,1.464548602,3.63849884,9.57564284,3.357167831,0.077241094,0.396883212,0.653289232,6.696937438,0.369940161,538.8336705,48.83790677,1.018147334,0.420994154,0.025684789,47.47472324,1.353604763
Canada_05OB007,SimulationRaw,0,,,0.041798909,0.054558728,25.26976054,24.47824689,1.08333438,0.136353124,0.689083402,0.083133006,0.064206659,1.163437704,5.54100909,9.516732781,0.283612239,4.8852186,0.146758406,0.069565748,6.996733651,0.658796317,600.2137171,37.5097644,1.33777602,0.458043902,0.026674122,184.6386121,2.473303958
Canada_05OB016,SimulationRaw,0,,,0.037389418,0.066595066,23.38236348,39.12102772,1.91520963,0.120981958,0.856865719,0.061431951,0.029511455,1.420218281,6.365038647,8.863240482,0.603042168,5.260391951,0.2796071,0.451236145,6.805140773,0.618494016,333.998352,42.3283123,1.583866752,0.365745618,0.040432967,296.5577764,1.236785509
Canada_05PA006,SimulationRaw,0,1900,1924,0.04704826,0.038303965,13.15214833,16.14807985,0.579225048,0.261008627,0.768650381,0.017606387,0.030374229,1.12387527,4.971530743,8.887633142,-4.929756918,19.31012036,0.486639658,0.270265025,4.944097897,0.954366852,563.9789411,86.61124976,1.715737135,0.043852654,0.030135402,103.7829474,1.643361878
Canada_05PB009,SimulationRaw,0,,,0.040589256,0.056018596,21.09149562,8.656436209,0.909165279,0.824451723,0.774523212,0.151194858,0.140626121,1.124559052,3.800933579,9.198310691,-4.907625614,17.42216478,0.331623354,0.692072748,4.829920579,0.965533606,669.8781043,19.66407753,0.334733737,0.021475219,0.023771879,176.3642516,1.655181318
Canada_05PB014,SimulationRaw,0,,,0.038360016,0.030771558,23.7998482,24.58632612,0.690518507,0.744877266,0.892744729,0.028169565,0.093623319,1.264719202,5.024070813,4.745976322,-4.521569034,11.73096174,0.294654231,0.11291661,4.606691819,0.759977638,563.6989467,48.26992206,1.521119755,0.124666872,0.02159434,291.4334452,4.136878372
Canada_05PB018,SimulationRaw,0,,,0.045920136,0.059467749,11.64649462,29.68392113,1.78985954,0.697460394,0.767444072,0.032518867,0.006720544,1.154498302,5.18752561,2.204762683,-4.728360092,7.852589062,0.366158932,0.205069778,3.313814217,0.905757171,542.9206891,92.39958324,1.017984632,0.124603176,0.02460128,279.6214526,1.556425435
Canada_05PG001,SimulationRaw,0,,,0.022583558,0.040045094,22.18659199,16.51724719,1.577412111,0.426077286,0.812956675,0.019423001,0.13232722,0.882568312,3.790863153,8.599337675,-4.863559153,10.34768357,0.075105264,0.573124029,4.865892678,0.790415349,577.1983993,1.071389639,0.171016184,0.03075089,0.033736558,178.1630542,5.000006079
Canada_05PH003,SimulationRaw,0,,,0.023350675,0.023291911,13.80851069,15.78309554,0.546146982,0.255316372,0.897201055,0.064652167,0.001726272,1.101076899,5.159129296,3.694704659,-2.703750995,1.218827946,0.262185427,0.660736313,6.969194857,0.455972901,684.6039784,51.33366844,0.478766123,0.362337977,0.022263093,170.6400252,2.105838193
Canada_05QA004,SimulationRaw,0,,,0.026499407,0.066499887,20.26256547,39.19443714,1.174475928,0.15125006,0.720378863,0.115057978,0.156777304,1.28215564,4.184853317,9.729208093,-4.952570518,9.352346447,0.225253361,0.304002094,1.320697014,0.805829237,414.9349878,10.97949248,1.97983494,0.015268261,0.02208049,269.9478219,1.861222072
Canada_05QC001,SimulationRaw,0,,,0.043488768,0.049711262,24.50937758,5.620045807,0.50485602,0.45801919,0.737378886,0.003127477,0.040447937,1.333964267,4.857912435,9.398374493,-4.725914938,11.30123694,0.687675801,0.149862417,2.630585443,0.573758658,352.4499913,32.90702383,1.514198032,0.015285764,0.025002293,95.40937217,2.108943513
Canada_05QD006,SimulationRaw,0,,,0.016732386,0.013564519,20.62263313,21.92748384,1.750425294,0.109378199,0.83127781,0.006174801,0.108749353,0.930996397,5.448374621,7.05976354,-4.562650445,18.27053994,0.541046633,0.069788965,2.541298233,0.670417142,377.5250079,88.82029829,1.222175006,0.052682724,0.022371209,135.0564521,2.390961784
Canada_05QE008,SimulationRaw,0,,,0.042928917,0.035687737,21.38167102,17.12468103,1.143155119,0.873621434,0.735779825,0.110365791,0.143428579,1.166765672,6.251722886,1.347622581,-4.954496926,18.43361394,0.603275274,0.042810742,6.920497637,0.820705939,1825.945428,50.17665713,0.393941648,0.046170908,0.022895618,234.9116019,5.982104983
Canada_05QE012,SimulationRaw,0,,,0.02869695,0.032234639,16.41040337,27.32550381,1.088653695,0.143880257,0.792905196,0.051356374,0.057647167,1.300307513,4.472061141,8.16043572,-4.786466027,10.45525787,0.558800534,0.272206321,3.419210318,0.977946168,272.4098774,57.02485339,0.703300241,0.048627316,0.021277049,147.3728022,1.969354916
Canada_05RB003,SimulationRaw,0,,,0.034458661,0.067041397,11.58521702,42.1176234,1.377020197,0.295701594,0.898257803,0.13800836,0.07229699,0.850204011,6.271798841,3.300374518,-4.846406639,1.946893334,0.195245463,0.038775155,4.017264425,0.704865895,435.776438,59.28173453,0.261258808,0.024298443,0.021289091,166.6237309,5.278879529
Canada_05TE002,SimulationRaw,0,,,0.033137413,0.068473098,16.03331758,9.248759273,0.8860478,0.689342988,0.892490595,0.137693338,0.149772826,1.047857781,5.293433154,0.422833845,-4.093858241,13.14017865,0.445741585,0.087189679,3.984160424,0.546199951,704.4470053,55.79967087,0.245191186,0.049206289,0.022531982,150.0183349,4.910117355
Canada_05TG003,SimulationRaw,0,,,0.010460867,0.023814091,20.07074156,37.12272171,0.951249635,0.694351141,0.816250005,0.034320895,0.145186821,0.811531212,4.601546856,4.724536016,-4.05292665,1.833896191,0.80206135,0.148748814,5.145689884,0.778847125,698.7014373,71.10285256,1.929204103,0.052711791,0.02247847,107.1254583,1.664324446
Canada_05UA003,SimulationRaw,0,,,0.004577408,0.068037545,19.0671815,35.92927505,1.354281598,0.341877841,0.874567396,0.047399881,0.090715381,1.474199122,6.448461987,8.691061543,-3.649012268,4.397603775,0.418273285,0.064430465,5.883778577,0.631654339,444.1733481,50.02079551,0.497814551,0.037656207,0.021117288,220.0962081,1.063263202
Canada_05UG001,SimulationRaw,0,,,0.025190343,0.018887626,9.916275725,44.90718652,1.921227129,0.342721379,0.85734112,0.092050064,0.134077403,1.388065501,6.477828201,8.492922273,-4.834865236,19.32010857,0.090430572,0.190146575,6.260138243,0.781037564,397.5804876,99.28353629,0.550384419,0.035978867,0.028848711,127.2880561,1.612581852
Canada_06AD006,SimulationRaw,0,,,0.035687088,0.009443512,19.73997562,42.02478352,0.504668881,0.400765287,0.733690919,0.109675137,0.047511943,0.878689174,6.065077144,6.444183839,0.20782837,17.03219871,0.600929605,0.199908337,6.524846096,0.52145634,827.406767,78.84642454,0.524355693,0.076105301,0.021730813,241.7595799,1.753480756
Canada_06AG002,SimulationRaw,0,,,0.027740946,0.054196018,19.03899116,29.43787943,1.567277722,0.435232325,0.736479477,0.146309629,0.015016755,1.160849977,5.132945484,2.333086051,1.37122691,9.34539293,0.114314256,0.090951613,3.42893074,0.45324904,335.1121253,67.72142696,1.904313382,0.103406227,0.022656806,204.2011952,2.093849325
Canada_06BA002,SimulationRaw,0,,,0.035797523,0.053939112,12.68920338,13.07654849,0.765040173,0.24440399,0.878980422,0.075814434,0.061084811,0.90277015,5.802207411,6.126745765,-4.872957265,2.111798207,0.127494962,0.073754347,6.678673525,0.66614067,718.7228902,73.48811963,1.707018596,0.054977874,0.073454715,187.7672932,5.162168179
Canada_06BB005,SimulationRaw,0,,,0.0357252,0.013291104,12.68832092,22.18572221,0.696791561,0.645245468,0.851983341,0.08201744,0.016830198,0.671928297,4.807588647,1.665114597,-0.672332109,1.815157621,0.177173676,0.451435554,2.627587453,0.438406743,1623.457417,69.74675631,0.2691036,0.055562207,0.025506711,256.0284785,1.719230015
Canada_06BD001,SimulationRaw,0,,,0.022104978,0.040740167,11.4149097,29.34975179,1.931816363,0.276485287,0.822038778,0.044745331,0.126918401,1.377443411,3.775836606,9.883758248,-4.95212396,18.11403697,0.715509699,0.023026426,3.168831332,0.659481905,707.9956756,20.63174285,0.740783735,0.032909069,0.020546246,152.1329818,4.246165132
Canada_06DA004,SimulationRaw,0,,,0.019320946,0.053774098,21.36359119,38.6962909,1.536078231,0.57439727,0.89339347,0.001895891,0.010478609,1.056724284,5.547878559,5.371612685,-4.948648642,19.76590174,0.836222929,0.041815516,1.398773457,0.738661122,452.2418035,21.66831313,1.799669536,0.021445607,0.020064491,238.3018771,1.457236769
Canada_06DA005,SimulationRaw,0,,,0.025798224,0.056331238,22.51432975,41.68567992,1.168008424,0.308456784,0.801242216,0.041424946,0.063991509,1.448678481,6.137459978,0.665602876,-4.871325616,19.20325233,0.129039409,0.061619089,1.093086116,0.602686909,1880.713184,0.622253316,1.081782148,0.010959392,0.020322754,186.2424615,1.251023787
Canada_06DC001,SimulationRaw,0,,,0.01255233,0.051282183,23.69614407,45.96201945,1.688328091,0.504246941,0.877423993,0.13944449,0.029572185,1.217220667,5.499879096,9.202977858,-4.861142242,19.94210987,0.246777891,0.022472715,1.860780045,0.75878192,441.2374452,23.97492059,0.345778104,0.014554344,0.020938128,283.3061184,1.79601546
Canada_07AA001,SimulationRaw,0,,,0.031040067,0.021656281,9.303122082,11.39843939,0.842819899,0.166234573,0.892202371,0.087394101,0.125881538,1.406556127,6.06399081,4.888519929,-1.86207959,1.860397715,0.029551968,0.174342408,4.332932202,0.837348511,755.7695504,43.73880429,1.650831004,0.092453553,0.027022597,79.65095115,1.770692673
Canada_07AF002,SimulationRaw,0,,,0.031640226,0.029303127,17.03014057,25.78138456,1.731935386,0.784249986,0.88973235,0.047871268,0.087602319,1.170819247,4.120253978,3.602299929,-4.211163679,11.18788441,0.473906302,0.394522926,2.066629689,0.840290334,455.3615985,10.12380735,1.833993547,0.578500839,0.054052337,102.6636531,1.517509454
Canada_07AG003,SimulationRaw,0,,,0.018496046,0.062730246,17.72142367,31.51442187,0.992089154,0.770872931,0.747912922,0.063986468,0.083245203,1.458113871,5.239639798,7.277038916,-4.774563407,16.81791626,0.160968139,0.084426015,3.346580813,0.825382799,234.3087633,0.801013819,1.276528733,0.605249017,0.023184074,138.2731626,1.685802314
Canada_07AG007,SimulationRaw,0,,,0.017218073,0.059220673,15.13938889,17.99591291,1.995304056,0.785431144,0.855591954,0.034488484,0.02060455,1.271222849,5.171786752,7.726735354,-4.732304842,11.52802701,0.767689904,0.02074494,5.429626206,0.7176189,770.0380039,11.60964089,0.591782028,0.644700023,0.026044724,31.77026408,3.764426504
Canada_07BB002,SimulationRaw,0,,,0.045592164,0.058425831,14.19923921,42.27900792,1.04879628,0.196574939,0.886137576,0.086463712,0.027704535,0.661841558,5.518635979,5.527299163,-3.417087678,19.67676503,0.206796749,0.072325528,6.404851412,0.824503474,1020.505841,47.10477547,1.580989098,0.727775777,0.026028676,238.2020188,5.317069184
Canada_07BC002,SimulationRaw,0,1986,1986,0.017399512,0.055030708,22.78871787,17.57440027,1.060420062,0.124535461,0.799197032,0.063236228,0.043640384,1.000167351,3.597987555,6.898026758,-3.751419152,2.983257814,0.244048614,0.073067322,5.948361329,0.498534085,594.5519099,25.35098626,1.933168031,0.062885522,0.075064541,280.6682169,4.265552057
Canada_07BE001,SimulationRaw,0,1985,1986,0.044705669,0.039435956,8.490682076,27.96700546,1.011284753,0.192516823,0.81765567,0.170821785,0.143337528,0.799441379,5.045237678,9.608303133,-4.585014198,16.80119477,0.048934971,0.049862873,4.224444891,0.736465335,1894.279984,93.61173291,0.214437587,0.14119282,0.094323678,271.9524939,4.401865064
Canada_07BF002,SimulationRaw,0,,,0.016334618,0.034862244,24.15711116,45.42821633,0.517361812,0.869767368,0.864306209,0.033409425,0.007976528,0.672677485,5.244530611,5.964963195,2.361281726,6.165900876,0.979371015,0.276575358,4.730908789,0.408063166,205.2029615,89.72444558,0.953393472,0.562999782,0.029603811,187.7253354,2.314437478
Canada_07BJ001,SimulationRaw,0,,,0.027450322,0.011144176,9.153502969,35.85871533,1.555065888,0.110378142,0.85463308,0.157263297,0.043400436,0.860014022,4.568067324,7.029825903,-4.895705658,10.2564733,0.869454799,0.308764944,5.924535481,0.614310834,579.3900038,30.00400409,1.701961861,0.900233499,0.034779493,207.2691332,2.100108079
Canada_07BK007,SimulationRaw,0,,,0.009064445,0.059634653,17.20158424,46.077404,1.76231373,0.680791144,0.763103673,0.083456618,0.05171088,1.460358724,4.613304532,9.967118233,2.647824777,6.565968779,0.843165401,0.13386256,5.346539128,0.791865965,582.7460861,5.113408758,1.405663447,0.288970371,0.026863972,49.65002795,2.345465976
Canada_07CD001,SimulationRaw,0,,,0.039936925,0.043327657,8.565319328,42.62068928,1.857369491,0.445400409,0.82826609,0.124890086,0.017405706,1.489859863,3.561373194,1.719035272,-4.975187803,12.6923442,0.56943429,0.121958234,3.667089227,0.809824515,1351.389107,68.90202102,0.807748171,0.055036701,0.020401373,296.3616938,3.436662909
Canada_07DA001,SimulationRaw,0,1985,1986,0.021865597,0.056146035,23.42944754,20.45064341,1.698137026,0.816978659,0.698273306,0.111956197,0.124690186,1.20515714,4.319688249,5.387728616,-4.057762665,14.53841876,0.677125902,0.037855903,3.945025141,0.767123138,1554.213313,10.59838497,1.375783518,0.098556688,0.055576039,52.31763566,4.707508252
Canada_07EA004,SimulationRaw,0,,,0.01310529,0.062946567,7.470273941,46.08861883,1.989696826,0.144457319,0.682385811,0.092023935,0.026787626,1.003010567,4.562834267,0.746475244,-4.05837418,0.687883855,0.840532096,0.025706044,6.979101838,0.724710871,228.566499,21.65735623,1.152142507,0.028399425,0.020889275,106.9250601,1.914463652
Canada_07EA005,SimulationRaw,0,,,0.002795101,0.025222369,19.57757091,15.06986801,1.941866836,0.143146118,0.791504468,0.061367958,0.010026283,1.022149028,4.306023104,0.626818941,-3.328500955,1.153462819,0.122049147,0.043766111,6.956767382,0.532305537,132.0704113,80.95722395,0.583625726,0.018350836,0.020749774,233.7768089,1.689293615
Canada_07EA007,SimulationRaw,0,,,0.0181918,0.047813044,14.20845604,42.36661641,1.339286446,0.434564305,0.826749178,0.113446718,0.128058549,0.815878982,4.932179648,5.784394406,-3.322742171,3.952457609,0.909106598,0.000143958,5.161963093,0.451342082,670.5188577,83.08058552,1.00482616,0.072313012,0.023811003,188.7296256,2.855641283
Canada_07EB002,SimulationRaw,0,,,0.009445065,0.034123443,24.67249516,40.03436447,0.686923064,0.466437867,0.747091573,0.012242993,0.044876084,1.100028465,4.888109794,1.764476373,-2.778202351,1.442895684,0.094601496,0.015775022,6.661825031,0.666104681,1870.708691,72.96709925,0.713243848,0.071198238,0.023060501,128.144108,3.081920228
Canada_07EC004,SimulationRaw,0,,,0.036642365,0.034931555,18.26738097,11.99186429,1.181672386,0.638804371,0.740950865,0.122592465,0.053029482,1.197285211,4.733518617,0.041715067,-2.170830048,1.333998529,0.385316966,0.004780755,2.430786387,0.308238543,21.18153113,27.86544299,1.760536576,0.050225489,0.020995187,21.02553233,3.114039153
Canada_07ED003,SimulationRaw,0,,,0.008147859,0.030302733,24.09735966,30.00247606,1.494624093,0.918042645,0.840591497,0.05697264,0.011868282,0.752804812,4.343790388,7.017610258,-1.383080618,1.395770535,0.554759697,0.001108759,6.774653692,0.763233057,629.0361101,90.68471751,0.252543486,0.075866018,0.020397799,108.2647972,3.065848911
Canada_07EE009,SimulationRaw,0,,,0.008297776,0.025608884,21.55465424,26.38464739,1.864964309,0.33163287,0.681023273,0.041079968,0.003235835,0.963856868,4.573724023,5.453767451,1.309226675,6.63069481,0.845264759,0.136611702,3.76100334,0.871356627,193.4481042,40.44264135,1.514998824,0.207399536,0.02405923,102.1253597,2.466655424
Canada_07EE010,SimulationRaw,0,,,0.007540352,0.049036486,20.51067535,26.89698777,1.485004853,0.814027061,0.779463725,0.151393226,0.029925073,0.77961407,4.014974576,5.848924133,0.15017567,1.937509717,0.743081937,0.043510835,6.628654953,0.894532889,517.3263467,84.99792699,1.265684776,0.024278857,0.022219229,164.1181497,1.796598819
Canada_07FA005,SimulationRaw,0,,,0.043088081,0.058140525,8.935252941,17.77537499,0.572134289,0.280610699,0.856166913,0.01635886,0.14858572,1.398059041,3.692647298,8.487383312,-3.929928283,2.490462891,0.548013809,0.006488775,6.061619072,0.768079154,846.331708,10.67547734,1.329968601,0.361211605,0.049846704,235.308745,2.5547529
Canada_07FA006,SimulationRaw,0,,,0.039283209,0.003693199,18.26920372,35.19295318,1.049846836,0.16911278,0.898382938,0.143467816,0.037638892,0.986413279,5.317542097,7.368814346,-4.829989927,18.43413023,0.256907979,0.143215655,3.966134869,0.570604533,551.1692005,11.38024876,0.538753158,0.354600174,0.099900244,243.0449101,1.684147672
Canada_07FB001,SimulationRaw,0,,,0.021404866,0.008578375,14.61640766,5.087019869,1.65018996,0.453203064,0.833440349,0.169061895,0.020134863,1.177827053,5.473747815,3.3093337,-0.232726512,0.741497111,0.838437288,0.004340291,3.230037186,0.915888594,99.48459159,18.17432909,1.76062041,0.333839009,0.041863289,48.37504703,2.379028818
Canada_07FB002,SimulationRaw,0,,,0.019753265,0.065431021,5.237422736,44.91038961,1.890813733,0.776660412,0.88414221,0.140386874,0.098782868,0.998248975,6.494674576,3.681918494,-2.609978231,0.534577823,0.654039314,0.201525589,3.19280452,0.838373182,556.3237951,6.342982073,1.089281013,0.323927356,0.02677468,296.8674268,1.642118831
Canada_07FB003,SimulationRaw,0,,,0.018280344,0.051930912,11.15977744,34.14426486,1.465824439,0.833538104,0.704146363,0.154802738,0.023188884,1.128993484,4.788545847,0.778881724,-2.13753805,0.500636325,0.924489415,0.111617726,2.90461979,0.760180142,401.4638562,42.86097031,0.859824164,0.491467364,0.025706187,15.86246929,3.456635212
Canada_07FB004,SimulationRaw,0,,,0.034428777,0.055224293,23.03303035,29.28765627,1.793546843,0.708520177,0.759604143,0.007991348,0.01225519,1.39819613,6.362179507,9.485225035,2.091891523,5.218232879,0.845155302,0.139998994,0.512308321,0.346878124,158.045826,92.99862588,1.352401824,0.926602044,0.02689517,40.92830685,1.209272934
Canada_07FB006,SimulationRaw,0,,,0,0.05883321,0.345638243,0,0.629140113,0.1,0.783820878,0.074430865,0.041865902,0.672625,3.748865007,3.074726834,-0.564262241,0.707137686,1,0,0,0.3,911.1265159,0.015625,0.167042697,0.057321325,0.1,56.36376297,1
Canada_07FB009,SimulationRaw,0,,,0.042067558,0.017613569,18.94664756,43.66058414,1.469494423,0.715521478,0.875446236,0.014452729,0.094500812,0.657,3.751478233,8.004941401,2.287106063,2.402034841,0.601823622,0,1.737487326,0.923651463,264.4289204,31.73057931,1.604221758,0.470958165,0.03713211,24.72919866,2.261043187
Canada_07FC001,SimulationRaw,0,,,0.017017734,0.047184412,12.56582931,33.44245264,1.41818897,0.513774996,0.806692809,0.154130664,0.093830965,0.801035187,4.096410749,4.484898349,2.81947514,8.968735256,0.090290933,0.232482583,4.716710529,0.813773938,996.5606282,63.02142086,1.556196245,0.384928926,0.027723512,210.6591099,2.540993769
Canada_07FC003,SimulationRaw,0,,,0.045369833,0.012130099,23.94287758,3.837468984,0.982608373,0.532153765,0.848806123,0.0853494,0.14388557,0.850446102,5.483415561,7.21507512,-0.562232971,1.739393782,0.374996002,0.309094538,2.707518452,0.483727354,331.779508,61.79181117,1.157262303,0.729270076,0.029112902,34.43296183,2.297047491
Canada_07FD001,SimulationRaw,0,,,0.014726483,0.041358965,15.00921696,12.97332486,0.616679078,0.308559886,0.81819018,0.049419033,0.095854225,1.049403914,5.463854027,9.396015885,2.924981027,11.20696457,0.140368367,0.122591411,6.257650703,0.351375767,824.7729436,32.55143604,1.951198395,0.299395133,0.032881123,205.7522615,2.342423183
Canada_07GE001,SimulationRaw,0,,,0.035610207,0.017493415,7.445507756,32.18518551,1.609087829,0.679002648,0.734072692,0.055719542,0.049055537,0.871134205,6.283881847,7.926803646,-4.994828593,0.186041397,0.048896086,0.030575423,5.05935098,0.793909873,897.3571354,92.49304407,0.542676566,0.670247865,0.05502351,214.597346,2.164826223
Canada_07GG001,SimulationRaw,0,,,0.032483166,0.020511037,22.39314108,5.169813219,0.994234842,0.831029214,0.879939369,0.006536714,0.080070992,1.102627169,6.056151573,8.649814402,0.522292502,7.489064982,0.817606483,0.528265311,6.201520808,0.39729171,1488.466708,6.480837768,1.211713644,0.621230623,0.037322528,287.9188208,3.110322872
Canada_07GH002,SimulationRaw,0,,,0.029763883,0.022322614,10.89123099,25.0004121,1.107698708,0.349378248,0.721528033,0.057340669,0.090071513,1.345018496,4.32155479,8.461996082,-2.393170598,1.588527301,0.797656964,0.107301163,6.878579384,0.532434521,1232.292973,0.035458865,1.012194015,0.232141611,0.027862123,8.718856303,2.635535889
Canada_07GJ001,SimulationRaw,0,,,0.043603203,0.029515665,6.912002188,33.82158061,0.820226562,0.253972837,0.893433009,0.12129764,0.122082282,1.122159845,6.40023044,8.659916493,-1.687774819,19.33271524,0.376609097,0.454487786,6.893193297,0.542944663,1515.280917,35.53745317,0.74077491,0.414453202,0.080678625,212.9760471,3.10239837
Canada_07HA003,SimulationRaw,0,,,0.023162382,0.049352236,6.548730214,41.4664465,1.661999165,0.400110595,0.705011676,0.020082335,0.134229199,1.253204473,5.26721386,9.289112167,-1.505415267,2.469670694,0.018371817,0.618348283,6.967675623,0.327101716,576.5629943,24.50790275,1.876091145,0.259012446,0.027031704,70.06639637,2.205361626
Canada_07HC001,SimulationRaw,0,,,0.032035082,0.024310127,10.69067551,15.09578827,1.566321359,0.157358284,0.869018354,0.139323065,0.023069828,0.786061432,5.823897129,4.842196462,-2.435058293,0.822425629,0.5152495,0.251853006,6.161525122,0.685907086,590.8437925,26.81783693,0.463380867,0.586646078,0.031880019,126.1174053,4.464197786
Canada_07JD002,SimulationRaw,0,,,0.021490695,0.030754892,16.89627638,45.45220491,1.002266258,0.895856504,0.749774364,0.133196802,0.040980506,0.957105975,3.608028574,9.690003606,-2.956110051,2.090214692,0.816963975,0.185845766,6.863834873,0.503978742,643.3056242,83.61922574,0.731700067,0.179700402,0.035486362,269.3880152,5.323980895
Canada_07LB002,SimulationRaw,0,,,0.042205159,0.055272929,25.28760535,31.21870283,1.412110872,0.708649433,0.793593664,0.002393885,0.058794491,1.031533888,5.984475867,0.246091256,-4.940403469,19.94301572,0.843749993,0.010650338,2.351053787,0.683820382,1364.816527,92.68356978,0.509358272,0.023395764,0.020367288,122.1906076,1.752430498
Canada_07MA003,SimulationRaw,0,,,0.021874301,0.060529245,12.73169991,27.97697146,1.702822089,0.84547471,0.886992335,0.000468366,0.089890337,0.954606827,5.493584098,4.019297125,-4.84898046,17.61881612,0.917583687,0.011747824,2.082066358,0.814070162,532.5565121,59.23492683,1.612196493,0.040153541,0.020707107,175.4378794,1.854786294
Canada_07MB001,SimulationRaw,0,,,0.012236794,0.040266321,24.19004493,45.78496871,1.830697496,0.828318193,0.712964106,0.013463904,0.072295314,0.837950079,5.844452119,9.157492558,-4.867334173,16.88487294,0.208519533,0.035213002,1.597367896,0.675075552,1021.07705,60.36240987,0.916229165,0.010130758,0.02063973,178.3579816,1.88901862
Canada_07OB001,SimulationRaw,0,1989,1989,0.012928507,0.005710565,22.96724657,20.38504529,1.118095168,0.302435513,0.765016517,0.128526593,0.006192771,1.057962279,5.030160387,5.673613301,-4.628363977,0.267791998,0.436230618,0.428489864,4.084124527,0.610075908,773.7519093,86.58466424,1.688523818,0.530929697,0.021267505,294.5921877,4.132480826
Canada_07OC001,SimulationRaw,0,,,0.042053776,0.024706454,19.87637529,12.55056753,1.701375914,0.840105128,0.727541006,0.138499728,0.071861213,1.060273156,4.589213265,5.804506677,2.911178856,12.1218633,0.833315462,0.091449555,4.561931291,0.618858102,384.9820286,65.68093978,1.500915731,0.435322102,0.026166858,282.5148764,5.77328608
Canada_07RD001,SimulationRaw,0,,,0.047438906,0.048912079,24.97768153,30.74508575,0.902589458,0.186229789,0.734984368,0.118227355,0.018710275,1.123347609,5.191801943,4.096282418,-4.990588423,19.78376464,0.728172432,0.033035941,1.37923152,0.77371639,1182.261007,84.40040604,0.278611534,0.011878609,0.021845188,79.99789255,1.455040728
Canada_07SA002,SimulationRaw,0,,,0.046126464,0.008677352,17.42715808,36.41900722,0.932099639,0.319664282,0.853823552,0.092252325,0.035818951,1.313858148,6.41590587,0.464007139,-4.937952159,19.70667397,0.453276283,0.433873296,3.392450559,0.748671913,447.6558031,21.47367604,1.029080344,0.014836488,0.02000921,230.5259722,2.318590528
Canada_07SB010,SimulationRaw,0,,,0.04553494,0.026446455,11.79439221,37.05155289,1.960216076,0.315396844,0.729586383,0.122678249,0.041012629,1.056119049,3.674729103,8.041926406,-4.885349837,19.13487989,0.202721258,0.032770484,2.546893704,0.479751002,1379.740714,0.25,1.872268052,0.01,0.021681098,108.3900976,5.392324115
Canada_07SB013,SimulationRaw,0,,,0.019402663,0.063356942,20.60054674,40.35050786,1.768695568,0.753077723,0.811095396,0.045572678,0.036376736,0.712680391,5.67112214,4.235909945,-2.633343877,1.260937366,0.816557388,0.357620587,6.773703034,0.834627757,403.7285694,80.7175403,1.043527147,0.250604767,0.021299887,271.6135343,3.520278998
Canada_07TA001,SimulationRaw,0,,,0.026023626,0.040008362,17.60391521,37.9152646,1.096293231,0.73627434,0.711119813,0.027924565,0.113103304,1.072683723,5.432760495,5.194557068,-4.57844083,19.35191816,0.462787466,0.064676054,3.178261104,0.58165323,1684.66951,62.53647099,1.306706573,0.014654242,0.021353465,228.9938644,3.72025085
Canada_08AA003,SimulationRaw,0,,,0.03673748,0.059245798,9.585565045,7.978616189,1.958281345,0.328926116,0.797619884,0.163665521,0.144988503,1.206947467,4.019321759,9.593635074,-4.930529317,12.94654073,0.765944351,0.085502719,6.179550092,0.718454156,1324.802349,68.36001847,0.727960055,0.046187019,0.020699892,49.18981723,2.356858609
Canada_08AA008,SimulationRaw,0,,,0.026433821,0.03691282,25.14310997,40.94160073,0.649856404,0.250505945,0.761047883,0.092003223,0.057761363,1.297872599,5.008220479,8.482057403,0.587879293,7.932480469,0.798383232,0.334054259,1.143861167,0.585231188,1236.814042,46.30192571,1.515583267,0.064920986,0.044466807,252.166244,1.637465794
Canada_08AA009,SimulationRaw,0,,,0.028878384,0.039979975,22.80025935,16.90272351,1.928431986,0.6701585,0.79552698,0.03811114,0.039457316,0.878773273,3.798687854,5.210657613,-3.700365816,1.556457733,0.675081269,0.020309905,3.482459616,0.658058163,753.5805726,62.30543818,1.627195667,0.090156693,0.025725998,45.54047473,5.013846898
Canada_08AA010,SimulationRaw,0,,,0.008137233,0.035781623,22.12288441,39.18120045,1.59700641,0.82839188,0.838817993,0.032187617,0.009514777,0.828493515,5.630251293,1.831176065,-4.909432527,18.15437613,0.638690079,0.052248825,3.317124265,0.663150137,1573.760938,89.40880085,1.940841713,0.035186616,0.020036087,297.3543177,2.464527173
Canada_08AC001,SimulationRaw,0,,,0.023488069,0.046941504,17.26859551,20.76379823,0.909629262,0.497945217,0.850180051,0.133580812,0.111192399,1.448168541,5.437840153,0.989098844,-2.844202462,2.358299536,0.86197134,0.402842208,3.606453922,0.76517447,854.5097487,91.36453462,1.899305869,0.039438569,0.020145506,173.7656812,1.658443542
Canada_08CD001,SimulationRaw,0,,,0.042219765,0.004599594,24.19173614,34.22057918,0.774145858,0.971747394,0.87787067,0.086050809,0.107627613,1.323287929,5.47604921,3.882217485,-2.987856031,1.23222704,0.771795313,0.03800802,6.312472144,0.902263626,218.3767989,80.55548241,1.847405802,0.040797543,0.023602854,142.7649496,1.391848669
Canada_08CE001,SimulationRaw,0,,,0.003269846,0.034462894,11.82179219,36.25502432,1.459433286,0.399191304,0.754005971,0,0.023735242,0.727920839,4.346133165,0.927029083,-0.827293232,1.402093076,0.569804752,0,6.397319032,0.3,599.4993097,1.677615363,1.05,0.035289134,0.02,122.1712414,1
Canada_08EC013,SimulationRaw,0,1968,1968,0.026384651,0.052221062,24.29492784,3.160594539,1.176894463,0.513440285,0.877078392,0.039441439,0.110395199,1.249414772,5.678661691,6.380990215,-1.952085087,5.12407741,0.259372599,0.224179639,4.016898201,0.85381341,692.613414,59.49155927,1.833176108,0.028578446,0.021668224,119.3299538,2.45111194
Canada_08ED001,SimulationRaw,0,,,0.012504356,0.020580333,7.578987397,42.07048471,1.996639987,0.273423703,0.739954524,0.111584327,0.022756286,0.874696749,4.993838737,4.608439712,0.514294191,3.935601762,0.825223421,0.012449149,5.733937643,0.853305619,881.3517831,13.55188134,0.351907289,0.134309436,0.0248727,143.0124773,1.368816106
Canada_08EE008,SimulationRaw,0,,,0.023557615,0.051823784,5.59249958,20.19062347,1.942951538,0.231418237,0.760594194,0.086403477,0.110794056,0.692182253,3.824930985,0.148800178,0.838832302,7.603280081,0.86314673,0.133361046,4.641317166,0.864109535,455.7034979,8.491268496,0.107884764,0.036028855,0.03197314,88.74575522,1.071403993
Canada_08EE013,SimulationRaw,0,,,0.037698489,0.068841332,17.11309279,31.02344132,1.819217767,0.233069316,0.727773282,0.079947537,0.12243691,1.387720103,5.16033251,7.817305815,-2.167230166,1.174981002,0.365561987,0.379163129,2.544386556,0.559702726,293.9636627,63.77961821,0.818599674,0.172352843,0.035780622,255.8841325,4.055210774
Canada_08EE025,SimulationRaw,0,,,0.033508176,0.056181047,24.54796042,25.06367588,1.615719883,0.972606734,0.717637749,0.173687895,0.102268259,1.040755575,6.455533142,1.074356522,0.774271826,4.580736788,0.923085238,0.049737926,4.330137372,0.928759554,1857.330728,9.220806952,0.062843636,0.06898951,0.027122925,38.67029913,1.262207079
Canada_08FC003,SimulationRaw,0,,,0.028263238,0.063863759,21.9388686,44.87337322,1.148273643,0.596762748,0.840207286,0.117182307,0.061409946,1.391746642,3.516535544,7.359132997,-1.251469915,1.387975208,0.076636563,0.019696779,5.627823339,0.892168466,1368.384207,97.89135883,1.059219251,0.095035822,0.027243504,188.682696,5.588144198
Canada_08GD008,SimulationRaw,0,,,0.017773614,0.038217078,20.90361122,10.150698,1.434053175,0.162801054,0.873336308,0.055088552,0.149131067,1.074822896,4.748076977,7.343949394,-1.105710782,17.82279434,0.136378305,0.494630113,4.681062279,0.755021848,1502.107518,11.23307153,1.206683804,0.191775555,0.02732894,284.490115,4.399051279
Canada_08HB002,SimulationRaw,0,,,0.003302146,0.053520729,16.77891182,10.76602982,0.604337558,0.824878871,0.703415023,0.103915659,0.141258766,1.074461636,6.33830637,4.296492101,-2.884423725,17.4388222,0.976680775,0.323913415,2.21762429,0.936522056,148.955193,24.00718419,0.24801146,0.606992895,0.098607798,186.5417116,1.158780972
Canada_08HD007,SimulationRaw,0,,,0.045421801,0.059577245,19.99271315,44.01231439,1.6186753,0.270769718,0.715020918,0.046215994,0.01961335,1.452019851,5.774695539,7.562616552,1.732495617,1.638362854,0.031402945,0.146856966,1.444440211,0.480921055,1693.488704,77.60372683,1.407882598,0.406960767,0.054700539,9.318607513,1.268368285
Canada_08HD011,SimulationRaw,0,,,0.022682058,0.003326558,18.94023848,20.72173604,0.507950299,0.896748006,0.891701843,0.064151378,0.151719171,0.824270803,5.545266956,7.84267786,-0.223874345,0.463570175,0.953967423,0.604916587,2.35907375,0.799222378,1987.156603,11.32453379,0.256861366,0.335961692,0.083001644,23.70799074,1.328425142
Canada_08HD015,SimulationRaw,0,,,0.004742309,0.024162134,23.80845187,34.88240294,1.206538765,0.717192652,0.865503977,0.003136006,0.124857712,1.264095579,4.617118741,7.868038334,1.346627643,2.644742326,0.276759262,0.222987138,1.185455651,0.862705528,113.9644708,89.40370788,0.662449013,0.515818271,0.057580676,178.1491783,1.221424403
Canada_08HF004,SimulationRaw,0,,,0.025876221,0.013959707,25.41703836,6.340456824,1.202318662,0.997941153,0.812625655,0.11091156,0.032936436,0.686914893,5.133885862,9.355202954,1.718294704,0.208398071,0.011071543,0.074730935,4.440146898,0.579312654,242.2530635,18.3061955,0.105768798,0.610925686,0.096981896,247.9630586,1.389765345
Canada_08JB008,SimulationRaw,0,,,0.043923004,0.064042068,15.93392498,44.42806799,1.470981673,0.841452801,0.811760745,0.117267409,0.119110807,0.846767747,6.451058624,7.518713855,-1.215217349,13.23021852,0.421823896,0.213051228,5.023144583,0.817115506,1443.10967,60.93266519,0.733143862,0.297422264,0.048498937,278.1948983,2.223171299
Canada_08JE001,SimulationRaw,0,,,0.016894214,0.022301641,23.57690088,8.007864707,1.676549268,0.552051967,0.86376434,0.067956352,0.154452728,0.86124238,4.752859128,5.661554383,-4.234071005,0.234477252,0.571654049,0.037324166,5.739813474,0.898947182,1255.208762,96.24026033,0.418553017,0.035372087,0.022708843,132.8120385,4.815271828
Canada_08JE004,SimulationRaw,0,,,0.007975382,0.034656988,24.70043786,18.24358393,1.074642915,0.369274063,0.821318715,0.101242274,0.156304208,0.773191503,5.688918266,6.486869923,-4.477402161,0.361616439,0.961688984,0.159430001,6.325655357,0.895364219,523.253239,15.99759738,0.833397354,0.449175613,0.032109835,35.35243415,2.595110648
Canada_08KD007,SimulationRaw,0,,,0.018262909,0.010757729,5.4972932,36.41497776,1.868796041,0.469433908,0.872285291,0.037098196,0.045398221,0.853455348,5.245454234,2.907959892,-0.422371144,1.274519451,0.223652931,0.007763104,4.639546922,0.341274049,339.7420126,4.16630735,1.577524195,0.107601334,0.043048774,155.1049197,1.358890379
Canada_08KE016,SimulationRaw,0,,,0.042396894,0.066567277,22.13828594,41.85548955,0.80848846,0.430399121,0.778994936,0.079112935,0.114068875,0.775645199,4.929421935,9.835780156,-4.931950042,11.08217073,0.23402867,0.048387338,2.827620673,0.499304754,1111.39406,80.57283341,1.325610143,0.681760608,0.08668176,288.2382326,1.892781589
Canada_08KE024,SimulationRaw,0,,,0.020251946,0.001626407,18.49798677,20.51987557,0.957531681,0.870446894,0.68595385,0.136567134,0.009148615,1.465881936,4.866037731,1.016767513,-0.440681585,1.636783789,0.09903521,0.225389676,5.761185629,0.639390931,1347.237376,4.163553427,1.980443321,0.153018898,0.020815787,168.6779545,2.339211305
Canada_08KG001,SimulationRaw,0,,,0.017590022,0.068979713,19.57624227,27.94852365,1.424637268,0.738750047,0.765122431,0.044528664,0.013853207,0.708956301,4.056498262,7.325643772,-2.920823674,0.555785578,0.165525083,0.000127272,3.604884636,0.496846818,690.7908577,45.34050972,1.368928189,0.050451847,0.053181587,172.0528174,4.604112361
Canada_08KH020,SimulationRaw,0,,,0.017538292,0.025920195,19.41033566,27.38689265,1.758126453,0.44847561,0.809467687,0.150735601,0.070082548,1.366783484,5.295180616,2.248657734,-1.169544702,3.491840678,0.672503681,0.54091993,4.200903439,0.87799163,1756.665393,41.9577769,0.569723629,0.163337047,0.023903242,164.0252815,2.396462271
Canada_08LB020,SimulationRaw,0,,,0.010338371,0.061965783,17.02283218,33.08753697,1.055505152,0.582295738,0.742668559,0.045103678,0.091733117,1.225349399,5.031130107,0.661167962,-0.653293033,0.832175696,0.002187701,0.143932868,3.768880176,0.718178958,257.2946982,87.5461193,1.776437658,0.111403105,0.022212563,107.7114286,1.509620364
Canada_08LB024,SimulationRaw,0,,,0.043481277,0.021431218,19.21833878,37.1680903,1.522477063,0.808384992,0.767463226,0.065649107,0.025818885,1.348025221,5.170711899,8.780342337,-4.314137422,0.50319934,0.785500242,0.361700755,3.127795317,0.498889264,504.7807066,1.647547538,0.148771551,0.080288568,0.038649271,191.9101426,2.93111095
Canada_08LB069,SimulationRaw,0,,,0.018783785,0.047958949,11.45865356,6.53135591,0.753929705,0.660619902,0.890776236,0.013549513,0.117821237,0.688495409,4.922068894,1.088984373,-1.101674756,1.520111169,0.638571825,0.059735465,5.375543129,0.810803736,305.4148059,35.09158232,1.270658347,0.030941277,0.032662027,99.05610021,1.695912503
Canada_08LC039,SimulationRaw,0,,,0.012838889,0.063782856,15.5463793,34.74678326,1.240050066,0.508169061,0.852920376,0.156121285,0.085635387,1.484614534,5.067738116,8.468938789,-3.075441228,1.42571445,0.196158908,0.330362917,4.855404194,0.727785313,579.007542,18.02804491,1.29294268,0.181108826,0.023089753,210.4528703,1.226134452
Canada_08LC040,SimulationRaw,0,,,0.013623879,0.032972491,16.71528145,34.14219119,0.909104746,0.388005781,0.753683024,0.099947131,0.087295476,1.333111033,4.982978282,7.138396272,-0.364774529,1.804363373,0.741115521,0.000619434,6.860065405,0.678786564,1116.046076,43.5289013,0.413954605,0.10218759,0.040726974,195.7538199,3.15703737
Canada_08LC042,SimulationRaw,0,,,0.012410748,0.054476248,15.35047495,10.43462749,1.459041131,0.119210375,0.707722523,0.149217157,0.135824,0.981843055,5.038426034,9.867614303,-4.062854447,0.319782436,0.898240942,0.094611599,5.148096945,0.755185275,900.8563035,25.21476139,1.751196987,0.150343505,0.060631442,122.2410908,1.492907267
Canada_08LE020,SimulationRaw,0,,,0.035957194,0.014444988,23.16527299,13.42027914,1.879568939,0.413905648,0.720388149,0.09274596,0.044777115,1.083836612,4.963638552,1.787700877,-3.607177265,0.375895223,0.491251437,0.213260385,3.353231239,0.365778603,1027.538198,62.44559281,0.170800635,0.159711916,0.04006927,113.7795559,5.079811253
Canada_08LE021,SimulationRaw,0,,,0.03816455,0.067231063,17.88914381,22.45003453,1.954421772,0.943460785,0.6987068,0.011398981,0.012569869,0.805798791,6.103337193,7.986681845,-0.553610983,1.255017349,0.059337159,0.029673181,5.080516333,0.761120315,1692.653719,9.089803484,0.161445299,0.039008854,0.039388957,237.9842994,4.223201559
Canada_08LE077,SimulationRaw,0,,,0.010129735,0.040240934,21.6535271,41.12088609,1.864092997,0.429168403,0.828094452,0.100466222,0.018237323,0.721463437,5.327381606,4.62534005,2.164334318,3.195346288,0.860554693,0.161028697,2.420418097,0.945157479,43.97330802,12.4695311,0.237298335,0.133889516,0.020556343,78.39070462,2.060277903
Canada_08LF002,SimulationRaw,0,,,0.042852497,0.052643031,16.5573787,5.73785698,1.281686699,0.194435958,0.86679102,0.120447263,0.148299908,0.74179746,5.902254191,5.695573896,-2.050642944,14.79815111,0.113338823,0.389131203,6.216165478,0.519861806,733.0393951,82.8149035,1.535162123,0.126864288,0.03321324,289.8231797,2.400225067
Canada_08LF027,SimulationRaw,0,,,0.016460124,0.037605948,13.56600422,16.93558244,1.273318862,0.138727366,0.818193528,0.007142766,0.120532099,1.328371953,5.02863028,9.708583456,-4.855929735,9.547846654,0.716396749,0.682462556,4.293216839,0.398722717,509.2690965,46.02534546,1.365283649,0.150523497,0.043998742,279.974909,1.99963129
Canada_08LF051,SimulationRaw,0,1929,1976,0.01675304,0.056108374,17.07515639,1,0.823775207,0.850408543,0.749103301,0.155553278,0.108648765,1.25225459,4.79412054,0.948742411,0.084525946,1.544473556,0.098375901,0.033001374,3.683976491,0.499271253,353.4846303,84.29181951,1.700366496,0.020613937,0.02,176.1193519,1.041196987
Canada_08LG016,SimulationRaw,0,,,0.031375762,0.024714082,13.83891947,9.054024112,1.965768696,0.697428732,0.89660913,0.012315514,0.079748626,0.912610554,4.85622303,8.902618527,-2.04486477,0.624571744,0.038392032,0.005623481,2.984404731,0.439389693,1098.793291,62.00333868,0.710329857,0.499339566,0.043119252,124.3232859,4.590280918
Canada_08LG049,SimulationRaw,0,,,0.01070904,0.038967599,20.30523965,44.48134329,1.74441272,0.246734132,0.695137736,0.115736117,0.107526411,1.209697815,5.514427808,8.747255506,-2.246060025,0.480902933,0.277458035,0.281982292,5.215146036,0.77515609,477.1019461,83.73618862,1.678666339,0.228020241,0.020273086,285.6882401,3.881551867
Canada_08LG065,SimulationRaw,0,,,0.02468225,0.042278365,16.82484908,10.88559257,0.965918365,0.218487021,0.843285935,0.040462114,0.09245042,0.944162607,4.773404498,6.485653163,-4.391755255,0.223561048,0.544799413,0.382696022,6.117291027,0.514036136,868.3872112,93.39687824,0.154123417,0.135935228,0.032812258,91.65490923,4.251238906
Canada_08MA003,SimulationRaw,0,,,0.027462098,0.063417457,19.78187473,12.60595996,1.009057217,0.631650505,0.73329481,0.046044041,0.034902833,0.734308898,5.616100901,6.02902547,-1.663266512,1.066820337,0.52649476,0.05285044,6.423158977,0.488849603,857.0950429,39.10889344,1.682089924,0.085698625,0.020700488,149.4835325,3.120747038
Canada_08MA006,SimulationRaw,0,,,0.047804786,0.020425921,4.768840925,44.0322173,0.972169144,0.60192074,0.872013515,0.057151505,0.029922251,0.81665433,5.388294544,6.643170911,2.458488049,6.358591572,0.716976243,0.020240602,6.212460587,0.506618701,983.3941829,10.36039291,1.407589952,0.088593485,0.025996656,22.77071446,1.718958072
Canada_08MB005,SimulationRaw,0,,,0.026038747,0.013928789,12.88929434,8.729806353,1.433448629,0.283408085,0.841135962,0.123915372,0.091995291,0.752587201,6.00131866,8.27914329,-2.404514755,0.178402234,0.004651219,0.005583105,1.651136608,0.565573551,1843.464239,22.37006559,0.253787303,0.126827713,0.031385942,163.1488086,1.530222391
Canada_08MB006,SimulationRaw,0,,,0.0350478,0.02972881,16.53163145,13.78526429,0.613079173,0.379626932,0.854296368,0.150705573,0.126804195,1.428421761,6.336895852,8.537235092,-3.938899872,0.387087298,0.647065625,0.038035774,5.514164944,0.705148861,557.846249,31.95994383,1.387358027,0.233452401,0.036904108,29.65627893,2.117360087
Canada_08MB007,SimulationRaw,0,,,0.008898037,0.018896483,8.536142662,22.70343762,1.246947616,0.311808398,0.894215496,0.092314443,0.144606119,0.715846047,5.380316828,8.352621403,0.079314031,7.346789787,0.90913586,0.121357516,2.504047593,0.644695965,914.0315571,29.21832613,1.101904019,0.059647858,0.020221871,53.80397007,1.241337339
Canada_08ME002,SimulationRaw,0,1956,1956,0.014742296,0.057984488,16.64211524,44.80565002,0.637765523,0.292153886,0.689723493,0.115016022,0.078238738,1.204003705,5.018955732,5.314566683,-1.479812117,1.096396956,0.557134101,0.083393888,3.917573141,0.588111801,1358.627269,52.35596315,0.499753888,0.413080941,0.030254944,64.56031149,1.031576341
Canada_08ME025,SimulationRaw,0,,,0.011601517,0.042599548,25.40104554,10.716891,1.129958151,0.822729476,0.829381221,0.020114613,0.101789817,0.93714954,3.835979013,1.356983516,-2.162063219,3.859478165,0.937832124,0.34760136,4.489066135,0.845853787,1678.746866,55.55866228,1.062793676,0.016353801,0.020120576,17.6206662,1.725142175
Canada_08NA006,SimulationRaw,0,,,0.027758731,0.012909789,13.89855676,33.53176345,1.955062173,0.752087793,0.741761215,0.048616198,0.10439695,1.122106064,5.371123981,6.271797919,-3.142723838,0.635997552,0.616460146,0.008602877,4.950009535,0.790734972,225.0966384,98.70722565,0.641009908,0.048804337,0.03078433,172.8655624,2.07301604
Canada_08NB016,SimulationRaw,0,,,0.047889781,0.057397259,5.225139875,36.12457801,1.338867805,0.477465441,0.692831579,0.077837539,0.010785531,1.376468481,5.944939627,9.847051438,-3.036400526,1.621951766,0.783532098,0.026273474,2.186080105,0.513093699,127.124809,41.22858612,0.590545432,0.01142411,0.023377662,153.0998221,1.223541212
Canada_08NB019,SimulationRaw,0,,,0.036132977,0.050503364,17.41777582,39.08851827,0.836367879,0.334575886,0.768904864,0.153824184,0.110842513,0.847068613,4.960071955,5.325793625,-1.723873566,1.834056678,0.017519213,0.005129411,1.87426851,0.491202933,328.5230893,44.37512806,1.917249901,0.03121567,0.02273916,121.1496878,2.337462267
Canada_08NF001,SimulationRaw,0,,,0.040004155,0.0391377,23.86888379,45.32187766,1.750144886,0.184491783,0.808945418,0.149849161,0.016200349,0.672046285,4.909091178,9.885242056,-1.003091144,1.471793188,0.907268894,0.471497969,2.51887512,0.908428968,1146.825708,82.98283851,1.233175056,0.232876219,0.02296635,61.44342029,5.507124466
Canada_08NG065,SimulationRaw,0,,,0.041900271,0.035224514,3.107941521,44.38308155,1.670606538,0.233160244,0.861357086,0.007369919,0.140665758,0.783862834,4.885371148,4.885927089,-4.790412921,0.285849107,0.207260126,0.081008651,2.989403374,0.378771549,344.0624541,30.70232716,0.882312709,0.036932815,0.038824166,133.3928175,2.349635663
Canada_08NG076,SimulationRaw,0,,,0.013491032,0.038756315,10.87226187,10.86516322,1.585047053,0.518829037,0.861702383,0.024295779,0.073055743,0.850675791,6.252388513,7.965157657,-1.58421963,2.189957124,0.777855224,0.055962769,1.971726872,0.369653956,704.6152242,29.86785666,1.979402208,0.182522765,0.026005174,295.6168082,2.113443093
Canada_08NH016,SimulationRaw,0,,,0.026952618,0.059164703,7.750963419,25.25404888,1.924903464,0.316747689,0.683066344,0.164967317,0.071382481,1.153049598,5.621417882,2.881386233,-0.78092149,1.509190658,0.882501768,0.049883815,1.911848261,0.67871532,1974.03107,76.1007833,0.822658995,0.054067948,0.028426198,184.5458033,2.995878573
Canada_08NK002,SimulationRaw,0,,,0.030933771,0.038059857,17.93696356,24.51518662,1.390643612,0.851606192,0.888835028,0.136552328,0.069265588,0.715949638,4.995685843,5.214992893,-3.215871853,0.827822405,0.254157539,0.030293988,1.279930099,0.3,507.752114,63.28512706,0.984917689,0.046324995,0.023175028,274.3224406,5.052262046
Canada_08NK018,SimulationRaw,0,,,0.021452447,0.050568333,8.293798982,16.52217054,1.64580474,0.496664809,0.750217157,0.133746285,0.012556344,0.781834919,6.428547969,5.34774317,-4.330995488,1.227643187,0.943729921,0.111970065,4.518062179,0.730057214,1138.059895,63.63216286,0.8091859,0.112100882,0.031167438,200.8923548,3.243434394
Canada_08NK022,SimulationRaw,0,,,0.008358609,0.019276929,9.990096801,12.46108065,1.190348359,0.573481526,0.756988844,0.12060815,0.081625746,0.787534087,4.278354724,9.895960185,-2.682095402,1.129909299,0.972179303,0.034845663,2.053038952,0.779333613,349.7484275,25.21733681,0.470712506,0.019886013,0.027459816,296.1671875,1.893548087
Canada_08NL004,SimulationRaw,0,,,0.011434451,0.054715946,24.41907421,8.636592533,0.891361905,0.299017871,0.845204796,0.121129747,0.03985719,1.187836831,3.606946381,8.656329243,-4.612135044,0.287196102,0.484202605,0.301430624,5.272158791,0.739992127,1543.359399,89.50621557,0.071571437,0.032157465,0.040570956,127.4770272,3.142437919
Canada_08NL007,SimulationRaw,0,,,0.043840843,0.04383704,7.187248014,21.44020752,1.724753598,0.121277467,0.732982826,0.050893561,0.130608401,0.98352005,4.1598992,2.543464732,0.043663257,2.003514969,0.357229104,0.023575452,4.15023476,0.354196166,1526.59282,4.017354042,0.337895296,0.135844701,0.025696235,34.26965955,3.088064017
Canada_08NL022,SimulationRaw,0,,,0.016050738,0.055648687,23.58636284,16.85393001,0.675825984,0.177904944,0.894063366,0.091155097,0.057933994,0.940876481,4.470824372,8.760110265,-1.280989206,0.954485845,0.767643753,0.028768693,5.908509324,0.741188893,1626.499495,10.27634103,1.397186055,0.102442539,0.047192108,194.2264518,5.910648928
Canada_08NL024,SimulationRaw,0,,,0.003253671,0.056629171,24.88112204,24.23712721,1.850936984,0.305889799,0.760315808,0.152261222,0.026580034,1.202611208,6.20583325,0.248713431,0.758944398,4.006779795,0.770543863,0.226399912,1.049938081,0.419539052,338.6558489,16.95786923,1.595092735,0.174919722,0.020936848,112.5241312,2.260469874
Canada_08NL038,SimulationRaw,0,,,0.039972049,0.049801073,19.20242499,16.37077982,1.517923174,0.587320767,0.846091459,0.061134792,0.096228148,1.430865997,4.84124945,7.539457856,-1.147573083,0.846830934,0.293785355,0.051197912,4.461488671,0.731772724,1271.240349,87.69405386,0.950833265,0.101718205,0.051463284,242.0577345,5.677608301
Canada_08NL045,SimulationRaw,0,,,0.014920883,0.054207349,25.05900204,8.828878641,1.573384894,0.370453888,0.875908586,0.15753839,0.036509884,1.339065718,4.335803028,4.26076737,-4.134750643,0.176674573,0.433582292,0.500140028,2.448133831,0.444803714,523.2390558,8.462492291,1.335603897,0.063258358,0.020159848,26.88136001,5.313392114
Canada_08NL050,SimulationRaw,0,,,0.044150977,0.065118568,22.18254367,6.04268152,1.767238592,0.65901889,0.715469826,0.170600072,0.152117104,1.310245616,3.700893996,7.300168153,-2.203429905,1.032767079,0.45534515,0.067216372,2.300251359,0.412969879,168.8535409,21.0821248,0.238862293,0.260257918,0.020566386,38.55464475,3.779042851
Canada_08NL069,SimulationRaw,0,,,0.03864006,0.045341345,25.74542259,36.79259078,0.986825108,0.722991891,0.840492703,0.166917294,0.044181964,0.912440646,4.568254702,8.684663212,-2.133501597,1.777741902,0.213449234,0.140635384,2.615795603,0.830519043,1029.658253,9.094815069,0.451114215,0.119222918,0.023795328,208.5720399,2.692839516
Canada_08NL070,SimulationRaw,0,,,0.026695973,0.062238321,18.63768714,31.54015104,1.93917613,0.458968452,0.845503589,0.052567354,0.138308394,0.762773313,4.502370694,1.402429433,-1.489951058,1.076759972,0.651371642,0.066842585,3.291246525,0.739870457,1231.959625,72.56651005,0.809356051,0.088541572,0.037350658,125.4672275,3.822836855
Canada_08NL071,SimulationRaw,0,,,0.018455992,0.018098667,21.5797042,6.556203732,1.550038255,0.133736587,0.736812548,0.112409746,0.12761226,1.487540419,5.828135607,9.546309286,-0.279103687,3.020435176,0.222945775,0.117869372,1.632787229,0.796334294,673.3735364,28.14957146,1.212403548,0.070488565,0.036142441,295.2060484,2.544003517
Canada_08NM065,SimulationRaw,0,,,0.030599471,0.062380435,19.11909471,26.7606616,1.771382654,0.628734453,0.861222034,0.165560689,0.127408908,1.420458015,4.894349265,9.535899588,-0.245265177,0.305286572,0.451271852,0.180641506,3.00861526,0.358341697,576.158395,73.95907936,1.524209887,0.245549669,0.022687179,220.4819074,5.978515957
Canada_08NM116,SimulationRaw,0,,,0.022071842,0.015405281,25.6094219,8.248305553,1.239275509,0.276494933,0.814858986,0.10893957,0.012146767,1.181600645,6.06673261,7.625628569,-1.821628428,2.262863439,0.889764363,0.119360036,4.198454673,0.955070507,480.7096525,2.631216531,0.193540586,0.039132548,0.021046529,175.4407219,1.646753464
Canada_08NM171,SimulationRaw,0,,,0.023921738,0.052240657,25.4583637,40.0313155,1.02457433,0.612245099,0.804961106,0.028692708,0.045644819,0.99826625,6.142335865,6.092498231,-0.792697674,2.924190235,0.35361565,0.054565421,0.917877614,0.39668102,178.2443736,73.95291773,0.73849682,0.135561087,0.026479461,191.0520697,2.003158471
Canada_08NM173,SimulationRaw,0,,,0.045340818,0.059184924,12.1980242,18.31553904,0.787265591,0.777729864,0.781224311,0.03852005,0.051184051,0.827715069,3.740953643,3.159605375,-2.842924293,0.441866531,0.070369068,0.108217887,6.897891719,0.477681197,1495.072543,15.49865841,1.316974658,0.078975905,0.035891177,234.3291792,1.956090941
Canada_08NM174,SimulationRaw,0,,,0.015640843,0.057452542,22.50055934,18.49506471,1.983711752,0.485555641,0.888553929,0.043662938,0.058021148,0.809680077,5.511121803,8.461900274,-1.949671188,0.860915111,0.247268452,0.062388826,5.417245478,0.846398176,688.9827581,52.22769522,0.109247485,0.041887522,0.062802165,151.7101544,2.16416636
Canada_08NM232,SimulationRaw,0,,,0.007358926,0.033194891,19.60769904,30.90945938,0.974939214,0.629305051,0.740007704,0.107215487,0.07995903,1.457654062,6.354871106,5.753671694,-2.345814793,0.909191309,0.677364753,0.072708825,6.418493771,0.931914633,451.3611351,19.24312505,0.971519467,0.093256834,0.046436039,27.57189265,1.41695369
Canada_08NN002,SimulationRaw,0,,,0.042836798,0.03856807,23.37971438,37.46754139,1.392775304,0.964180674,0.870513596,0.022182946,0.109452144,1.168985547,5.130368345,4.11011263,-0.385416448,1.05902343,0.425287529,0.013140566,2.964331384,0.909359108,346.881489,24.76233142,0.613064705,0.384879417,0.029264489,88.57108264,3.455224392
Canada_08NN012,SimulationRaw,0,,,0.027697397,0.054340718,20.57570337,27.02829062,1.86904956,0.58735371,0.866248827,0.103883768,0.146749197,1.123382189,4.218225281,3.021639301,-0.379873076,1.404528839,0.986240733,0.037751286,2.386636343,0.820869125,199.784863,83.51403326,1.189495985,0.0864753,0.033367149,294.4043281,1.70262019
Canada_08NN013,SimulationRaw,0,,,0.029161582,0.054847488,18.57673989,42.6714105,1.447408716,0.381389469,0.889779811,0.138587606,0.137111972,1.22783055,3.764385382,6.582297551,-1.784308382,1.055503058,0.608631437,0.086923343,2.148694817,0.59230274,658.1369905,8.285962881,1.265078862,0.065464672,0.042490137,233.296902,3.97006635
Canada_08NN015,SimulationRaw,0,,,0.018316587,0.063606581,22.77506833,17.51421872,1.464639509,0.270094408,0.864116715,0.125022936,0.081182407,1.308810984,3.53170699,4.98704511,-1.888555895,2.130791779,0.749880176,0.190592564,1.932178025,0.42429837,215.100701,70.78334973,0.587535942,0.089102267,0.021648915,12.06514211,2.768525222
Canada_08NN019,SimulationRaw,0,,,0.009424642,0.041367354,14.68524176,43.03369835,1.916138553,0.756148961,0.890128412,0.128247876,0.126437861,0.710465905,4.624475063,2.824259007,-2.059448714,1.387052106,0.320976444,0.105872536,5.470094042,0.779511751,663.3749871,60.7985491,0.813778853,0.076144475,0.042111407,204.920123,1.577121268
Canada_08NP004,SimulationRaw,0,,,0.04368763,0.027205317,3.066653503,4.538801616,1.538682215,0.55793594,0.89240253,0.0288267,0.014432643,1.042289327,4.140952886,0.467834066,-0.774700634,4.145692897,0.913869637,0.217542835,6.747470902,0.956357586,289.1577713,66.85152795,1.379404234,0.118798058,0.022643435,264.8099227,2.205619025
Canada_09AA012,SimulationRaw,0,,,0.037242964,0.048636621,10.62951486,42.11914866,1.472488698,0.489021846,0.752682967,0.061778459,0.029692754,0.900933251,5.558044832,9.808076811,-3.041014508,10.02125089,0.855290138,0.454588457,2.626906413,0.383910472,922.219935,61.29982753,1.660982849,0.016703064,0.022848236,252.620678,1.582359112
Canada_09AC001,SimulationRaw,0,,,0.036051611,0.03343723,10.79631288,4.240520251,1.749982235,0.752679666,0.692250715,0.061128762,0.050928693,0.882765748,3.860414142,6.955396494,-2.398317912,1.119729502,0.044310531,0.030764478,1.132858454,0.745770221,936.1154364,11.3250352,1.245865911,0.022335586,0.022876431,106.4531302,1.087639341
Canada_09AH003,SimulationRaw,0,,,0.021550361,0.052393184,5.266949682,20.49220141,1.741061242,0.614528026,0.748044168,0.060324114,0.030956418,1.445283708,6.130553781,8.524351969,-3.409380082,0.486070025,0.298937829,0.075166708,6.264416924,0.786406557,92.02089448,23.97065916,0.202340411,0.430674586,0.025853373,209.4796719,1.27213874
Canada_09AH004,SimulationRaw,0,,,0.02083272,0.025397621,22.69396675,7.464885481,1.742967152,0.912440315,0.761085867,0.089858031,0.141001315,1.040086505,5.987435996,2.516873812,-4.383278331,16.42233707,0.439593254,0.361333302,6.183601697,0.776579824,925.8625683,16.4367221,1.961485167,0.181306778,0.025524892,230.4788878,5.191339967
Canada_09BA001,SimulationRaw,0,,,0.01257377,0.063765279,7.795974863,20.64176954,1.766129265,0.876903945,0.83288349,0.04725234,0.142624695,1.018372758,4.903261479,8.365413654,-3.264945635,2.339886689,0.247272454,0.069754027,4.360249173,0.538305922,42.33264533,41.55169304,0.770758313,0.049932299,0.021537331,54.56383124,2.124742861
Canada_09BC001,SimulationRaw,0,,,0.020021723,0.027945111,7.578805999,36.99069785,1.296746756,0.927856135,0.891753969,0.0022983,0.062467473,1.212461546,4.53585062,9.443826984,-3.999236921,0.927995498,0.394922373,0.003572518,6.479133089,0.931616597,245.8539501,39.75601829,1.432529112,0.026058507,0.020079471,255.2223724,1.805748382
Canada_09BC004,SimulationRaw,0,,,0.029554702,0.009225443,10.81992742,15.33836738,1.608149397,0.724088818,0.894647625,0.115003937,0.141005588,0.933264788,4.053571956,4.747474823,-3.929131626,0.955482658,0.552260082,0.008547857,4.852392101,0.92789056,134.044134,98.10049498,0.889285227,0.01161197,0.020804098,168.6089107,1.833364638
Canada_09CA004,SimulationRaw,0,,,0.002244636,0.042976818,19.64962172,40.38929221,0.693661347,0.818843584,0.700546036,0.008958889,0.0617244,1.458586308,6.289037751,2.613936104,-4.607250132,10.54456258,0.064822032,0.094727515,3.115412218,0.951011615,1547.445475,22.65488631,1.516545249,0.241533934,0.020105551,177.6115124,1.614182288
Canada_09CD001,SimulationRaw,0,,,0.029918087,0.017733618,9.484141695,20.5462175,1.576170063,0.62012557,0.852060003,0.117435602,0.107130129,1.238499555,3.977995944,6.069630337,-4.98197812,1.004157076,0.902900563,0.01968791,3.185558448,0.635182291,1043.459526,57.50395582,1.623296305,0.038473896,0.020554563,108.3362175,2.907370399
Canada_09DD004,SimulationRaw,0,,,0.037514614,0.068607011,6.019268721,44.07972111,1.351794421,0.824591402,0.760495286,0.007739063,0.003042741,0.962112167,4.356942321,9.169054723,-4.735081496,4.195699061,0.767775342,0.017227456,4.455485692,0.959732649,938.5746437,63.64498045,1.546116304,0.028067759,0.021241163,48.73630595,2.704246554
Canada_09EA003,SimulationRaw,0,,,0.013203963,0.060223525,3.708679384,46.09477284,1.164651961,0.63385011,0.774463762,0.030933357,0.005048133,0.669978259,5.348278267,3.859395586,-4.914153527,2.499870634,0.98931767,0.023929345,6.04468279,0.49680123,1071.985064,96.58768675,1.531226561,0.012121405,0.020375902,124.5429476,2.044287766
Canada_09EA004,SimulationRaw,0,,,0.00220911,0.0349962,21.40527553,35.70957544,1.302837884,0.187099727,0.697214804,0.10517848,0.121947056,1.210215152,4.172401628,1.095243573,-4.761155855,19.68282885,0.517905328,0.005630932,1.300431439,0.425225753,1514.457221,42.7340156,1.966226054,0.021440269,0.020046923,115.8804557,4.139264642
Canada_09EB003,SimulationRaw,0,,,0.0215702,0.054009908,23.5053055,23.02623683,1.35039212,0.230817653,0.895453584,0.075960115,0.144432268,0.749380951,3.633968588,4.137967967,-1.775190475,1.789716645,0.762382495,0.043163122,6.277372306,0.798225456,872.3884146,67.87935022,1.238955497,0.543524825,0.037359637,133.3081674,5.051057264
Canada_09FD002,SimulationRaw,0,,,0.041593074,0.06244714,10.58668462,16.90427724,1.198729557,0.12253426,0.711742605,0.016365694,0.131886281,1.141879012,5.608442438,0.355632434,-2.606699927,2.187602491,0.757872478,0.007461639,0.942607908,0.887342389,564.0526803,0.950529148,1.259149096,0.077011615,0.020912353,178.5490559,2.030234652
Canada_10AA001,SimulationRaw,0,,,0.041932874,0.004338618,19.6245836,11.40363684,1.341324771,0.563390006,0.870209691,0.035652486,0.008472471,1.267449893,3.931023359,8.255656964,-3.46680629,1.560037399,0.089115751,0.005198391,4.352131039,0.820027527,464.3633867,16.08623311,1.927594325,0.068622011,0.020347812,138.2462131,1.721384112
Canada_10AB001,SimulationRaw,0,,,0.044358448,0.027512436,11.57418376,26.07485018,1.942887737,0.994222359,0.728913751,0.158488031,0.066654891,1.235108981,6.428112807,6.913464212,-4.980538169,0.801017964,0.007799136,0.005758609,2.704292886,0.778323815,1483.782367,24.75228545,0.145788567,0.012739283,0.020270293,92.30922795,2.769954934
Canada_10BE001,SimulationRaw,0,,,0.03276858,0.018632991,10.90122381,23.67000702,1.25510226,0.241969584,0.768793826,0.133385595,0.147064492,1.152096826,5.895008865,5.236762046,-4.917831116,7.788558741,0.423337996,0.024920088,2.188571472,0.49913815,380.1771786,94.862567,1.579493014,0.040852397,0.021372648,263.6996354,3.069427878
Canada_10BE007,SimulationRaw,0,,,0.024724501,0.057626417,10.04574862,24.13533005,1.489388046,0.153835111,0.829998693,0.127929958,0.037379758,1.294718558,5.617231472,0.486849987,-4.840413507,9.760639452,0.762169929,0.018770906,3.260561047,0.323137751,1048.48191,60.21288868,1.769670269,0.095534851,0.020515556,275.4685558,2.891888432
Canada_10BE009,SimulationRaw,0,,,0.016863943,0.049229643,9.194874536,42.02321086,1.7260459,0.110693737,0.693554334,0.027382005,0.152609291,0.66175928,4.303367897,5.949086975,-4.714993032,19.81514901,0.913025899,0.03109566,1.80510842,0.954537988,1629.603197,51.95006874,1.966292399,0.025194318,0.020807259,251.0742541,2.365276639
Canada_10CB001,SimulationRaw,0,,,0.021922876,0.046729371,16.66188794,6.095535567,1.443043989,0.782629104,0.706765621,0.106137835,0.001352992,1.140712156,6.453617061,2.665899838,-4.243807617,8.427041974,0.241965677,0.049116983,6.383603179,0.991838175,1741.697123,61.15930208,0.286334571,0.235342642,0.070922412,14.38233307,1.579738554
Canada_10CD001,SimulationRaw,0,,,0.042089331,0.022663649,22.39808387,21.04038639,0.940294297,0.164924778,0.74590995,0.1440636,0.032128195,1.00011621,6.194190448,9.122672691,-4.338337519,13.38365473,0.035078781,0.417561735,0.454415324,0.458358534,901.5162095,99.56513163,0.174379021,0.272733429,0.059033515,298.1654182,1.856926338
Canada_10CD003,SimulationRaw,0,,,0.038493517,0.030073772,23.62628304,3.01058488,1.532570486,0.220498736,0.827258727,0.040852434,0.066247283,1.371671309,5.819412398,8.173646998,0.242004679,2.332268972,0.212829372,0.378560177,6.752863017,0.488235441,545.7842282,94.45380546,0.947339021,0.417457849,0.099114226,37.56807808,1.357612329
Canada_10CD004,SimulationRaw,0,,,0.012115322,0.048251485,25.36488566,5.507317259,1.875901558,0.990781733,0.854908476,0.17280014,0.038479528,1.482428156,5.915940841,9.142914062,2.975114844,6.470630756,0.363619136,0.01265554,4.684670795,0.962028387,1786.608661,20.27805397,0.807193524,0.871199605,0.064010154,73.07429713,2.408069086
Canada_10EA003,SimulationRaw,0,,,0.018651542,0.06696725,22.95718926,32.16764519,1.396279226,0.912692154,0.884659305,0.028723745,0.008346807,1.118174081,5.508046501,0.719472802,-4.999681866,4.483552656,0.643066787,0.007934696,3.736178911,0.836765199,1477.331746,45.10761777,1.503404969,0.057621116,0.020572107,163.6018767,3.95601504
Canada_10ED001,SimulationRaw,0,,,0.031873952,0.04221687,14.25152332,19.72964381,1.474023647,0.50417396,0.709645966,0.000133848,0.062177929,1.235049308,4.537159422,0.720329914,-4.228307967,3.017709229,0.781605789,0.177879234,4.477814848,0.751370388,1329.501648,96.67678583,1.647494301,0.043658786,0.020103294,111.2097748,5.173243814
Canada_10ED002,SimulationRaw,0,,,0.038635201,0.062163306,21.91832791,4.384078284,0.890387044,0.564248211,0.857254208,0.112214117,0.043089403,1.172792033,6.32987859,6.083665209,-4.867224425,15.1546543,0.305250124,0.164489746,6.262208005,0.972553134,697.860771,96.01789104,1.042901723,0.02817991,0.023222056,165.3316572,3.464289322
Canada_10ED003,SimulationRaw,0,,,0.017881925,0.018647152,22.47383078,28.10021427,0.508111875,0.741697691,0.821322661,0.05885699,0.012517384,1.449551864,5.880727066,9.980950605,0.92322295,2.427945762,0.147141474,0.032067949,3.674540468,0.638733771,182.3704465,8.116962476,0.89670574,0.533699076,0.029102909,108.5546667,1.840792859
Canada_10FA002,SimulationRaw,0,,,0.018819699,0.057828565,21.03663361,23.37065264,1.395719859,0.974907775,0.681935487,0.117161905,0.06019446,0.894615926,5.286831621,0.089965287,3.633339339,3.661457056,0.438755802,0.155664791,1.886012679,0.852680042,1941.119205,63.44483396,0.446162956,0.133117199,0.023293802,252.4511827,1.411886175
Canada_10FB005,SimulationRaw,0,,,0.030144825,0.026692901,15.93630007,28.7551519,1.834957556,0.894652888,0.884087649,0.129345858,0.01266822,0.85606542,6.268098948,3.504391547,1.499273627,2.981649264,0.763199292,0.023247061,3.120662207,0.949648324,226.5644145,7.732482317,0.69811679,0.291846515,0.021934573,296.8931523,1.586957665
Canada_10GC003,SimulationRaw,0,,,0.011457701,0.068915401,15.61899755,43.25921424,1.739306891,0.332693696,0.829813948,0.084431615,0.024946455,1.206264447,5.774944426,4.402721246,2.396432913,5.161853702,0.876016356,0.024354021,6.894448958,0.673779913,1151.679278,10.63153927,1.241276786,0.711964048,0.023085974,184.8403652,5.573286671
Canada_10JA002,SimulationRaw,0,,,0.021709247,0.025335826,22.96274136,9.347607162,1.681047502,0.742743262,0.8347557,0.005223667,0.053598636,1.443214639,5.088989583,5.665461312,-3.456606982,17.66890176,0.82331496,0.210664517,2.684298879,0.369185139,1034.655963,28.66223048,1.056486575,0.051346936,0.023950823,208.0498775,3.229915343
Canada_10LA002,SimulationRaw,0,,,0.048,0.054390385,23.08960023,31.47461118,1.954787549,0.944731655,0.68,0,0.125428116,1.425625705,4.5,0.38618777,-1.357393687,7.067248124,0.382817499,0.003194048,2.930218086,0.360126956,1.177041213,55.10814056,1.05,0.01,0.02,221.6956623,2.160833815
Canada_10LC003,SimulationRaw,0,,,0.034914995,0.026857902,17.87933731,38.5099647,1.564573875,0.370286939,0.83874545,0.119849457,0.009057216,1.273105456,5.846668757,3.51139212,-0.184283267,5.996428535,0.405766975,0.41537344,5.764912931,0.839224363,469.7935969,68.86454561,0.110563531,0.095791293,0.088852913,234.3850356,1.776454523
Canada_10MC002,SimulationRaw,0,,,0.041213379,0.028085862,13.77719936,11.82881225,1.461211969,0.337440104,0.88023287,0.095267169,0.022265786,1.022554126,6.216753188,5.059400722,-4.940733478,0.994872183,0.340398143,0.01046084,6.081186897,0.981219332,1011.178935,1.125125587,0.281261792,0.095546293,0.020487489,187.9366829,3.827979797
Canada_10ND002,SimulationRaw,0,,,0.018952734,0.067504892,20.15987602,35.83026162,1.822478997,0.928292977,0.854433319,0.075988483,0.006496254,0.781007088,4.135800841,5.234332231,-0.264038986,1.92652476,0.47409301,0.172805639,4.004312977,0.823476462,77.20469953,74.49127558,1.34356523,0.33796068,0.098677249,151.0829595,1.49347505
Canada_11AA005,SimulationRaw,0,,,0.034219608,0.067747221,25.22709067,39.48179577,1.150953718,0.817482788,0.837883168,0.156377922,0.115770158,1.080492896,4.560242346,0.246805486,3.541219012,13.80527566,0.362196043,0.732705211,2.488509376,0.512456101,1896.183138,32.99134618,0.938837544,0.478594483,0.054711909,201.1528782,2.413197843
Chile_04313001,SimulationRaw,0,,,0.025136508,0.037893151,12.21809493,43.28211677,1.843777035,0.890477978,0.842066564,0.102955478,0.112329793,1.160170957,6.008239776,6.400866778,-0.837176654,3.541715163,0.01776018,0.024227606,1.409537917,0.570271869,1935.889849,31.19318461,0.361706285,0.055685279,0.020499089,189.1118897,1.61741698
GRDC_1159900,SimulationRaw,0,,,0.016208046,0.048281083,20.45245714,45.95796757,1.328581407,0.813076267,0.757345971,0.070687945,0.01481436,1.319534024,5.585330668,8.074986339,-1.263168612,12.59837207,0.292693211,0.498914909,6.845956625,0.471692724,562.8649887,93.6221409,0.06520437,0.209429306,0.073008879,52.63205877,1.350459119
GRDC_1160650,SimulationRaw,0,,,0.015326135,0.063525843,14.84617734,17.78169782,1.259072283,0.745528851,0.797288581,0.118297143,0.014338965,1.423187622,5.304185776,8.678639361,3.599067442,2.112123573,0.731402165,0.031594469,3.974560509,0.83757944,1740.502993,98.59669495,1.784642648,0.208662869,0.025866738,14.61285833,1.070450884
GRDC_1160710,SimulationRaw,0,,,0.021752604,0.031779766,10.66136505,44.24231217,1.498654192,0.553941976,0.754091225,0.162446368,0.083920935,1.044629251,4.307200697,2.800777559,3.227197084,2.272877042,0.796640564,0.541007502,6.514953891,0.997894032,1105.463605,71.23171575,1.058102325,0.145627126,0.043372001,7.705051282,1.356899133
GRDC_1160720,SimulationRaw,0,,,0.03109805,0.064133089,17.14765409,31.89778641,0.931390913,0.945442333,0.794505943,0.143753905,0.112434159,0.686710217,5.35497761,1.780077669,-4.68416254,18.96577855,0.346785615,0.675242207,2.635492499,0.858789037,532.1708949,3.889898872,1.326189566,0.369737128,0.023999223,60.3697478,1.30945356
GRDC_1196300,SimulationRaw,0,,,0.040853402,0.055567318,19.88905055,43.17603206,1.44851663,0.884321955,0.689630146,0.107104158,0.005973607,0.855498467,3.843125846,4.92299471,2.341816526,13.71176068,0.939621733,0.75041201,6.991497694,0.344905841,307.9490928,42.89320235,0.264894705,0.447315442,0.023634791,164.1012097,1.419512967
GRDC_1196700,SimulationRaw,0,,,0.002378535,0.051102413,23.01344734,26.83081496,1.677828594,0.902355488,0.732128858,0.164385105,0.138509073,0.66218883,6.169379566,3.927136403,4.107529316,19.85700091,0.801193111,0.643800454,3.554993252,0.349565148,1950.755419,13.83151309,1.503029169,0.056941172,0.020191314,31.63929776,1.218347284
GRDC_1257100,SimulationRaw,0,,,0.019283413,0.0420541,12.75478198,17.77154694,0.817475555,0.806535761,0.783726282,0.085226251,0.135075608,1.43466672,5.397173378,8.208498278,-4.319599898,2.809265807,0.710436527,0.77125023,4.834312201,0.64999737,1994.008772,91.35028028,1.199775104,0.013481594,0.020909291,228.5811109,1.199029132
GRDC_1258100,SimulationRaw,0,,,0.044028947,0.064436336,25.27903695,45.04019822,1.961210706,0.48622597,0.681059323,0.154340532,0.157967883,1.033571075,5.621539856,9.494826219,-3.256341816,4.57389887,0.658268328,0.188407423,6.892391005,0.314806965,1777.218397,89.39473272,0.826125523,0.028787472,0.020530568,202.8638481,1.214030018
GRDC_1259110,SimulationRaw,0,,,0.032065612,0.048595026,25.41210169,19.65155408,1.894257649,0.215435903,0.889194909,0.082630661,0.042465039,0.728161521,5.605546544,7.536725377,-0.82979079,6.460574879,0.643563536,0.407005969,6.772015773,0.413479201,241.4090865,56.98987984,1.44546596,0.746362323,0.022483621,3.973957985,1.171409119
GRDC_3275280,SimulationRaw,0,,,0.011988387,0.007340825,7.996121042,8.863111381,1.402502323,0.317776848,0.892161101,0.167695193,0.137509224,0.874378875,4.989127828,4.020844154,-1.398896474,0.370882084,0.121955593,0.027539484,1.249817659,0.454683651,1901.895795,26.76817962,1.844270413,0.033558225,0.021784872,117.456352,2.570590976
GRDC_4115300,SimulationRaw,0,1905,1990,0.045240736,0.06336246,10.86084532,22.72127096,1.527884501,0.866240686,0.887410847,0.005929714,0.093803171,1.482189998,5.841552506,9.657105322,-1.294495491,0.546119978,0.036817538,0.035844402,5.14056107,0.558341504,1469.522619,76.99524913,1.725237111,0.126269607,0.0408551,216.1476106,5.584744414
GRDC_4115301,SimulationRaw,0,1905,1990,0.017538576,0.062434669,25.00033607,11.29631778,0.706984392,0.110885583,0.755174772,0.153671883,0.102747118,0.88478622,3.663879693,7.895241447,-1.019281463,0.82330369,0.227065104,0.054729377,2.203487698,0.517484084,711.3911282,12.84061876,1.466889989,0.031313706,0.02230273,33.46517792,3.869709159
GRDC_4115305,SimulationRaw,0,,,0.02501725,0.065167672,6.615500401,33.86919856,1.290627969,0.383924782,0.860693951,0.080491335,0.111214906,1.318201292,5.220434488,5.197743415,-1.780546655,0.427049762,0.043428465,0.088800433,3.584688171,0.757256654,682.4964393,57.94312277,0.799438031,0.133583709,0.040359158,10.12154517,1.90293978
GRDC_4115310,SimulationRaw,0,,,0.02985196,0.057441382,14.46355864,7.436035777,1.032328893,0.680444711,0.681085418,0.007628728,0.029733313,0.928920647,3.522595986,5.404398989,-1.262049356,1.306722108,0.9096753,0.09111631,4.149271881,0.768058771,1305.808241,55.5462386,1.28415592,0.149297405,0.038442697,254.4764551,1.56277118
GRDC_4115311,SimulationRaw,0,,,0.043364355,0.061787222,18.76519872,10.68188774,1.989868491,0.106214365,0.718666667,0.007662023,0.053096188,1.305060039,3.975240642,9.320282485,-0.279426701,0.999338733,0.734626067,0.019089339,1.592822183,0.736790347,230.6998963,69.87552609,1.201587544,0.173894313,0.041439457,201.8876786,2.374850987
GRDC_4119150,SimulationRaw,0,1978,1978,0.01710951,0.061064802,15.92486236,15.99443686,1.067752437,0.967573717,0.747122574,0.010061826,0.08048143,0.697589563,6.180947778,6.418900998,-3.232692008,6.699959414,0.809458656,0.48096005,4.03209179,0.696029741,301.454146,42.74784305,0.176082453,0.314238298,0.032406947,85.56082482,1.174569642
GRDC_4119250,SimulationRaw,0,1923,1979,0.011361633,0.05530552,20.11206223,33.25582431,1.693769891,0.655743827,0.768207597,0.024657107,0.104015658,1.473064724,4.703657758,8.958152763,-2.735015688,10.36549601,0.901592425,0.707857757,4.048919797,0.785110394,920.8622761,56.65222221,0.91973923,0.044080235,0.057405296,236.2362267,2.476859913
GRDC_4119261,SimulationRaw,0,1923,1953,0.042935696,0.020869656,24.63140354,30.73107833,1.050340401,0.996504072,0.836400315,0.024896146,0.038720509,0.928097933,4.417098753,3.362909524,-2.381403931,1.851559904,0.947398654,0.342213351,1.287425582,0.395577985,341.113646,69.03821544,1.109933895,0.147519175,0.042743991,48.23549042,1.548160033
GRDC_4119263,SimulationRaw,0,1953,1953,0.019705075,0.056229081,11.38206898,23.16470563,0.740109446,0.49310706,0.751134437,0.061848313,0.133929297,0.84171202,4.063894503,8.869731873,-4.334595802,9.221807333,0.354502437,0.009807233,6.61292048,0.762522195,1675.188097,1.571150588,0.274322535,0.089755377,0.037627042,3.463201992,1.344333001
GRDC_4119270,SimulationRaw,0,1966,2001,0.025778889,0.028286658,20.70664056,34.52263159,0.907750015,0.673058837,0.728816617,0.08151669,0.002682047,1.476269882,6.122170481,3.349645072,-1.492798514,3.39135065,0.405849454,0.501948719,6.588327617,0.433718933,546.4057225,80.03038041,1.415743413,0.225509878,0.059983747,243.6149803,2.487009653
GRDC_4119271,SimulationRaw,0,1966,1966,0.017218471,0.028515678,22.21294436,42.13496218,0.764151076,0.351271487,0.883792041,0.016147743,0.075127563,1.35748736,5.83611593,7.500534821,-4.041727609,19.11768122,0.590475105,0.098471172,6.491444423,0.543391643,810.9828627,3.428338036,1.194148051,0.187799288,0.096838502,288.3679355,1.828440623
GRDC_4119311,SimulationRaw,0,,,0.046757449,0.057051676,22.03906308,44.96765624,1.882719691,0.249219265,0.704007358,0.044827326,0.130740313,1.345250431,3.969173724,6.307196735,-1.310773527,3.770368243,0.599098746,0.237081721,1.508594243,0.453590449,812.4924116,54.55970191,1.267329324,0.128170778,0.069077753,154.6301055,2.911081348
GRDC_4119315,SimulationRaw,0,,,0.023722197,0.037115263,18.19157284,28.68016238,1.502640023,0.445191699,0.790416713,0.117976764,0.079879665,0.670122385,4.903578965,4.453852183,-0.635159377,4.748336537,0.011348443,0.362653722,6.634008502,0.463235776,471.0898946,1.319518365,1.302551303,0.216158251,0.058243151,160.7507886,2.499827182
GRDC_4122636,SimulationRaw,0,,,0.044448213,0.06513504,24.59848305,43.86642992,1.923582464,0.142483412,0.801232323,0.144711695,0.121575562,0.995902042,4.585477392,8.778228459,-4.853187208,5.474246783,0.28633667,0.745008656,2.871492436,0.673717903,1965.581475,0.901975429,1.125579754,0.166967916,0.022103057,197.5296696,2.751254385
GRDC_4123082,SimulationRaw,0,1890,1978,0.021703179,0.024168157,23.86944821,31.74937184,1.34005256,0.992309695,0.719037779,0.00509753,0.070765466,1.109559782,6.387310813,4.230170572,-2.470277148,15.24535006,0.859869833,0.02558561,4.565926985,0.445325063,356.2813287,2.821199711,0.06336504,0.375524643,0.064756957,283.6833547,1.90613339
GRDC_4123135,SimulationRaw,0,,,0.038120861,0.029825206,22.87228816,42.98805959,1.623511889,0.963627069,0.893414815,0.080726649,0.046646679,1.274307881,4.481720161,4.768485749,-3.325305249,1.13043923,0.057650931,0.208368661,1.774474301,0.577987405,334.7609866,2.02576649,0.867738599,0.486024162,0.074021384,175.4085264,2.231493725
GRDC_4123137,SimulationRaw,0,,,0.043834114,0.052543621,24.15597113,46.22103213,0.843899392,0.490593305,0.812129342,0.031989509,0.06354749,1.407635458,6.375343596,8.389680766,-1.867143827,2.645095819,0.759181989,0.681271227,3.92062813,0.308645913,326.2413849,48.17778393,0.764329757,0.494806098,0.056284611,162.8324183,2.324430976
GRDC_4123208,SimulationRaw,0,1974,1981,0.02966637,0.067711956,22.15852178,28.69311778,1.998394568,0.171147623,0.857830125,0.051296709,0.075578984,1.424467104,5.527489267,1.141696838,-2.765517645,0.946900655,0.061189754,0.095451554,2.356745664,0.984018747,283.3645441,2.417932744,1.999702864,0.324255311,0.076122426,39.1734743,1.133007195
GRDC_4123209,SimulationRaw,0,,,0.044967349,0.060279257,25.49260185,37.19905757,1.981867117,0.751278084,0.773321347,0.000869581,0.059662566,1.266911305,5.794737147,7.444239037,-0.771503127,6.279105094,0.644356485,0.490943803,4.285091853,0.934872627,513.3520528,36.03745677,0.829926242,0.708124777,0.071826102,46.09333209,1.793389742
GRDC_4123230,SimulationRaw,0,1852,1973,0.036246392,0.049316378,20.48563637,39.5219808,1.979669264,0.925747596,0.77993274,0.093057767,0.013249487,0.682629254,5.494924221,4.61106004,-0.678491627,2.29823255,0.188363482,0.032380125,5.979219177,0.96852212,780.9049919,46.48761155,1.006925453,0.506473295,0.098499829,205.7955318,1.627412799
GRDC_4125911,SimulationRaw,0,,,0.023924238,0.037064322,12.64204395,6.695925836,1.457309201,0.457325963,0.817436088,0.161397146,0.019037991,1.3487595,5.805059105,5.554771721,-3.739293871,4.737112144,0.120073094,0.328409911,1.542988625,0.591672848,587.5162281,42.57300196,0.992092351,0.279910051,0.023634912,13.4821285,1.744755101
GRDC_4127100,SimulationRaw,0,1941,1989,0.024587866,0.066344219,13.32344749,42.00826816,1.348638904,0.530202451,0.863568139,0.134358217,0.08904096,1.085586866,4.901969406,8.1088378,-0.437686909,3.679092227,0.107301292,0.226200028,6.926998476,0.454530317,1232.373945,1.155455856,0.126565684,0.550716593,0.05205844,155.1710744,4.392787004
GRDC_4132010,SimulationRaw,0,1934,1934,0.034917993,0.062030845,12.38331186,17.13880406,1.659351487,0.795450349,0.68480639,0.139561418,0.155273969,0.913596501,4.086899955,8.905136986,-1.812903074,4.052701985,0.21699946,0.555273524,4.315100473,0.851534875,195.8963498,93.87288918,1.648420189,0.064465528,0.021750857,257.7353782,1.928822556
GRDC_4147703,SimulationRaw,0,1836,1999,0.034662121,0.023217144,11.79424985,38.15929496,0.558562969,0.476270971,0.74416219,0.066642645,0.012747719,1.405274382,5.004835774,8.959170133,-0.49623089,6.182126865,0.0972787,0.439394577,6.243131798,0.702260476,556.6231586,52.03683331,1.356246584,0.233952251,0.088183249,214.519345,2.230833147
GRDC_4147900,SimulationRaw,0,1850,1998,0.04509759,0.016437209,25.44311133,18.33397034,1.069798565,0.778062546,0.719343026,0.05668492,0.012706281,1.128959922,3.778784308,1.637166847,-1.129859947,2.506112785,0.352833893,0.280409658,3.088348283,0.71948516,345.2804677,1.800687862,0.375160735,0.376067852,0.099318333,154.5740986,2.281530784
GRDC_4147904,SimulationRaw,0,1850,1998,0.035953186,0.013580847,18.71276796,28.36181827,1.916538264,0.856510069,0.755184811,0.00611721,0.092178548,0.857180094,3.58736808,2.588850384,-0.971339903,1.651464908,0.941991072,0.009046928,6.857582886,0.795607447,498.2194041,3.295570514,0.504602567,0.383951351,0.086979713,105.6392719,1.608470629
GRDC_4148125,SimulationRaw,0,,,0.033193822,0.049212786,23.83106965,46.29532046,0.536487371,0.667074673,0.863115811,0.159352377,0.001819913,1.148933922,5.645062644,4.404029533,-2.233161304,6.914955088,0.451354158,0.011680816,5.508888546,0.723167327,293.268701,12.07993473,0.107294033,0.202832349,0.091943127,238.374024,1.736619421
GRDC_4149780,SimulationRaw,0,1970,1980,0.017774668,0.044745251,24.99036898,37.57664084,1.132816114,0.303494019,0.742607353,0.11846354,0.156238634,0.93375957,3.783272828,2.712564777,4.595407397,7.463500015,0.51681899,0.351332552,2.512950489,0.513520973,710.5617577,24.45684106,1.564226132,0.017716136,0.021776152,166.0332137,4.677796922
GRDC_4150800,SimulationRaw,0,1961,1961,0.039932444,0.024964387,20.40542034,41.0607668,1.883542302,0.185629941,0.69989858,0.084129437,0.017067459,1.235174149,3.917268827,9.606349135,-3.824270531,19.04973608,0.542950316,0.421761629,5.550615776,0.594570591,796.1878271,1.185807859,1.080285241,0.425139576,0.090277446,119.0889175,3.987208665
GRDC_4202120,SimulationRaw,0,,,0.029880573,0.047875074,18.47261786,24.69953777,0.720756367,0.619314488,0.788322865,0.085648089,0.071419029,0.851197576,5.744031233,6.738902287,-4.951635744,19.79289831,0.125123063,0.047844777,3.570774223,0.845792439,1594.254902,12.55273131,0.661152997,0.024384051,0.020869813,54.25420902,2.581957168
GRDC_4203210,SimulationRaw,0,,,0.009879762,0.046122266,17.02423115,29.66394084,0.627643994,0.739533021,0.710188831,0.078585272,0.12069291,0.809523508,4.648728346,4.975608486,-4.688799102,3.636713992,0.531510475,0.013634154,3.020440273,0.833995543,1185.580463,56.99184514,1.610481,0.024817111,0.020207388,249.1488115,3.002750202
GRDC_4203410,SimulationRaw,0,,,0.018415659,0.029008337,9.914615646,43.44109492,1.860794239,0.336308948,0.705126694,0.159292287,0.157675339,1.005627288,6.362734381,0.945946844,-4.847976362,12.89810417,0.398697991,0.504060577,5.173002173,0.934759222,496.1800353,81.68685526,0.832829159,0.014595261,0.0263583,37.97306922,1.883661684
GRDC_4207710,SimulationRaw,0,,,0.022754948,0.057964524,14.6419626,37.09557023,0.684539714,0.695582879,0.784850046,0.0255101,0.150341612,1.113833506,3.847550383,0.038024162,-2.476835452,0.612039798,0.980937536,0.009241908,6.278393165,0.829474524,741.5341533,68.20579061,1.492262605,0.220290702,0.064313379,165.9027232,3.280557695
GRDC_4207800,SimulationRaw,0,1929,1976,0.041976787,0.010390062,15.06266788,9.927382988,1.307487718,0.365845973,0.887910374,0.054858501,0.133860865,1.23906553,4.572463169,9.241940691,-2.800486131,0.138487275,0.566561175,0.120802496,2.873646435,0.958789912,677.570558,93.75396637,0.616155398,0.112952598,0.045606654,51.88018369,2.196810021
GRDC_4208040,SimulationRaw,0,,,0.009288348,0.016408795,19.82467344,24.2348243,1.773776575,0.911713774,0.764097004,0,0.092501195,0.677976563,3.663121642,7.233445902,-4.844444455,1.118557863,0.497401049,0.004299191,6.304945625,0.923472101,957.1048558,78.80322693,0.392652571,0.054786625,0.02,93.74320255,3.471605324
GRDC_4208065,SimulationRaw,0,,,0.003145471,0.003108087,15.72376759,26.64101155,1.244039089,0.496878241,0.686960364,0.052027387,0.127704441,1.324956072,5.435195525,3.382031334,-3.904043597,1.317068575,0.677243587,0.003335989,5.708418374,0.869033303,77.08755332,6.460984307,1.580558721,0.081083605,0.020994822,15.7375087,2.092647327
GRDC_4208225,SimulationRaw,0,,,0.035217936,0.034466184,4.134731091,20.42362349,1.745554013,0.356224564,0.894474245,0.004445787,0.08242523,0.966216632,3.569580404,9.326772469,-4.862189773,1.570045751,0.690079413,0.006318842,3.121884524,0.522143593,1592.70566,28.63779082,1.076493745,0.036404797,0.022074566,32.45981031,1.788390288
GRDC_4208245,SimulationRaw,0,,,0.03987725,0.054212043,2.463502706,36.83013321,1.113453755,0.405051265,0.695560887,0.10483471,0.042500267,0.954547202,6.153331883,3.89463876,-4.880800682,7.912424814,0.378094856,0.065178868,1.370393575,0.432235914,349.0431181,0.386460459,0.182052906,0.010316049,0.020643695,107.3199902,1.413681179
GRDC_4208295,SimulationRaw,0,,,0.035423138,0.063018355,24.27599236,15.4795303,1.302082144,0.369124235,0.690240993,0.071459083,0.105762366,0.740156646,3.707819756,7.344089341,-3.434392848,6.117837922,0.610869106,0.062933841,1.461278185,0.46019143,943.8088384,71.38234424,1.940660105,0.061815607,0.021518427,186.0320326,5.86764032
GRDC_4208350,SimulationRaw,0,,,0.02657146,0.064502224,19.59070354,39.23573313,1.267797599,0.366917797,0.696731883,0.046396341,0.004377169,0.861360982,6.257280887,1.038288753,-4.594461734,18.03316825,0.294009748,0.026466936,2.837487527,0.595022046,1573.946892,85.006204,0.957941832,0.01020493,0.020088364,204.540178,4.172013826
GRDC_4208461,SimulationRaw,0,,,0.022875835,0.013373798,19.24512569,14.13283813,0.741153767,0.389185794,0.788152893,0.155508865,0.012656399,0.977051544,3.854717343,7.142308241,-1.462319997,3.63809103,0.220055062,0.069875689,4.251276157,0.449238388,423.021363,85.26804018,1.233910831,0.121146116,0.047485579,179.4609226,4.832145356
GRDC_4208480,SimulationRaw,0,,,0.013031894,0.057937132,15.10319382,4.892772254,1.935318975,0.288483061,0.869854809,0.03538185,0.046028048,1.385864547,6.312346417,9.268851733,-4.818632884,19.8464657,0.133185739,0.060107622,6.927708162,0.501380839,706.1841667,98.50208764,1.457014099,0.114874564,0.089024718,170.6030816,2.38812578
GRDC_4208485,SimulationRaw,0,,,0.01024091,0.068368181,13.07992856,2.011564207,1.140950852,0.817581954,0.740021521,0.14473714,0.017700763,1.316589632,3.747805784,0.357858853,-3.589823938,0.594109988,0.100456844,0.049896013,6.269607519,0.357568068,203.6570986,55.79960351,1.455707479,0.099620995,0.020783455,246.7275344,1.678183661
GRDC_4208500,SimulationRaw,0,,,0.042538506,0.023706618,14.09428482,15.29384874,1.672526756,0.822204645,0.800439146,0.096507142,0.126508743,1.076575743,4.909526727,4.685814931,-2.119995306,1.067686039,0.151477488,0.01766789,3.261843474,0.640689011,108.4467824,76.61940719,0.492266964,0.139819888,0.021963992,175.5164396,4.438897071
GRDC_4208505,SimulationRaw,0,,,0.042722668,0.046480234,8.152382862,5.884272658,1.082743568,0.313057715,0.840231637,0.028599546,0.117639761,0.989070446,6.268959554,1.118646653,-4.437142695,0.458360193,0.071923239,0.061991532,6.608917326,0.980856725,327.2935569,86.74791226,1.279187209,0.034973574,0.025189294,15.04258478,2.192281024
GRDC_4208507,SimulationRaw,0,,,0.034527163,0.062121,15.8558534,7.109280409,0.85868211,0.642921748,0.784442317,0.13908908,0.060093174,0.833901837,5.609809953,9.872120276,-3.552093783,0.951155239,0.776616899,0.040463918,3.501005389,0.571694154,86.5854503,53.45169984,0.36701987,0.016902079,0.022642791,279.9006965,3.976750909
GRDC_4208515,SimulationRaw,0,,,0.029884693,0.061237053,16.97048902,10.34737668,1.661038821,0.826495184,0.875412575,0.142506723,0.050965528,1.026632677,4.647577682,4.556701778,-3.687696219,0.61718116,0.562294611,0.091950767,2.712533237,0.69880003,279.8909441,33.08912294,0.379333312,0.024109206,0.027389781,64.65413111,4.133089007
GRDC_4208530,SimulationRaw,0,,,0.024243203,0.039683107,20.9705522,10.39769953,0.513896435,0.397875851,0.880727526,0.063145898,0.006792951,1.323929184,4.201484974,9.098039309,-0.016049333,1.992771778,0.282214522,0.273890583,5.313648557,0.546853825,487.338605,96.28603476,0.156703515,0.877941146,0.022884968,229.4084313,2.024190222
GRDC_4208540,SimulationRaw,0,,,0.026036567,0.05451897,3.920657186,37.78049659,1.102432722,0.408603933,0.896161967,0.06284719,0.139345947,1.425101729,4.89518193,0.568939929,0.405006515,0.940702848,0.592791726,0.005016023,3.700875846,0.771824715,223.6391646,33.43030163,1.604353598,0.13924897,0.041251023,37.50064626,2.147239931
GRDC_4208561,SimulationRaw,0,,,0.041696414,0.046947857,21.22764912,2.633998316,1.816553462,0.42096814,0.861330336,0.136179537,0.13048366,1.184690262,4.670245768,9.107091594,-4.899069745,19.22552039,0.458051224,0.635431568,5.076503824,0.661650258,809.8192947,65.79379368,0.123017887,0.579232987,0.044826625,108.7001037,4.060953286
GRDC_4208565,SimulationRaw,0,,,0.026349977,0.053239868,13.72918764,17.35877583,1.362115537,0.395489546,0.72324802,0.150193342,0.046274522,0.879747099,4.918602054,6.222589075,2.480580633,19.1733818,0.254969059,0.122355255,6.537044597,0.884337077,901.3160942,55.60145334,1.656845489,0.331712131,0.030936925,98.80765333,4.986713979
GRDC_4208585,SimulationRaw,0,,,0.035347902,0.011994857,17.24123918,15.47471104,1.61833295,0.165685815,0.69851665,0.02808474,0.006679055,1.434766883,5.168874877,7.765116695,0.297769863,4.301552151,0.400225158,0.148118435,6.639202764,0.366098088,460.2967564,12.57044316,1.079869295,0.325470945,0.046379606,245.4862009,2.850347072
GRDC_4208645,SimulationRaw,0,,,0.011239141,0.032698504,15.00029794,11.07942136,0.906917006,0.152501097,0.828826838,0.173552376,0.003752907,1.454621152,4.013657196,7.922495234,-3.555477889,0.528503749,0.984402575,0.051061416,6.031623536,0.352155367,854.403346,59.46660648,1.659544041,0.585518379,0.039342793,12.72376688,3.626453559
GRDC_4208730,SimulationRaw,0,1985,1986,0.038081498,0.06624019,14.92738441,18.14600893,1.606553558,0.55182543,0.856516671,0.094558278,0.087731059,1.251128233,5.187109406,9.168792491,-4.631768319,15.10382365,0.55687805,0.392307104,4.335911692,0.806422352,1301.84201,33.04193485,1.459850784,0.038460717,0.06353215,245.7383073,5.195880839
GRDC_4208821,SimulationRaw,0,,,0.029185568,0.01401076,17.11085516,20.28691029,1.316540533,0.665892292,0.795380997,0.001849358,0.069363012,1.362623223,4.695288049,8.390904137,-0.198192207,5.367634396,0.633219441,0.319376817,6.416636503,0.795468269,741.0689241,73.04974575,0.402439143,0.065674229,0.022129577,97.47561652,3.580377021
GRDC_4208870,SimulationRaw,0,1985,1986,0.015975264,0.019371061,25.40321843,12.91541408,1.564847404,0.140009193,0.817158746,0.163198654,0.083958041,0.990062533,4.914594612,5.36119379,-4.414983206,6.666009705,0.059897656,0.372139329,2.059858169,0.894723819,1719.132007,95.37075931,0.484009858,0.028868998,0.080436819,47.06795812,2.297030024
GRDC_4208962,SimulationRaw,0,1986,1986,0.045413467,0.030536689,19.4940184,41.70886813,1.095862616,0.658069219,0.694003078,0.156182242,0.046478456,0.84489743,5.487322511,4.270800271,-4.601036252,4.173609393,0.774803934,0.642429461,3.815683597,0.334453266,539.2142331,65.87986594,0.303951217,0.204357754,0.05950301,279.9746438,4.836613999
GRDC_4209450,SimulationRaw,0,,,0.031754402,0.068571649,23.56058296,5.856740889,1.875364507,0.63055146,0.761924669,0.011288519,0.011390946,0.882096309,6.209133094,4.094003662,3.832759281,0.028715094,0.149654882,0.560009988,0.574518727,0.911265136,704.5575505,30.90616863,1.366660119,0.342869174,0.061135246,129.2255582,4.867808919
GRDC_4209500,SimulationRaw,0,,,0.007654646,0.032440904,24.2752348,2.201327814,1.360644502,0.294852377,0.793849212,0.173761359,0.128822012,1.197616546,6.453456865,3.426778727,-4.752139493,17.52675463,0.210487627,0.029773865,1.674634176,0.443237279,379.3582008,10.26035313,0.840764313,0.0151651,0.020271442,155.0532863,2.198611248
GRDC_4213020,SimulationRaw,0,,,0.045458348,0.065588113,25.35291802,43.6046398,1.614764108,0.249519979,0.731891381,0.116276035,0.152471375,1.138125253,4.159054055,9.94665687,-2.28988943,5.51856973,0.39082824,0.513361986,6.971876741,0.333695239,1834.645359,42.60580595,0.132295014,0.0255549,0.021128011,222.5574378,1.395516788
GRDC_4213193,SimulationRaw,0,,,0.019088916,0.063074849,25.75157994,43.87203899,1.947426424,0.117828705,0.756296218,0.025450337,0.013904925,1.406763224,6.26289585,8.132418237,-0.72454201,2.254213135,0.43771103,0.031246303,4.836230273,0.319195987,404.5422312,94.01981663,1.721193486,0.456262794,0.0248413,117.7088174,1.945778081
GRDC_4213240,SimulationRaw,0,,,0.028139379,0.037489392,23.73972406,41.87626623,0.969929012,0.432952402,0.767718431,0.006614843,0.02839734,1.338346772,4.583196465,9.258517392,-0.830722983,8.969881487,0.543907922,0.01123234,5.978545103,0.614672434,536.6376217,54.86532131,0.821952641,0.256336893,0.02047838,255.9695792,2.258970702
GRDC_4213355,SimulationRaw,0,,,0.021187394,0.038627492,16.56175508,17.68357608,1.938392488,0.440536345,0.761198206,0.119428924,0.110646355,1.050980515,5.640691748,9.085451013,-4.73039718,18.88945404,0.938044664,0.387572266,6.011826176,0.887751416,880.3586477,82.77263186,1.115161022,0.11775745,0.030540562,177.6309079,5.403127117
GRDC_4213540,SimulationRaw,0,,,0.036055235,0.033910346,19.17903593,27.39424866,1.911449215,0.342379149,0.898020258,0.173690642,0.139154782,1.121518734,3.589101935,9.942022404,-4.785221814,17.04130388,0.55459296,0.050395199,2.732588367,0.389139545,266.8829853,26.72392734,0.074933416,0.058354879,0.025296979,209.6965536,2.825080193
GRDC_4213571,SimulationRaw,0,,,0.04662083,0.046226679,24.50420286,41.847927,1.971954343,0.475378081,0.811568519,0.096839538,0.114007503,1.250230894,4.646161911,7.653851654,-1.470093803,3.890299037,0.817715207,0.279807069,6.999799394,0.311138296,395.3797182,12.31014563,0.98498803,0.415812796,0.023428348,206.3371855,1.482650192
GRDC_4213603,SimulationRaw,0,,,0.036931232,0.009891921,21.24769742,27.82367218,0.730294051,0.919158794,0.721483598,0.011850883,0.021126713,1.240657216,5.080383866,0.094463178,-0.250223692,5.073328001,0.550744561,0.54295666,5.571632237,0.49552478,1897.744793,17.61432373,0.658671681,0.041693375,0.020930194,74.56638658,1.09885309
GRDC_4213730,SimulationRaw,0,,,0.023801532,0.02588564,16.85531979,11.9114719,1.907872354,0.222858899,0.715389577,0.122881772,0.028048922,1.386729981,4.550497509,6.230540192,-2.927604192,15.57734626,0.995006855,0.286608069,4.256490839,0.796416192,548.9183047,92.62468951,1.935012585,0.040290511,0.021171504,207.0833393,4.248004548
GRDC_4213840,SimulationRaw,0,,,0.011899007,0.037849872,13.13012651,42.4728043,1.818445311,0.297513923,0.856604035,0.006245519,0.03154711,1.388508259,4.8651738,2.85030672,-0.000850715,16.49499382,0.599032321,0.167924751,1.383234076,0.470003929,27.78541152,22.00485285,0.246550555,0.033918305,0.022708976,287.9642254,1.347598852
GRDC_4213890,SimulationRaw,0,1900,1924,0.03079845,0.027173061,12.4505356,34.01713429,0.677526475,0.697815577,0.746596452,0.088827282,0.081225339,1.321796894,5.609860752,6.812273288,-4.537617163,17.66870297,0.125429652,0.088968487,4.583721938,0.711298579,557.3055342,62.11659479,0.404840477,0.035537274,0.032295023,143.3331833,2.167582272
GRDC_4213905,SimulationRaw,0,,,0.01726968,0.057507762,8.034244703,35.55370714,0.937878154,0.105348767,0.88866887,0.012283814,0.022717039,1.273187454,4.399266562,9.642986195,-4.961356586,18.51912614,0.935020412,0.043460132,6.631244881,0.816118781,729.4902351,26.58894882,1.796275957,0.025795495,0.024882258,104.5614236,1.103291782
GRDC_4213910,SimulationRaw,0,,,0.016167502,0.013357891,24.68028793,19.26181616,0.732668247,0.553167607,0.821034853,0.137946815,0.0862275,0.861879188,3.809267003,9.553060575,-4.943809582,19.79448719,0.977470277,0.056604286,5.041977717,0.932612868,428.7132754,24.34382782,1.617209071,0.031269637,0.021058931,266.8453605,1.956876766
GRDC_4214070,SimulationRaw,0,,,0.030778185,0.026629819,19.24711996,9.649308415,1.072716241,0.449931166,0.701598909,0.145884319,0.120713153,0.795045866,6.477802693,2.924281772,-4.948921102,16.33171708,0.205194688,0.021367002,1.093128052,0.407994246,1778.314983,36.02326982,0.884086691,0.020793557,0.020197674,84.04125746,1.887494826
GRDC_4214210,SimulationRaw,0,,,0.022052557,0.015434992,12.56426151,15.07900372,1.504947111,0.299076053,0.765273326,0.121805636,0.102685085,1.299537085,5.720583274,9.802360739,-2.996232548,16.21242977,0.731743771,0.561281228,6.378953736,0.567370703,588.9599559,25.3270121,0.179352506,0.011038414,0.028838167,205.3488983,1.486509409
GRDC_4214287,SimulationRaw,0,,,0.04089086,0.018922966,22.89618372,44.64088969,0.655359446,0.437361552,0.881897804,0.114140121,0.121173338,1.146621052,3.536842515,0.103422334,-4.995004408,19.51259574,0.959608277,0.121190831,5.221575233,0.954870179,1035.586729,68.84222329,1.235974049,0.026696189,0.020126624,54.42810298,1.830446768
GRDC_4214295,SimulationRaw,0,,,0.033406436,0.037519211,18.74896985,44.3961636,1.918095943,0.355617799,0.748746808,0.064321679,0.04791242,1.093425062,5.666219016,5.1109635,0.880675187,11.04884279,0.792662463,0.226498041,3.436376378,0.866932766,300.2233647,27.62469808,0.469754409,0.035414483,0.02189291,18.36204083,5.365672834
GRDC_4214380,SimulationRaw,0,,,0.013998767,0.050876425,17.38012917,5.190976777,1.237509228,0.720609406,0.896128173,0.042019939,0.12013769,1.427654785,4.642069363,7.350178461,-4.74379347,14.04868649,0.008976179,0.243927295,6.894258597,0.888197498,1126.389105,75.71448537,0.788974091,0.015527777,0.036953945,181.7633535,3.297464865
GRDC_4214400,SimulationRaw,0,,,0.035467582,0.061884124,21.69910464,32.27562169,0.55320138,0.799098806,0.88915384,0.032909817,0.022035411,1.069819284,3.874688193,6.047518618,-4.852381921,19.31807186,0.372340192,0.188123275,5.589022005,0.976755619,992.3928834,77.2829768,1.87195895,0.026269755,0.021239931,156.8118018,2.915742729
GRDC_4214420,SimulationRaw,0,,,0.037267596,0.060069996,17.32596576,20.80460429,1.854719153,0.373382468,0.728056298,0.114974275,0.129181501,1.476787996,4.089305747,0.581225725,-3.840291931,0.856447929,0.3955783,0.006454124,5.700864772,0.822485428,165.0544542,61.25882007,1.131088933,0.086757479,0.020065248,143.8725525,3.084633043
GRDC_4214430,SimulationRaw,0,,,0.042373072,0.065146323,11.93438549,37.0019024,1.143638791,0.337036294,0.887577543,0.138028487,0.09043442,1.125889988,5.720244494,4.269721755,-4.028478099,3.075136178,0.453161702,0.074733026,5.601076776,0.922502992,1091.300491,76.57126668,1.353585075,0.103935202,0.026029682,149.4360379,5.014635267
GRDC_4214450,SimulationRaw,0,,,0.020099439,0.055414551,25.40811831,38.86077832,0.939550871,0.847166768,0.752377476,0.033934542,0.149697805,1.341917436,4.468050294,6.060513169,-4.760912365,14.15648842,0.330035032,0.30811618,4.106593689,0.612948551,643.7391491,71.01679481,0.105322744,0.032666909,0.02042726,39.14720582,4.758750168
GRDC_4214470,SimulationRaw,0,,,0.012643805,0.060765689,22.84904915,11.01266135,1.852394655,0.12395029,0.883280041,0.153625914,0.13683426,1.002478224,5.0858787,9.459587096,-4.924055489,19.96739019,0.421973329,0.418281887,4.437839407,0.723709218,788.7242446,98.68299062,1.920300624,0.022212006,0.02368515,156.6666875,5.524197685
GRDC_4214475,SimulationRaw,0,,,0.021719541,0.067186742,24.98809524,38.68438014,0.531388973,0.191501512,0.786027642,0.045282654,0.056486881,0.939844527,4.07702679,5.820027059,-3.372816161,0.925438788,0.03946386,0.007849208,5.154475449,0.81010711,166.9591262,87.12799139,1.319531804,0.108384339,0.03069773,259.5399026,1.932247633
GRDC_4214520,SimulationRaw,0,1939,1942,0.006347468,0.048517875,17.80781721,33.68349133,1.450707392,0.229326592,0.895640301,0.119276028,0.006645193,1.163978728,4.603982024,3.792492944,-4.432173724,0.613650994,0.192254914,0.004368014,6.93356687,0.594805574,805.5985798,85.64944786,0.812693381,0.134286651,0.021452071,270.4480876,1.501673678
GRDC_4214531,SimulationRaw,0,,,0.043302963,0.067987337,6.127454136,38.98217807,1.838766199,0.139783761,0.884137498,0.104953811,0.054188729,0.837952056,5.308699303,5.726344466,-3.823201373,1.575834209,0.646679078,0.673841109,5.112378269,0.909352339,250.696125,27.59793328,1.956934081,0.242171377,0.020120922,272.2584247,2.2613405
GRDC_4214565,SimulationRaw,0,,,0.024338183,0.031450738,18.73266643,29.28503029,1.799172042,0.997672582,0.818264653,0.017009244,0.12350666,1.070744791,3.572556821,5.131671133,0.909098374,8.362279325,0.876068235,0.3113766,3.815768066,0.65947998,221.2659195,7.824761349,1.966828915,0.066137331,0.024548216,269.1296769,2.210264572
GRDC_4214621,SimulationRaw,0,,,0.0061563,0.06283774,25.29318986,21.22253903,1.564865208,0.626118508,0.883652976,0.166774602,0.157559491,1.033617887,4.127212927,1.613625891,-1.971660591,1.982530471,0.936573752,0.059906886,4.338158377,0.743335362,102.659723,21.62386166,0.584848058,0.043912512,0.023609568,167.9774891,1.885326885
GRDC_4214655,SimulationRaw,0,,,0.033189917,0.065340309,4.257694282,41.2501833,1.259144597,0.548104551,0.854628312,0.01884766,0.001099617,1.047107521,5.173071531,5.193072338,-2.313192782,1.33502057,0.712033742,0.005591445,6.922710895,0.657863178,663.4741714,45.62823383,1.621873368,0.015186765,0.020021757,236.5312509,1.28664027
GRDC_4215050,SimulationRaw,0,,,0.030940323,0.049190254,14.91955242,44.54632337,1.406220985,0.633166161,0.771596428,0.039810083,0.136599781,0.946039376,4.37028238,2.446283318,1.074973123,4.920133238,0.035366403,0.035280382,1.868798257,0.563502144,699.4337033,34.88401069,0.127381649,0.041262107,0.021573294,169.5207101,3.125436481
GRDC_4215180,SimulationRaw,0,,,0.034569204,0.045668202,7.145138037,30.99580861,1.744383272,0.351446396,0.784750717,0.160509223,0.09432991,1.249566717,5.478674856,6.014481074,0.64804838,2.200493587,0.846394213,0.009460907,2.010253263,0.788433433,176.5052649,40.60814199,0.917651249,0.118360163,0.02922534,112.9021149,1.390607801
GRDC_4231250,SimulationRaw,0,,,0.030027338,0.032992743,23.2459279,6.485260456,1.383439679,0.213864757,0.718453398,0.013708515,0.118881302,1.160290923,4.937108977,8.020898305,-0.880746859,3.779304788,0.375609235,0.052256776,2.027774469,0.560699478,110.2024034,10.0541639,0.877507767,0.110248114,0.028940011,276.8989159,1.862475167
GRDC_4235190,SimulationRaw,0,,,0.024969581,0.049953912,19.54972653,26.09164012,1.913880351,0.320386554,0.749497782,0.063125465,0.010781923,0.954151518,3.917047906,6.294894857,0.259903078,11.35579322,0.989320195,0.077195414,5.164664342,0.491895034,1324.670461,0.600627691,0.687223852,0.557672127,0.061295801,149.5415694,1.984307168
GRDC_4235191,SimulationRaw,0,,,0.024214716,0.056330631,23.3807472,28.86952791,1.90373469,0.677944597,0.748904854,0.118152521,0.129474647,1.482718196,6.042133339,9.967140743,-1.669516405,2.239476611,0.744665948,0.004825254,5.070172767,0.382461941,515.4850228,8.720349468,1.631282005,0.660117306,0.097912329,198.5332972,1.202716941
GRDC_4235300,SimulationRaw,0,1952,1965,0.04455891,0.065894899,25.03330535,27.51089082,1.654053585,0.652922521,0.738416073,0.111903376,0.087109829,0.928547012,3.794519468,9.754198284,-0.225986735,5.098618459,0.943102712,0.031377195,2.017211175,0.880946291,118.0247427,35.64486164,0.052566679,0.067743174,0.095523878,243.8606635,1.302113351
GRDC_4243080,SimulationRaw,0,,,0.016494509,0.044046584,21.75752725,3.036949455,1.248586848,0.655899283,0.838336808,0.059641229,0.073124985,1.35544022,4.370589115,1.762743145,-2.136406079,1.737041502,0.321394179,0.013547234,6.39443788,0.883307001,259.6382009,7.712174839,1.710310996,0.157775228,0.024505713,160.7340729,2.194943597
GRDC_4243141,SimulationRaw,0,,,0.031913491,0.059629654,15.42759724,37.9902518,0.830540314,0.746105825,0.760450438,0.128478737,0.10254677,1.430956594,4.534758848,7.873969398,-2.778936086,1.544939004,0.66726604,0.018331492,5.928084304,0.978901067,624.0013839,83.04650332,0.608729105,0.090406168,0.04532062,134.7098538,1.908329447
GRDC_4243210,SimulationRaw,0,,,0.028195574,0.04699688,9.780334139,23.63163201,1.807562408,0.676953091,0.866113263,0.102843421,0.128396236,1.352421906,3.588274363,5.067035512,-4.518828448,1.04567072,0.806010759,0.093537046,3.945476546,0.76297137,556.5914439,1.20083897,1.003389264,0.157451222,0.034347526,261.667252,1.90876757
GRDC_4243215,SimulationRaw,0,,,0.015213138,0.057946973,21.57880746,27.48086106,0.624027916,0.694295549,0.872621442,0.085576089,0.061507117,0.922655968,5.240078939,2.223111981,-2.024380674,2.661653758,0.211432914,0.014620057,6.945223915,0.973220382,708.2776453,77.76090881,1.846385048,0.154412797,0.032919061,288.5627411,1.930856308
GRDC_4243280,SimulationRaw,0,,,0.039055228,0.049956207,19.01121215,29.67581328,1.866913532,0.657759789,0.871335394,0.029211132,0.058929984,1.267496574,5.585211821,5.061144922,-2.590888019,2.047413192,0.141717137,0.132421535,1.731828517,0.914817727,200.9189053,2.100680732,0.693594417,0.482419735,0.05015665,186.8164077,1.038073355
GRDC_4243290,SimulationRaw,0,,,0.033133984,0.004131154,14.90392542,26.9850057,1.174069869,0.365858827,0.817480931,0.051795613,0.120464461,1.007359999,4.477354344,2.597697752,0.198992371,8.194802237,0.73681641,0.043553615,6.18244893,0.727843575,213.1217288,26.3741789,0.316555813,0.279680311,0.056052925,186.0029426,1.187341974
GRDC_4243310,SimulationRaw,0,,,0.025370614,0.059874934,8.033415205,15.90856663,1.81450757,0.668062275,0.756473685,0.075590584,0.034338092,0.753978313,4.770434228,1.25704116,-4.026843108,2.278388614,0.847717607,0.235521975,6.89645267,0.809904624,375.6590497,16.08745977,1.597939162,0.097979561,0.023126403,152.3506347,2.019808143
GRDC_4243330,SimulationRaw,0,,,0.039543455,0.049802353,6.870500889,36.96883018,1.447471154,0.137425253,0.834631445,0.004398387,0.102042236,1.132577919,5.954130029,0.731798121,-1.547030294,3.018449537,0.250545794,0.014492837,6.299942184,0.916446067,417.4128045,30.55525966,0.586661447,0.36270191,0.022435649,119.2915894,2.243034076
GRDC_4243370,SimulationRaw,0,,,0.04326579,0.046479377,15.42678338,10.75968402,1.676302408,0.975432207,0.875035443,0.160501188,0.042551145,1.003963455,5.045159396,0.286804221,1.126606266,12.87746579,0.377526964,0.014131749,6.044123402,0.895654915,321.8769365,78.5989427,0.454012866,0.257283155,0.025836884,57.88331129,1.971406813
GRDC_4243550,SimulationRaw,0,,,0.023303036,0.062928044,7.750818737,34.75209725,1.225131625,0.322026673,0.789944668,0.03669814,0.101154223,1.225786764,4.814910543,4.074191831,-0.90045973,3.092808372,0.863218875,0.010132232,5.250505751,0.696818376,417.455193,1.283646594,1.220369357,0.082662551,0.023788753,188.3390446,2.238468807
GRDC_4244610,SimulationRaw,0,,,0.022149069,0.022752024,24.12209673,28.97054851,1.778468679,0.915534877,0.887151811,0.012300782,0.049861324,0.831217883,4.28506628,4.762554101,-2.181458523,3.303354721,0.739597842,0.042778547,5.946061902,0.877667586,326.9342204,7.641256815,1.300738064,0.084634011,0.02190892,136.8934923,2.251220141
GRDC_6140250,SimulationRaw,0,1964,1969,0.017732658,0.024206533,21.00106088,26.2282693,0.958938843,0.386693378,0.816636192,0.103670109,0.002629911,1.036651177,5.538111685,0.875565908,-1.140615451,1.172467939,0.752676196,0.036182881,4.704784276,0.732945789,840.0007141,5.696667382,1.412523189,0.16491156,0.07292048,37.04834709,1.255665273
GRDC_6140450,SimulationRaw,0,,,0.03807046,0.068791428,21.29902437,35.98927996,1.992221395,0.403908505,0.747230202,0.052827379,0.091960651,0.928431018,5.071421995,9.929014333,-0.929914872,2.24592243,0.572437381,0.161834782,2.750239294,0.618024589,217.2254836,64.0739338,0.192440578,0.243373166,0.07590009,237.0760274,3.300729289
GRDC_6142120,SimulationRaw,0,1973,1973,0.041422407,0.017676086,24.37439963,22.93213629,1.827673857,0.599420852,0.799943159,0.075460587,0.046151251,0.91482663,5.864852033,9.840278675,-0.379612751,2.688588111,0.731746201,0.627104027,1.486100809,0.681461992,133.5013375,8.52596248,0.595926062,0.111130323,0.08119871,289.8716338,1.179934226
GRDC_6142300,SimulationRaw,0,,,0.02921107,0.03777315,12.26186174,8.649481785,1.446541587,0.927277934,0.743482647,0.074895965,0.038578874,1.305949098,4.29433199,5.697802061,0.235982907,1.743473869,0.122282147,0.034542962,4.098686023,0.664046742,136.3846404,3.488245818,0.980226517,0.464668951,0.054541353,107.5419772,1.153500139
GRDC_6220500,SimulationRaw,0,,,0.042646787,0.008102919,23.9126176,16.87209711,1.2065005,0.214206413,0.71790981,0.153051384,0.155764175,0.690387285,3.81065769,9.921829788,-2.180025054,10.26429845,0.940926948,0.230799809,1.250851898,0.556601297,1970.386678,86.89819161,0.29975436,0.180134083,0.020461675,126.1664864,1.229911919
GRDC_6233201,SimulationRaw,0,1974,1974,0.009459196,0.016790212,15.76874761,30.23956154,1.475191393,0.660224568,0.793838611,0.040886004,0.151821471,1.039277887,4.178016252,9.664243435,-4.761896369,4.290041645,0.890727269,0.042611719,5.965706825,0.319186178,589.9503775,34.08041506,0.76207332,0.039453889,0.039252921,103.9728585,1.270139219
GRDC_6233300,SimulationRaw,0,,,0.022019566,0.021029669,16.94774026,33.07610662,1.262102533,0.69780621,0.849853757,0.03407125,0.012772401,0.783994812,6.42202405,5.898754727,1.354065841,7.925946883,0.737122361,0.563274354,6.945252418,0.60490242,185.6277137,94.79880226,0.07516739,0.053920776,0.027685006,169.730436,1.072198891
GRDC_6233350,SimulationRaw,0,,,0.025713241,0.013985034,15.59583235,5.181481534,1.98346262,0.509987102,0.897091816,0.159206184,0.008235232,1.19055074,4.843496324,1.846015101,1.075792794,16.03225434,0.106257907,0.092038722,4.90317198,0.498045191,230.6241166,30.30694592,1.978870224,0.035950274,0.031906067,277.3251399,1.155689422
GRDC_6233360,SimulationRaw,0,,,0.039887707,0.010763081,24.23034029,23.99537812,1.913967148,0.858282753,0.722741841,0.124836388,0.050520012,0.820337083,3.559036264,8.185454852,-4.638159513,11.5041398,0.812602677,0.250343065,5.266862662,0.866792001,488.0909261,59.66278056,1.19991432,0.053409134,0.049570214,289.831438,2.130717611
GRDC_6233550,SimulationRaw,0,,,0.044360806,0.019676538,13.2165402,19.99600182,1.376317648,0.448519377,0.880234957,0.088306904,0.100772091,0.697706266,4.931095446,4.166365225,-1.173843577,1.137061134,0.717180021,0.026092584,2.178908614,0.630669792,131.0296192,72.13224208,1.181375854,0.398957414,0.034243016,185.1317465,2.472078157
GRDC_6335302,SimulationRaw,0,1972,1993,0.035272684,0.068274473,25.14473076,36.08555542,1.658159562,0.505603001,0.683484736,0.111165299,0.044583637,1.080880224,5.899631799,5.392363825,0.490963429,5.824818841,0.699786721,0.717403661,1.298204019,0.492133417,536.1477712,1.963755152,0.154269631,0.090125995,0.05481094,77.21704324,1.898135158
GRDC_6335303,SimulationRaw,0,1972,1993,0.013245525,0.04132487,25.38985002,38.58586962,0.809694971,0.679718209,0.892042388,0.129770105,0.105422671,0.963927639,4.910614479,8.555786962,-0.225001549,1.512041685,0.321288548,0.255179149,4.525731414,0.886312256,1820.255832,1.83686812,0.620515638,0.252147449,0.050257528,14.06138539,1.64677701
GRDC_6335350,SimulationRaw,0,,,0.042170579,0.058049683,15.80024206,33.24051636,1.890168827,0.86537106,0.895928941,0.038735937,0.086463261,0.872488664,5.238478591,7.52019942,1.110252043,4.89407246,0.955066884,0.311352452,1.071348721,0.457881809,371.8895373,0.775568885,0.700423654,0.235032526,0.035053836,16.85127953,1.3213736
GRDC_6335600,SimulationRaw,0,,,0.021872738,0.059182051,22.14910693,34.83733626,0.807051124,0.711692018,0.828328941,0.089101126,0.055451089,1.080312813,3.551337639,6.358234872,-0.461944452,1.533120887,0.807918197,0.073020335,2.058146673,0.832415717,661.0837184,3.000641628,1.153222823,0.340274542,0.042563882,42.12478542,1.329191408
GRDC_6336800,SimulationRaw,0,1972,1985,0.03812561,0.032724852,13.86279049,45.27076533,1.569828975,0.314057615,0.87619563,0.072629277,0.042685176,1.216997248,4.904916911,5.280087904,-4.732577965,13.4330857,0.459779452,0.52395115,3.789151913,0.977038305,593.2275227,83.31124807,1.5907007,0.378088728,0.09032084,22.7001761,2.12804349
GRDC_6336900,SimulationRaw,0,,,0.045333818,0.05330868,22.97031695,39.88655697,1.034928377,0.329450322,0.877686392,0.152785475,0.04847906,1.427624001,6.054233191,9.454358012,-2.189695288,6.722522572,0.627312873,0.557825828,1.889069188,0.913047439,637.8771481,94.81990875,0.28856027,0.386679643,0.06108503,3.793939164,2.397829442
GRDC_6337506,SimulationRaw,0,,,0.03303883,0.024268816,23.65592794,34.91292669,0.509341329,0.615482198,0.878475644,0.131432514,0.053135455,1.129145735,4.238358978,8.394781456,1.00251645,10.18922465,0.480699407,0.53670072,1.940006575,0.591626801,588.1336561,18.80315047,1.655171135,0.281770421,0.051053086,183.8380845,2.273561446
GRDC_6337508,SimulationRaw,0,,,0.045563771,0.047505481,19.45683601,25.19994571,0.971493959,0.342924317,0.694396223,0.052584965,0.156980087,0.842780279,6.444668934,8.704779044,-4.780544791,8.586172592,0.702325997,0.781378758,2.578620715,0.867857152,615.3092665,1.012898924,0.702611237,0.281695383,0.040255015,10.14738056,2.240694389
GRDC_6337509,SimulationRaw,0,1931,1969,0.042962786,0.006857557,20.83070882,45.10963216,1.539470143,0.388108189,0.686186579,0.12031201,0.025012279,1.101630739,6.378719782,7.208428597,1.531990318,8.020960093,0.079657951,0.198337317,1.661064435,0.642032055,322.9030627,7.141028158,0.957302045,0.094318757,0.05752465,85.65973679,1.212033948
GRDC_6337510,SimulationRaw,0,1931,1969,0.041506171,0.043835139,18.37921401,31.99006493,1.993054324,0.244838182,0.746460298,0.003071947,0.074561725,0.778678699,6.498015827,9.768128332,-1.531608028,6.341185182,0.13257381,0.012159893,2.202245017,0.369334567,1170.895202,87.26285631,1.341339899,0.199549868,0.052940889,266.3854626,5.657866812
GRDC_6337511,SimulationRaw,0,1975,1975,0.011317578,0.021427868,21.12986524,26.40359768,1.169417146,0.649910059,0.710181685,0.170642382,0.078282416,1.081153238,5.61407171,6.816847173,0.13245081,10.37377959,0.774616447,0.188465033,5.937134651,0.879991988,1183.552017,8.171418349,1.881894055,0.072947043,0.077355512,96.13811449,1.264734401
GRDC_6337512,SimulationRaw,0,1975,1975,0.033480177,0.039246763,18.08710115,36.70466215,1.034624849,0.224422207,0.738473491,0.148069982,0.063290721,1.277251928,4.405904372,8.490257003,2.198097366,18.32256445,0.007444003,0.03359619,1.419826303,0.58872627,640.721741,2.009248601,1.71888939,0.124527418,0.066068353,98.88786317,1.708537979
GRDC_6337513,SimulationRaw,0,1975,1975,0.031859186,0.063558192,16.92142331,21.99030028,1.269597991,0.757586465,0.68071237,0.00806593,0.121761701,0.865295835,3.704704937,7.315383734,-0.07296259,4.696288238,0.181517584,0.271445647,2.943186292,0.962519506,656.2601157,41.13442812,1.658077281,0.043019534,0.071698015,140.8346352,1.380735875
GRDC_6337515,SimulationRaw,0,1914,1981,0.039824599,0.013053667,16.63831573,40.72672398,0.83409773,0.539233254,0.796434892,0.124323068,0.131210516,1.117943221,3.755578735,6.624137457,-0.269231552,2.89581902,0.683508199,0.657330525,5.59924585,0.86244671,1628.795141,48.99881181,0.138411404,0.090895859,0.074948889,20.87955911,1.90990051
GRDC_6337516,SimulationRaw,0,1914,1981,0.024733231,0.039994766,25.58845105,39.36956147,1.23231002,0.62200122,0.694290452,0.068376099,0.086217897,0.785334156,3.832770492,4.590545257,0.393534941,5.796366033,0.133735098,0.236059855,2.125442399,0.790273064,743.4211113,11.84248775,1.233583183,0.114277181,0.066082379,286.0995505,2.269917174
GRDC_6337517,SimulationRaw,0,1914,1981,0.0279746,0.068755354,22.55033833,33.25026188,1.551983634,0.39307222,0.774517546,0.021001711,0.058264681,1.171145584,3.985802607,5.361727497,1.191600761,12.35138506,0.403366622,0.735881178,2.164975164,0.846331435,906.682545,76.37868083,1.56983761,0.046812548,0.083020378,296.6527918,2.490607625
GRDC_6337518,SimulationRaw,0,1914,1981,0.042477147,0.049345061,16.84442228,28.99705993,0.945336694,0.949363982,0.800802967,0.132535029,0.100101836,1.141878203,5.646174826,9.060343706,0.17263751,1.855590417,0.153925902,0.151324217,3.196460869,0.882101938,974.6958747,43.97539463,1.55963493,0.122421044,0.064711552,126.9793552,2.249446611
GRDC_6337519,SimulationRaw,0,1914,1975,0.027992479,0.052900673,25.25936824,44.84105198,1.950382279,0.212294681,0.716451588,0.074835292,0.0965095,0.754744762,3.87604997,8.299292952,-0.348551076,3.02332117,0.551996365,0.108700687,2.303361693,0.743125723,953.4698596,46.97315791,1.870405607,0.18583266,0.058511314,70.14860374,2.733763033
GRDC_6338100,SimulationRaw,0,,,0.033082721,0.034051186,18.91355166,40.64671847,1.871618903,0.803433518,0.687161594,0.072619791,0.005176737,1.315306926,4.333686372,8.579918104,-3.946272652,5.574296533,0.647014808,0.55092283,6.825385204,0.972224892,1282.355685,1.723971414,0.089236025,0.168102635,0.073003418,287.3613601,1.72701357
GRDC_6338110,SimulationRaw,0,,,0.045688194,0.051577659,24.77868554,31.65226755,1.926967083,0.879842279,0.848741109,0.138481999,0.129468308,0.932808399,6.346261658,5.197150636,-4.550721247,5.98498799,0.202888956,0.164482027,3.787117686,0.85413348,512.4386125,4.892236875,1.388356076,0.137484523,0.089540373,179.8207959,2.359084453
GRDC_6340200,SimulationRaw,0,1961,1968,0.044447924,0.039809719,22.62083598,39.38066886,1.952348012,0.673720064,0.79739249,0.038229557,0.039161272,0.853453861,5.327896664,6.617361632,0.72926895,12.08731961,0.446131068,0.174093555,3.603154753,0.611433012,1192.775736,25.03447866,1.868428451,0.069115391,0.057964817,56.06842895,4.04544915
GRDC_6340501,SimulationRaw,0,1965,1975,0.02936825,0.059226253,20.59185745,44.294877,1.810252647,0.305505007,0.808370114,0.065172474,0.029261387,1.317357088,5.448765068,6.448722515,-0.31635323,4.659267725,0.793853948,0.470918857,1.501342649,0.587228078,510.5707271,16.76137896,0.128572651,0.026887532,0.043125592,209.5361166,1.284710084
GRDC_6340510,SimulationRaw,0,1965,1975,0.019492506,0.04997665,21.62990088,26.48549414,1.915851027,0.199655275,0.785586341,0.140368704,0.040707829,1.324399584,5.702407651,6.243624565,-1.895318461,1.042490201,0.418384352,0.01225874,1.903281656,0.510997673,706.5793005,67.96382063,1.980675619,0.068022857,0.052700271,221.0425963,2.074484562
GRDC_6357010,SimulationRaw,0,1906,1997,0.039063606,0.063400377,18.69589969,34.7331471,1.398835444,0.584440513,0.724656776,0.156201316,0.146685221,0.892395786,5.012238823,8.536694318,-4.025779152,11.13125717,0.576672416,0.191120734,2.054767363,0.534949156,808.0813387,84.64141685,0.289781185,0.028703894,0.033843881,221.7458075,3.682184277
GRDC_6603100,SimulationRaw,0,,,0.031774877,0.023930686,12.89483206,17.44390395,0.977209429,0.47340686,0.718906255,0.094421675,0.083874674,1.372619101,5.926297568,7.568306775,-3.816743961,6.557444614,0.394509289,0.291466276,5.151875206,0.561884292,284.4001626,23.25964687,0.564264972,0.322880504,0.084930641,189.7524419,1.179213636
GRDC_6603120,SimulationRaw,0,,,0.042050651,0.048278285,10.12237616,45.83010392,1.296596103,0.718847481,0.717996881,0.05691336,0.108265194,0.844455601,4.639882406,1.219187772,0.349905345,1.264423473,0.59271903,0.537454861,5.324843972,0.563544851,324.8644775,4.838818276,1.331229799,0.539713143,0.095274316,205.7598523,1.283350022
GRDC_6603130,SimulationRaw,0,,,0.030769509,0.050836622,22.59315237,38.94021822,0.987393336,0.529659264,0.699933248,0.100904859,0.017720504,1.119613743,4.82301673,3.084785063,-2.722726497,7.413946677,0.437968774,0.674066779,1.297642902,0.360479721,77.81743633,9.712638621,0.737920269,0.358769249,0.086725454,253.7163868,2.215810552
GRDC_6603310,SimulationRaw,0,,,0.033736262,0.017677654,7.525097476,26.87714397,1.038318409,0.262918471,0.778436528,0.014620264,0.051725367,1.101878678,3.766464691,6.950297939,1.568994028,13.62875629,0.78525019,0.708008433,6.894772018,0.311065317,489.1580535,1.711389167,0.966013007,0.406606821,0.075855711,299.1312073,1.378341566
GRDC_6603320,SimulationRaw,0,,,0.036338536,0.046211682,22.23239199,26.50137653,1.487690244,0.729609567,0.752739245,0.042487407,0.03522809,1.0450674,5.24051797,1.71685612,-4.238346685,4.722807314,0.589054371,0.226948169,6.342659323,0.933211308,282.6955204,88.61815747,1.497599197,0.456400058,0.096144112,224.380478,1.215072508
GRDC_6603340,SimulationRaw,0,,,0.016327558,0.018181332,10.36835904,22.01704489,1.099556833,0.198720418,0.893434143,0.151952527,0.02245736,0.738760634,3.694644291,9.215440626,-0.301855624,7.308471703,0.987587029,0.69798093,5.481562015,0.753761891,507.4087428,10.02226508,1.175853051,0.45610919,0.096469203,33.31063835,1.010612056
GRDC_6603350,SimulationRaw,0,,,0.025271586,0.055208288,13.11803274,28.85472266,0.614779753,0.325928226,0.763684015,0.097176962,0.142316895,0.846725634,4.041810757,2.837236153,-4.986599911,0.958347372,0.277610759,0.398922612,2.689521074,0.765657435,466.6234666,47.70212173,0.53746588,0.571909045,0.08338679,188.3268271,1.731994103
GRDC_6603500,SimulationRaw,0,,,0.045959737,0.039650127,16.78616422,39.83339571,1.412541834,0.600145008,0.757228688,0.065014409,0.010150679,1.000716916,5.510995446,0.478086384,-0.54503206,16.238782,0.795913162,0.085861733,5.456002754,0.867222302,500.1448939,1.403197184,1.322944076,0.350839473,0.094242451,165.5916799,2.065042865
GRDC_6604650,SimulationRaw,0,,,0.024396426,0.018115179,22.85531243,21.85714935,1.088763639,0.872524172,0.743814705,0.161552222,0.125413203,1.024473458,5.188636865,7.769341423,1.847112951,6.428840905,0.64772164,0.096505453,3.315056054,0.840759094,1408.684841,5.762082194,1.478185926,0.232936779,0.082196689,188.6509021,1.489974226
GRDC_6605210,SimulationRaw,0,,,0.018962502,0.025139823,13.61890647,9.677160695,1.666786821,0.488060107,0.792452967,0.125881218,0.108610643,1.313318933,6.068987159,0.432313156,-0.379466683,14.94308223,0.74602221,0.51412612,5.938884721,0.883568169,936.3757714,3.435483057,0.74720021,0.370100818,0.056225239,18.71017972,1.423061034
GRDC_6607350,SimulationRaw,0,,,0.041518599,0.04981103,18.55771123,45.2747116,0.548298873,0.355752342,0.870866507,0.105351138,0.025859007,1.489161484,5.40508347,1.462561514,0.343304322,6.742832425,0.084871929,0.652507645,2.275158998,0.845469236,557.2357712,36.79635951,0.811002554,0.057880945,0.037327409,288.5659315,1.632909067
GRDC_6607711,SimulationRaw,0,,,0.034218583,0.010424877,20.97785753,2.378356318,1.102427996,0.378824704,0.770929554,0.087706634,0.1518962,1.415404857,3.531727163,9.003674076,-3.865270761,14.39479206,0.037127721,0.776450391,6.009869998,0.44360912,1955.354021,76.74371376,1.598884025,0.087217308,0.021009582,69.35247378,1.338054942
GRDC_6731350,SimulationRaw,0,,,0.020259405,0.017127068,9.406331284,46.04880618,1.729699993,0.161774987,0.895794464,0.115766371,0.119837826,1.014233167,5.618301863,0.70031492,1.266996273,8.47896532,0.128018384,0.207674612,4.020476159,0.911395852,151.8587702,81.91794904,0.783513741,0.262039617,0.070216148,145.4493845,1.471450563
GRDC_6854710,SimulationRaw,0,,,0.011710465,0.026317419,24.21688963,5.912131325,1.876113396,0.470289465,0.760441953,0.024873145,0.12613085,0.935679845,3.966884829,8.852478159,-3.038752818,4.782695217,0.923428755,0.2239843,6.861569345,0.872283264,567.8499843,88.21819173,0.194074253,0.065337843,0.020920704,290.1715887,1.565480063
GRDC_6855500,SimulationRaw,0,,,0.03831754,0.039047761,23.31335693,39.75518842,1.613049082,0.232496186,0.771608892,0.006079849,0.074152241,0.929036586,5.957416734,3.557028605,-4.345328561,19.61107212,0.008229908,0.603349999,1.876067155,0.699740447,376.7277216,2.526878347,1.089381589,0.01669764,0.033896463,74.51982702,2.133341993
India_00000003,SimulationRaw,0,,,0.032239446,0.023817186,16.67449633,29.16567737,1.374682389,0.927771064,0.883608924,0.172139515,0.057518766,1.411510945,5.08563434,3.878848434,-3.876511093,1.761820757,0.445172097,0.158077653,6.034477418,0.776319308,1224.564865,14.58031686,0.706148258,0.485605578,0.041231301,4.798648119,1.129738071
India_00000022,SimulationRaw,0,,,0.01885068,0.039485276,15.17876174,35.53587338,1.985003324,0.938209461,0.701786208,0.145656805,0.142352328,1.014888874,4.84562731,9.516460785,-1.3042743,3.634476816,0.427455022,0.600761568,6.431855586,0.346210978,1896.113907,59.37065742,1.604840835,0.657809886,0.028310399,11.8382462,2.405489592
India_00000042,SimulationRaw,0,,,0.043328272,0.021178799,3.362178219,45.87700634,1.747841163,0.310226919,0.746929244,0.018432591,0.086065366,1.290862703,6.00114459,4.753496798,1.681989087,13.17943657,0.357892397,0.210377253,5.735726998,0.865047211,1553.975421,83.63934867,0.34680642,0.631202612,0.027548758,239.5569241,1.677505855
India_00000071,SimulationRaw,0,,,0.027881148,0.011560143,13.66102391,8.126018833,1.588570112,0.317283936,0.86372474,0.024753206,0.016488331,0.815146858,5.695134941,5.605511347,2.359818167,7.852340724,0.461091527,0.379431216,4.9786584,0.401502344,946.5804406,11.59557197,1.648034841,0.684514667,0.020359255,31.58742372,1.306626568
India_00000082,SimulationRaw,0,,,0.032223226,0.033377284,18.59401842,41.52052042,0.648458604,0.911504893,0.778381272,0.019620943,0.064830738,1.449849816,5.361483755,2.666765166,-1.248021974,7.180491638,0.108287907,0.199416906,6.151128141,0.378793286,738.3453435,47.19483463,0.543927295,0.833516759,0.028288142,37.56464419,1.970689584
India_00000130,SimulationRaw,0,,,0.02224814,0.044483514,17.14788437,30.12759927,1.963066511,0.149364642,0.852396924,0.035093484,0.129645789,1.083967843,5.441298919,6.400224785,3.574933018,13.25344008,0.734959542,0.340120226,4.898564395,0.521043872,1532.129939,21.023034,0.33217891,0.211040486,0.052106057,105.7082045,1.182742263
India_00000153,SimulationRaw,0,1959,1959,0.042833493,0.031482262,20.84686956,31.39301455,1.568352505,0.567227642,0.814568983,0.005950241,0.151507904,1.344012891,6.484953839,9.84926011,-0.34461242,14.66809368,0.262116108,0.571221034,2.857933718,0.772151881,1987.396395,0.939913726,1.505237873,0.684140704,0.024469102,49.70900363,2.21648162
India_00000189,SimulationRaw,0,,,0.036838848,0.025290791,13.83688301,21.85978811,1.94146733,0.322249322,0.760660046,0.058200345,0.059652177,1.192493028,4.882298055,8.338351466,-0.076185091,2.849149203,0.331683345,0.521554684,5.495291816,0.757851,1860.879415,0.645846562,1.820079013,0.138378887,0.069989174,54.8200903,1.156954624
India_00000201,SimulationRaw,0,,,0.034467354,0.03886395,10.12749065,31.20421115,1.737400525,0.250719099,0.720008441,0.052402219,0.149855715,1.157584294,6.414458801,6.921385216,1.111399436,8.65326244,0.737215841,0.608560515,4.486836421,0.387363072,246.6565164,78.4194611,0.055221653,0.581111085,0.067685305,223.2477694,2.802887177
India_00000212,SimulationRaw,0,,,0.044522146,0.038654129,15.97454193,19.40716579,1.701660839,0.281239957,0.806741919,0.072985799,0.045108861,0.969904698,6.257086769,4.772959104,0.687451989,7.281900549,0.528204536,0.565189323,4.441912232,0.48706645,1183.45164,11.95806051,1.396076591,0.433273596,0.071759064,5.970323854,1.821433182
India_00000242,SimulationRaw,0,,,0.022818302,0.012397263,16.38399343,27.64230271,1.712410012,0.551069899,0.893191436,0.035771002,0.001805008,1.461624869,5.361136883,9.201362624,-3.422086041,15.00270759,0.753146416,0.597733153,5.205823769,0.350078744,210.6506686,99.90652234,1.505261196,0.770505888,0.086755637,263.8273425,1.609218305
India_00000264,SimulationRaw,0,,,0.043147738,0.05673999,8.093467459,42.50562888,1.831038972,0.421909345,0.896244377,0.152368252,0.044294293,1.110531934,4.598016926,1.278472961,0.832875495,14.28424302,0.571670841,0.389384132,3.584361326,0.808225552,1575.343953,4.217836287,0.439113312,0.340810997,0.021944567,75.8812251,1.096287208
India_00000301,SimulationRaw,0,,,0.043976342,0.007665804,24.74477511,1.419533411,1.668021148,0.791159569,0.8665186,0.111689084,0.104677092,0.984272013,4.667033858,9.739544094,-3.338741126,11.84274651,0.44701472,0.280901305,4.924117657,0.974443943,776.6894887,94.91975799,0.366766004,0.574485384,0.026624168,260.9684445,3.254143215
India_00000315,SimulationRaw,0,,,0.018437483,0.067348114,13.66863223,12.52751419,0.905797776,0.982478346,0.704358025,0.144800043,0.156505928,1.016699474,3.835009926,9.948462232,4.84585057,19.20719971,0.431950336,0.652129977,3.638897961,0.727464216,1434.383825,37.94960334,1.475430832,0.700579509,0.06256442,264.2772309,1.219894642
India_00000331,SimulationRaw,0,,,0.036577025,0.008618799,21.45919826,8.757652125,0.674528428,0.307892298,0.704267,0.07479629,0.105396488,1.031007,4.630373556,9.861692031,-0.69304132,11.59466696,0.304653185,0.046824234,5.633308582,0.459484698,513.8141367,14.82698293,0.63345201,0.3103264,0.027170823,2.224178686,1.484478619
India_00000343,SimulationRaw,0,,,0.025598042,0.008662405,11.40805035,35.1282797,1.895478308,0.283434812,0.735866667,0.08369862,0.139163203,0.668034306,5.314272468,1.885499894,-1.505511474,11.49752521,0.155487662,0.324823643,3.585383168,0.783973498,876.1951657,11.15557612,0.56356177,0.369518807,0.030474104,207.833816,1.388781149
India_00000400,SimulationRaw,0,,,0.019714079,0.040026703,5.970825719,42.14743002,0.913720721,0.235610199,0.838841352,0.087066438,0.050725443,1.303116153,6.380325203,1.675865524,4.151363052,3.7819078,0.436132951,0.564376625,5.50323358,0.926710387,1311.211216,1.693453335,0.111355815,0.360412222,0.035001848,265.6730044,1.52732168
India_00000492,SimulationRaw,0,,,0.047640209,0.045939655,20.83632029,29.25883205,1.972323927,0.329869182,0.685080629,0.105956755,0.060736936,1.466600826,4.722110238,4.904453151,-4.71976813,7.017841718,0.589907932,0.507369177,5.330738656,0.626656564,1472.219299,77.96953806,0.851251534,0.662066625,0.046166703,31.06531551,1.334928976
India_00000526,SimulationRaw,0,,,0.034823854,0.02305059,18.92304978,42.77734224,1.285432716,0.92146817,0.843837434,0.114103541,0.070849288,0.992968691,4.976282033,6.626743552,-3.748048822,9.052579847,0.836580488,0.249888072,3.094309089,0.673794764,1577.529957,57.73362487,1.018399418,0.63283693,0.062532582,256.9791731,1.46921706
USGS_01015800,SimulationRaw,0,1943,1943,0.008454621,0.065520836,20.23390218,38.58046615,1.748516474,0.5906452,0.768327,0.087462818,0.031176382,1.269883347,4.096604958,7.705113763,0.269592694,4.5334274,0.056228395,0.056176196,2.917284535,0.832380747,385.0788356,4.91790356,0.326367035,0.178161374,0.029821718,238.2131297,2.319760743
USGS_01104200,SimulationRaw,0,,,0.014074701,0.068549659,11.43475216,8.148792387,1.732262437,0.471815059,0.81886801,0.012856695,0.138597038,0.939719955,5.120476451,7.335963372,-3.872759969,16.54086302,0.870717068,0.15768323,5.907132476,0.588291715,826.3234163,16.67349156,1.144740479,0.031802463,0.082506819,146.401383,1.045128978
USGS_01104500,SimulationRaw,0,1910,1910,0.024091934,0.020057719,21.88972671,25.987306,0.800482679,0.870684468,0.867380659,0.148369854,0.134138421,1.126680115,5.024087407,1.608608031,-1.051742965,2.939889898,0.9966013,0.098042163,2.326962662,0.686843767,371.1774137,58.88018854,0.30695725,0.059679746,0.070325185,141.4547588,1.264596442
USGS_01109060,SimulationRaw,0,,,0.019359781,0.021957298,24.04452332,38.65828816,1.072507791,0.908579935,0.720952106,0.060540373,0.004302608,0.724535864,4.634672977,3.13070869,-0.77784034,3.334441948,0.226688905,0.302352102,1.695324823,0.443814119,238.4466818,10.01011924,1.716738572,0.199865142,0.065233917,178.9931544,1.709798795
USGS_01117350,SimulationRaw,0,,,0.016629908,0.047438724,14.85398919,29.01499717,1.312741842,0.783982028,0.779157793,0.150620372,0.051514475,0.880664606,3.8121374,4.016938715,-4.666793729,2.491980143,0.484258505,0.439760591,3.342675681,0.80094977,858.1494512,63.17923003,0.633327896,0.181078132,0.085494741,51.94345197,1.574076449
USGS_01117420,SimulationRaw,0,,,0.021216504,0.041561255,7.236187644,36.49669128,1.997465003,0.618056948,0.730949821,0.164434713,0.120955394,1.029195547,4.189502315,4.637318935,-4.194574713,5.765781512,0.374630981,0.34039345,3.752501948,0.715351573,931.0459613,14.58494813,1.344153541,0.250261062,0.071970206,188.0286818,1.98328722
USGS_01117800,SimulationRaw,0,,,0.032070751,0.03420309,14.34896942,20.07002182,1.259968478,0.19019141,0.843045396,0.042160341,0.083721146,1.198953664,4.966941101,8.091774805,-2.359683999,1.513796332,0.795850403,0.32632589,2.085132945,0.985590495,555.4066367,73.60043731,0.955693663,0.252405479,0.093682916,197.1865167,1.732649027
USGS_01303500,SimulationRaw,0,,,0.044980327,0.042512081,25.10649833,37.38123645,1.815401191,0.472452235,0.733702465,0.07176432,0.130246421,1.164663613,5.652143188,3.541550856,-4.122899742,17.0656154,0.67753364,0.422009332,3.007024936,0.598452148,1925.847228,98.47269841,1.081125629,0.08573522,0.021018155,261.277186,1.291621766
USGS_01304500,SimulationRaw,0,,,0.037562884,0.064824374,21.93964921,25.61717713,1.738871819,0.15378062,0.897950664,0.13031396,0.110036953,0.681051103,3.712706605,5.825767762,-0.515382801,18.15343963,0.732409641,0.426354232,1.946636614,0.667469643,1942.084691,8.214094018,1.072846355,0.030506404,0.0218433,161.9134903,1.231325646
USGS_01305000,SimulationRaw,0,,,0.042680961,0.059907958,23.62360653,43.11331421,1.465417796,0.553578931,0.887256639,0.153619185,0.14257965,0.781711918,5.69548298,4.924765011,-4.811767023,18.62414171,0.15441925,0.335853354,1.534483379,0.426341316,1966.703768,71.31503176,1.683670567,0.020795789,0.020993745,229.3382906,1.408596425
USGS_01305500,SimulationRaw,0,,,0.021581187,0.03994107,18.02898603,43.70050391,1.797790255,0.595278218,0.802327626,0.018275933,0.12709707,0.944051818,4.920486525,4.214140075,-0.67379443,12.97313782,0.538298133,0.403459359,0.783915726,0.693041492,1917.072783,0.170500313,0.610850162,0.012387053,0.030282333,291.9547115,1.03917074
USGS_01306440,SimulationRaw,0,,,0.04706201,0.064229433,24.94372143,46.22519194,1.314390024,0.245145138,0.774253955,0.1310726,0.131821104,0.782272756,6.12150719,3.599862296,0.186005874,12.78903073,0.7073402,0.152898134,2.951999616,0.59446924,1974.197896,95.99368999,0.866689194,0.054988154,0.023130876,136.778411,1.144902768
USGS_01306460,SimulationRaw,0,,,0.025508712,0.030296331,22.89620915,36.79648584,1.347126214,0.843485228,0.755619963,0.056309834,0.130577914,1.301933226,5.205812099,4.359996693,-2.401483316,11.45874446,0.543588577,0.513404606,0.968580095,0.598352774,1954.345655,60.17497113,0.626140286,0.032767497,0.02191019,275.3519877,1.287694449
USGS_01308000,SimulationRaw,0,,,0.045047677,0.068795541,23.56754859,38.56723381,1.441860792,0.609934229,0.870778179,0.026353293,0.035896301,1.333508454,5.520194438,8.571059745,-3.654879987,3.262443949,0.104373842,0.070431318,3.617364314,0.760174071,1928.308052,74.40926484,1.376931456,0.102954841,0.026632672,196.6911008,1.061116248
USGS_01362200,SimulationRaw,0,,,0.004243536,0.05117454,22.36497644,21.50498838,1.483360201,0.261417917,0.874107871,0.072368449,0.082891515,0.784725147,5.122125332,3.3442875,-0.514143589,3.605158052,0.076004542,0.041601782,4.085134769,0.65503057,467.8040805,83.212004,0.13634426,0.497161013,0.06985522,50.66386199,2.195792929
USGS_01410000,SimulationRaw,0,,,0.047034815,0.032260708,19.59711415,25.23542359,1.992633841,0.342123975,0.68552849,0.009378334,0.150441929,1.449584499,5.932126625,6.329589793,-0.522006719,6.18583516,0.746878985,0.217318855,2.521062651,0.860647333,1758.047508,2.253920329,1.371937278,0.270121598,0.027182671,232.9493586,4.439511045
USGS_01410150,SimulationRaw,0,,,0.020468363,0.034647376,24.76731885,30.26406161,1.797723982,0.769367907,0.698082001,0.160857375,0.032652317,1.100002072,4.381980168,6.101018352,-2.03505765,6.306072469,0.514043442,0.089276605,1.15299109,0.895925328,1397.993608,22.6297838,0.766219244,0.157559222,0.026405147,61.33107145,1.305214758
USGS_01430000,SimulationRaw,0,1960,1961,0.027521018,0.046479978,10.58429954,28.79560129,1.909931489,0.419707967,0.685993957,0.085525453,0.076474242,0.936072081,4.80199153,0.112544856,-2.94619781,1.352815182,0.066412885,0.525543337,3.508610354,0.775394752,283.7735217,43.43665145,1.360547537,0.482055764,0.050072713,31.15502903,2.186688576
USGS_01440400,SimulationRaw,0,1975,1975,0.005473322,0.016540765,9.275529156,28.66228343,1.130907633,0.131185367,0.742911445,0.098339612,0.01513627,0.994447961,4.145585512,5.982321595,-0.341900377,5.068851491,0.662357909,0.151752521,6.847418381,0.575345533,792.6456146,58.58296361,1.673205914,0.366525394,0.091913432,144.1066626,1.312112903
USGS_01447720,SimulationRaw,0,1957,1957,0.040388717,0.026375704,10.16607772,6.265769495,0.88011266,0.878651585,0.777132404,0.112524567,0.018618432,1.238890049,5.229630471,4.755000576,-1.963076905,1.961876091,0.294512897,0.296862488,3.25549817,0.989845541,267.2761958,11.91395036,1.668994162,0.462240741,0.034224781,177.5468827,1.23891412
USGS_01447800,SimulationRaw,0,1957,1961,0.026466026,0.03022679,13.49736711,44.95260749,0.912046449,0.758478384,0.859475981,0.115536082,0.000698441,0.963100748,4.094523033,2.60805941,-3.368946306,6.531105052,0.571670841,0.395667042,5.207178234,0.940222869,539.6714024,3.13103875,1.398310349,0.29232342,0.093272922,263.2300322,1.794744346
USGS_01449000,SimulationRaw,0,1957,1975,0.028039342,0.023151451,10.02740492,35.29470273,0.67786071,0.80075353,0.831497872,0.102853812,0.101410756,0.821903879,5.98683885,5.133450108,-1.758656742,2.243363077,0.387836106,0.191484576,6.495667415,0.48881858,946.5761797,4.285784715,1.999469874,0.174237124,0.098075966,148.9944857,1.79925979
USGS_01451500,SimulationRaw,0,,,0.005806689,0.042782574,23.58033371,27.08041265,1.001387944,0.480563353,0.788358034,0.001232565,0.149118619,0.969947627,6.391765001,4.830381543,-2.661650964,2.679802238,0.154273708,0.503550565,3.021682968,0.445609039,1087.060526,41.16103546,1.023873716,0.275445997,0.020106116,171.8812881,1.117903609
USGS_01451650,SimulationRaw,0,,,0.045455127,0.034410436,13.17001625,25.95267211,0.796864229,0.96232702,0.810305515,0.008654118,0.135131434,0.740477808,4.534284318,7.415531547,-3.062011865,1.729567244,0.621908701,0.563123146,2.529068117,0.301391262,1266.362415,82.67593753,1.319641454,0.101993433,0.049873739,14.16721935,2.397592163
USGS_01452500,SimulationRaw,0,,,0.015673188,0.045041779,17.05885161,30.50308097,1.527980086,0.686857015,0.882780706,0.119431644,0.147984606,1.114967389,5.080414062,7.62461998,-2.040966578,2.55657059,0.578560421,0.637491507,1.616219283,0.434568093,798.6193879,88.44105529,1.7313781,0.273153298,0.024290392,204.5351909,1.640696361
USGS_01466500,SimulationRaw,0,,,0.007774975,0.063392589,19.64725217,18.41960959,0.722345274,0.177734383,0.869694589,0.135126692,0.145758728,1.273631236,5.434060868,9.944040678,-4.617288052,1.0492791,0.861063549,0.395835747,3.305640422,0.939376361,1990.369548,9.919728983,1.064978565,0.075673724,0.04075083,107.9654415,1.363774682
USGS_01468500,SimulationRaw,0,1836,1933,0.036733848,0.065407836,7.943660751,6.068260822,1.501278146,0.661824148,0.863339195,0.017579079,0.069813959,0.835499362,4.200972583,7.512290589,-3.545581835,1.705227061,0.889610745,0.404884821,5.741426313,0.569737461,921.4220169,16.48082009,1.431942302,0.318205678,0.059475722,221.6184994,2.04382021
USGS_01470779,SimulationRaw,0,,,0.026609064,0.054041608,5.987720025,41.02550035,1.931397297,0.975182343,0.851187515,0.053211635,0.026990646,1.488175612,5.64054967,9.966705126,0.110087133,16.78012497,0.372614123,0.240996171,4.636336555,0.838291925,461.326808,10.41842862,0.504697262,0.148020055,0.024761888,129.8240625,1.076634529
USGS_01481500,SimulationRaw,0,1973,1994,0.022725961,0.066857552,19.21375346,9.090179131,1.848048076,0.616709639,0.715515407,0.119953714,0.073326866,1.433896097,5.331204861,5.825161929,0.347687883,8.02563344,0.285811524,0.159872529,0.51682201,0.330130024,376.0038038,9.281721105,1.857576633,0.355124026,0.05735137,60.8007703,1.163104272
USGS_01516350,SimulationRaw,0,,,0.035239218,0.022341628,10.70754788,3.070482744,1.780876056,0.995820325,0.851821571,0.052926041,0.119245016,1.07936328,5.369679527,8.26979127,0.359581556,5.389926188,0.779402913,0.357196603,6.276404238,0.708560198,335.2634002,62.45893182,1.936834771,0.559290807,0.064247949,169.5812059,1.152497661
USGS_01533400,SimulationRaw,0,1836,1999,0.026377245,0.054884787,9.415471841,38.60382136,1.631265843,0.436497808,0.865212062,0.038286907,0.030491439,1.069557532,5.481645533,6.483896219,-0.937444435,1.749086722,0.061768764,0.061778849,6.224598226,0.748947727,531.5187086,77.4195287,1.958760933,0.480417086,0.070972174,221.5207639,1.845669608
USGS_01544000,SimulationRaw,0,1956,1956,0.038094598,0.048876794,10.70206723,16.89835941,1.438915735,0.994061334,0.890102373,0.161766394,0.054903389,1.19618049,4.82947632,9.635910236,1.085671882,6.500245539,0.33672823,0.064872265,6.300262979,0.704560697,380.621485,69.04268129,1.795020461,0.542730776,0.0829446,288.150625,2.489304259
USGS_01545000,SimulationRaw,0,1962,1962,0.016431016,0.057364236,14.66087115,19.01923086,1.385542604,0.140728879,0.853874899,0.129917001,0.07873661,0.796767716,4.790390888,0.650190817,-0.520695137,3.27591838,0.384367039,0.156074883,6.183570278,0.320524856,215.1017264,22.52868803,1.331818127,0.504778872,0.093747573,239.1131998,1.895794907
USGS_01546400,SimulationRaw,0,,,0.039158544,0.061073554,14.18516364,12.39850868,0.548025053,0.418680102,0.766582839,0.121272161,0.018907253,1.044982427,5.128053493,2.030042233,0.075556351,8.820436127,0.880349623,0.701455156,2.742131407,0.892972504,746.9164606,8.777427982,0.79700242,0.116373617,0.065187357,251.6254561,1.231536525
USGS_01546500,SimulationRaw,0,,,0.015385495,0.068609424,16.20800762,45.73118357,1.077669621,0.82748192,0.73911273,0.029485107,0.026115896,0.855532775,4.269606882,3.219938788,-0.198804294,6.479885621,0.237377837,0.237452684,2.194557303,0.835678761,1308.775159,28.01117109,0.164324696,0.142884287,0.046442137,163.4983549,1.484621715
USGS_01547100,SimulationRaw,0,,,0.014625339,0.008637054,16.68895074,8.420634585,1.124912395,0.380128114,0.713535994,0.024093019,0.098726073,1.091302628,3.743384502,1.026640118,-0.690281024,4.711380497,0.495628533,0.135766349,1.605632095,0.976495799,315.9052656,9.586098467,0.387627206,0.084241087,0.027489087,54.86077504,1.277324258
USGS_01547200,SimulationRaw,0,,,0.046555212,0.014724189,6.500680994,3.841074424,1.355001171,0.671948342,0.850291148,0.11148518,0.150501927,0.910755182,4.664546935,0.599120057,0.060982069,4.108632433,0.179424567,0.086367238,3.825938406,0.795492578,503.1636717,67.16611209,1.098458096,0.308106547,0.035973628,298.5407718,1.433077776
USGS_01547950,SimulationRaw,0,,,0.045170818,0.015872402,15.05454984,13.5084015,0.642472184,0.743450011,0.739172955,0.131088471,0.03493462,0.754377935,6.129183931,9.339767372,0.368580031,14.7407781,0.182523362,0.446032213,6.996784652,0.415141877,709.8057434,34.50579737,1.215142563,0.378788988,0.088604456,174.3898847,1.510577358
USGS_01549700,SimulationRaw,0,1950,1967,0.014385167,0.036216637,21.99436007,3.083521992,1.362401199,0.33808609,0.850098793,0.158913322,0.017356644,1.192497747,6.338658431,6.510792854,0.327964591,5.06898819,0.049623852,0.164004638,6.025074109,0.788885875,313.8882365,25.17333685,1.505365864,0.340398629,0.086727677,140.3823062,1.770389719
USGS_01559000,SimulationRaw,0,1888,1991,0.018628664,0.065143766,21.66469358,45.71952363,1.89079202,0.803115457,0.839242361,0.008653721,0.056055955,1.247410628,3.655969067,7.827784699,1.423401221,6.11917963,0.11500889,0.098642156,1.004079573,0.911550504,132.6581101,65.26781257,0.647375362,0.362300475,0.060148791,195.6461959,1.253148242
USGS_01570000,SimulationRaw,0,1957,1961,0.029675573,0.061203536,16.46727988,26.76251229,1.302783949,0.118605098,0.852067948,0.137237712,0.025337619,1.129232317,5.054343869,4.518650224,0.693749342,5.636593371,0.079378272,0.136919449,2.055699663,0.880804391,554.8552369,70.93009137,0.983565412,0.43898281,0.058602703,26.51166511,2.19698756
USGS_01571500,SimulationRaw,0,1987,1987,0.002229751,0.035197279,21.69431327,31.69459237,1.795665226,0.463562686,0.806262244,0.072888437,0.148040727,1.307902472,4.435955812,7.000097017,2.345483983,13.37687456,0.4046546,0.000828432,4.37250645,0.736135136,1246.620541,38.70135355,0.681501886,0.192539978,0.047411445,273.025462,1.067762446
USGS_01573560,SimulationRaw,0,1994,1994,0.019784323,0.057873534,9.607668176,31.68221921,1.377891964,0.877107298,0.856229931,0.14614595,0.092549972,0.80329833,5.413997988,7.530274479,0.362042472,8.663310123,0.615698448,0.289423082,5.240135764,0.7578376,823.1261089,20.08098779,1.56653434,0.445100599,0.076251109,43.79480786,1.796812245
USGS_01574000,SimulationRaw,0,1959,1965,0.007079636,0.024226244,19.66640889,40.63702069,1.258921248,0.545777524,0.801646992,0.138127695,0.003164555,1.398450604,3.843424417,9.696342117,0.785614659,4.574234405,0.833966355,0.094362241,5.019856145,0.739029631,641.2943895,9.448249086,0.120393225,0.676288668,0.050761264,63.65197031,1.381571102
USGS_01576500,SimulationRaw,0,,,0.035847443,0.035810175,15.35057365,35.36582406,1.125693903,0.106695399,0.713344907,0.170928399,0.014340652,0.693112954,4.178225167,1.219949521,-1.633990848,8.391100954,0.043316319,0.204523064,1.778830483,0.873225213,123.5836108,7.569185736,0.474567099,0.351171373,0.033239724,200.8483767,1.032870627
USGS_01576754,SimulationRaw,0,,,0.00257691,0.034711894,23.139229,33.37028315,1.977725671,0.209807519,0.891523984,0.11031289,0.005684811,1.416955948,4.408528677,0.295306158,-2.949601852,2.290154333,0.180375665,0.509415428,1.837553798,0.646646857,982.465994,23.57775754,1.910634602,0.442026118,0.069902126,30.74101428,1.021887659
USGS_01605500,SimulationRaw,0,,,0.042222069,0.065899856,20.55450658,8.307208472,0.972258538,0.206251106,0.848883749,0.066593913,0.002587672,1.260333556,5.066457412,4.836653366,-2.160404075,3.37581418,0.629890478,0.494136529,1.40939044,0.688847145,218.8792177,52.84681056,1.250262603,0.553430694,0.043726178,25.22129183,1.089610741
USGS_01606500,SimulationRaw,0,,,0.024934752,0.052206566,18.99914191,18.14282698,0.757335701,0.994256863,0.800383762,0.163193378,0.02026656,1.108217314,4.769746797,9.928693384,0.567622212,4.134826653,0.246460239,0.254767711,4.77740391,0.928205077,207.0254983,95.67722708,1.186635372,0.382264382,0.079809059,53.61609027,1.037944673
USGS_01608000,SimulationRaw,0,1960,1982,0.046232968,0.068747626,15.34820821,44.30314001,0.522959456,0.651594991,0.682176638,0.160513331,0.084900691,1.039065519,4.89140341,3.710985773,-0.256995672,3.821621858,0.66205015,0.214907027,3.99653272,0.670952755,197.854594,75.19474408,1.661672013,0.620714178,0.036160221,90.81681149,2.390794021
USGS_01608500,SimulationRaw,0,1913,1993,0.03363529,0.052403843,6.326143919,27.93286882,1.666792951,0.62036774,0.723731505,0.161402639,0.010510678,1.334548019,5.441093099,9.536665091,0.154494793,4.72342028,0.985072404,0.060112693,6.220826634,0.334107964,478.8210114,3.871745466,1.934619624,0.364376026,0.09733353,28.12323867,1.221586006
USGS_01610000,SimulationRaw,0,1913,1993,0.028040551,0.011445117,18.91495313,43.59439163,1.990100885,0.192707093,0.854977422,0.13443893,0.018071843,1.179412796,5.600036304,6.581706821,0.583291339,7.961494734,0.134876502,0.614031333,2.82076494,0.814732486,398.7983908,29.82749683,1.242363468,0.397683484,0.07781839,219.8177791,2.022373859
USGS_01611500,SimulationRaw,0,1996,1998,0.036615032,0.031371416,15.98224835,10.31612886,1.621834036,0.27697333,0.698618094,0.060966404,0.08344113,1.350529572,5.433975748,9.109886608,-2.515018303,2.027690521,0.386098408,0.41785875,5.314432957,0.782431891,416.0943848,22.14982492,0.340249645,0.285097661,0.081516997,1.137451224,1.510056577
USGS_01613000,SimulationRaw,0,1913,1998,0.019312225,0.01667289,24.81089458,21.9043753,1.423327845,0.722439365,0.851861593,0.107037275,0.015560541,0.876479284,4.68594139,9.176385402,0.33241097,5.181849453,0.37374742,0.006830611,4.985872177,0.901735959,732.4197459,56.91481147,1.856927489,0.484621661,0.078194284,17.01170312,1.669684328
USGS_01614500,SimulationRaw,0,1937,1993,0.028938761,0.015197191,17.79946714,27.01520053,1.609470074,0.818229367,0.693512807,0.006746416,0.108265135,1.08944345,5.160498898,1.35437198,-2.017518709,1.27102896,0.0615378,0.113383144,6.381909214,0.933443045,1027.753371,20.61324993,1.207634206,0.371492803,0.093328812,16.39053377,1.536183043
USGS_01616500,SimulationRaw,0,,,0.017758098,0.033470483,12.70888915,7.284208325,1.276802695,0.287401807,0.824693541,0.084553554,0.004788609,0.820852157,4.615391989,9.896227733,-0.513008541,3.221369719,0.089171095,0.469364541,6.853800574,0.929152421,1558.144797,97.81826127,1.896525362,0.42415893,0.04160329,20.3009831,1.063460279
USGS_01617800,SimulationRaw,0,,,0.022712268,0.022651016,21.96024217,25.70740986,1.297576209,0.133278816,0.771204112,0.001358201,0.099283836,0.786247952,6.089462067,4.941728875,-2.553775317,19.09749056,0.538291963,0.107190849,2.071975417,0.488782895,685.7342255,59.17606217,1.484246379,0.086644457,0.035970526,156.8705009,1.377756109
USGS_01619500,SimulationRaw,0,1902,1965,0.027555792,0.010755661,25.55466645,21.78448172,0.518485037,0.71523508,0.787919349,0.107629395,0.013560649,0.711399483,4.785677589,6.126892631,-1.578462211,3.263846094,0.546343125,0.700156764,2.049013216,0.751314657,428.0596344,29.63684059,1.12332863,0.161091614,0.037513749,36.37439336,1.137047159
USGS_01622000,SimulationRaw,0,1963,1980,0.010135121,0.038078655,18.90077115,14.14415751,1.139915319,0.485419306,0.855280236,0.106736003,0.116928091,0.948165339,5.23400841,3.308497528,0.263981576,6.415850538,0.026268477,0.168882618,2.433414578,0.965103192,185.3326807,33.91515012,1.674869641,0.451149869,0.041922617,44.31175019,1.203197188
USGS_01625000,SimulationRaw,0,,,0.018941385,0.051899928,12.73795084,32.66673597,1.129953745,0.609420369,0.791914031,0.064058699,0.129964985,0.756317958,4.591379249,6.82073079,0.106306371,3.342150351,0.821698208,0.256134482,4.037070869,0.985359972,807.0402333,18.90558277,1.583547378,0.123147956,0.074743137,16.5426111,1.120593316
USGS_01626000,SimulationRaw,0,1951,1963,0.026679026,0.025956199,24.46777205,39.64322338,1.169250044,0.363521276,0.820641943,0.028700934,0.046979554,1.240390482,3.903182407,7.027232295,-3.569415964,13.23701031,0.880777117,0.380619143,2.184256023,0.642934943,767.5861011,61.22265765,1.138481065,0.508828779,0.068008517,15.0840124,2.56613663
USGS_01627500,SimulationRaw,0,1951,1980,0.019279156,0.028347784,25.20738093,26.6231503,1.404576589,0.844864439,0.764299357,0.132732824,0.13316509,0.94823134,3.811158802,6.912656917,0.126611025,5.94251487,0.401840767,0.679230824,1.314488372,0.887638107,407.5531681,3.034713077,1.097409072,0.301140925,0.043649515,23.85152646,1.46249123
USGS_01628500,SimulationRaw,0,1951,1980,0.017877175,0.067584384,9.175880514,30.40788094,1.794393963,0.276373222,0.707348338,0.051054737,0.001869185,1.482623892,6.253119535,4.836411301,-1.423225279,10.11491648,0.785113448,0.430896598,0.933093972,0.43268561,417.9135018,3.010017284,1.999784417,0.427642852,0.043485187,40.55284724,1.023987326
USGS_01629500,SimulationRaw,0,1951,1980,0.03577152,0.017739656,20.56164817,31.82420457,1.013977414,0.231520492,0.701330903,0.153484726,0.105261253,1.318371367,4.968057099,7.204983158,-2.217054205,1.395288801,0.40140389,0.211147649,2.076231137,0.982122004,322.9036769,84.29250184,1.440585753,0.393286967,0.033246629,15.00723487,1.958516843
USGS_01631000,SimulationRaw,0,1951,1980,0.014416473,0.02009041,24.89704839,34.80304156,1.742827242,0.873691586,0.793511472,0.100247955,0.049066506,0.672381437,3.789009572,6.368965551,-1.160365903,2.694196388,0.440035836,0.797190661,2.084001088,0.730338083,78.39945653,2.252266193,0.866027211,0.172859225,0.02339568,108.6841884,1.428599943
USGS_01632900,SimulationRaw,0,,,0.00917065,0.03038964,23.2309209,40.52563232,1.898715804,0.888355361,0.75748046,0.021600895,0.067287357,1.363113571,4.926767719,0.633179159,0.275886279,2.773424271,0.237898283,0.002918288,1.616205926,0.520844144,285.2404155,5.191505052,1.578071277,0.431993839,0.032669648,278.4726224,1.046849817
USGS_01633000,SimulationRaw,0,1920,1986,0.025879504,0.021875854,15.95338487,16.12967338,0.886748611,0.582052604,0.767008094,0.003482598,0.060426514,0.853054233,6.245576632,1.150291103,1.679038414,14.35762258,0.124881531,0.082597325,4.076489205,0.659377833,211.8986413,20.58896524,0.481634283,0.263401135,0.093547072,16.46445775,1.176476013
USGS_01634000,SimulationRaw,0,1920,1986,0.028002706,0.01435489,12.26367636,32.02186796,1.358109521,0.542953442,0.887605389,0.028623782,0.023957794,1.329703716,3.804010449,9.625540134,-2.096117814,1.907895196,0.639382559,0.235470928,6.153730316,0.699663793,873.9520616,39.31268397,0.911059055,0.329983149,0.095450502,7.757974266,2.099284781
USGS_01636500,SimulationRaw,0,1920,1990,0.047647825,0.047664466,21.40747984,21.39624071,0.957296293,0.93478193,0.893629687,0.00711339,0.050455551,1.201182909,5.540520342,2.454294855,-0.212308643,4.467944063,0.917329447,0.297030745,3.004911728,0.878485872,390.0301136,1.620632485,0.457721764,0.282503675,0.059320394,10.59870706,1.554315134
USGS_01643000,SimulationRaw,0,1925,1972,0.015993588,0.011310112,20.08013467,21.23548561,0.809688898,0.593571056,0.804552545,0.019540788,0.037485247,0.836802248,5.317713282,9.364458537,-0.041005716,6.693356726,0.360767857,0.403337998,5.56488164,0.848039326,544.3783585,34.57438427,1.202079637,0.494175477,0.057547066,60.56559774,1.036651768
USGS_01646500,SimulationRaw,0,1850,1998,0.018707517,0.025733297,19.54266132,27.39531823,1.494469742,0.967173441,0.765040446,0.048861313,0.102861198,1.107056918,4.731686178,9.700644171,0.75734134,6.032530804,0.983394436,0.24693546,5.399911176,0.712017677,503.1158568,4.596084531,1.219147499,0.310765743,0.092600434,234.7310603,2.276107324
USGS_01646502,SimulationRaw,0,1850,1998,0.030615816,0.03259855,19.70994282,18.15957533,1.558261892,0.2599801,0.693971772,0.102527888,0.135645844,1.328163288,4.955229884,6.284976985,-0.821579578,3.345854552,0.309261174,0.319160505,6.840180382,0.857216393,1058.053146,2.759344074,1.893061275,0.535835957,0.087705403,255.5806096,3.071723165
USGS_01664000,SimulationRaw,0,,,0.021118788,0.015899709,17.67100747,33.44250237,0.81889522,0.912317365,0.767945704,0.081862045,0.082164506,1.382697043,5.319641036,7.774958272,-0.653468798,1.967052801,0.00221905,0.163043792,5.639079448,0.796049389,537.9571641,94.2492714,1.579788051,0.597192045,0.087883182,190.3417776,1.112520501
USGS_01665500,SimulationRaw,0,,,0.036882707,0.052003332,6.734475269,32.56909089,1.483733057,0.811823604,0.762304465,0.051998141,0.147344549,0.82054286,4.711874896,9.951306534,0.474044673,0.245213709,0.288437864,0.676557722,3.715959061,0.976796633,63.1795632,34.6649163,0.639797408,0.4927039,0.036099178,34.02556686,1.321895035
USGS_01666500,SimulationRaw,0,1965,1965,0.047874851,0.040054576,13.48997795,32.75629331,1.627583533,0.859084198,0.680451992,0.045883962,0.051895199,1.318083906,6.123718428,0.457548846,-1.130556297,12.22719758,0.76120841,0.762081632,0.936428455,0.424088049,105.687293,32.90554275,1.70302115,0.362560115,0.081029528,56.05321072,1.407551851
USGS_01667500,SimulationRaw,0,1965,1965,0.039069459,0.022108266,15.73515591,37.04530438,1.397385899,0.366746539,0.698713872,0.091312177,0.018667996,1.23129836,4.188188623,1.871662853,-1.629944967,4.459956304,0.890011154,0.778553928,2.532898964,0.942179324,95.57525155,30.05488257,0.453628776,0.341640585,0.065405356,42.93853281,1.203025908
USGS_01668000,SimulationRaw,0,1965,1972,0.047464719,0.052154495,25.68015104,5.759318389,1.077134143,0.776724417,0.788784158,0.093505293,0.02938842,1.476896367,5.619308513,2.101796273,-1.521364885,2.243220619,0.604016901,0.19956777,1.279772039,0.358782996,96.48473753,6.195007326,0.596654633,0.458134831,0.09517883,138.87261,1.196701527
USGS_02014000,SimulationRaw,0,,,0.00847863,0.022650126,23.7727414,11.38968188,1.279674601,0.810434907,0.710706617,0.061370392,0.019491418,1.076269358,4.385812259,5.966184007,-1.605531795,1.124490359,0.940660865,0.28791275,3.174906141,0.67651131,291.2897494,7.457435926,1.297710829,0.570991105,0.024202799,143.6933476,1.091533605
USGS_02015700,SimulationRaw,0,,,0.018060556,0.012502663,9.075904787,4.474022946,1.464952482,0.620488303,0.872370186,0.111688799,0.105020318,0.721214568,5.128665181,2.076277511,-3.319863,2.913858406,0.788697796,0.650357393,3.939041654,0.320115896,965.4466776,7.454660584,1.613121297,0.47935955,0.063200826,212.8711051,1.176086503
USGS_02016000,SimulationRaw,0,,,0.036877418,0.006414224,24.92390582,10.61435496,0.972397947,0.682488911,0.792765753,0.110024391,0.056174682,0.808414821,4.086732484,7.132366646,-0.161012104,6.980172602,0.079898382,0.141890783,3.023593491,0.97608689,374.4322717,20.24442084,1.078716705,0.546196183,0.03951591,21.6126295,1.031365961
USGS_02018000,SimulationRaw,0,1966,1968,0.036665265,0.015791703,24.76375245,13.0217988,1.453567441,0.793969758,0.722043211,0.034114667,0.066548134,1.412955268,3.598032076,4.45604352,-1.701651046,1.651270039,0.833138655,0.581770299,3.854751048,0.948840158,564.2712064,98.36213619,1.891700618,0.691278355,0.059402639,59.65805791,2.311068103
USGS_02021500,SimulationRaw,0,,,0.01970808,0.046696851,10.86003158,25.55161082,1.034272334,0.443309888,0.832531942,0.095769295,0.050072675,0.78387037,6.4720631,7.984505783,0.518735177,7.601625179,0.716599691,0.627827004,6.741478565,0.91786963,549.9020444,3.246081012,1.609612496,0.610104845,0.095184272,224.5193365,1.342407392
USGS_02024000,SimulationRaw,0,,,0.041988428,0.013004017,8.448818377,36.02229832,1.745144736,0.96961479,0.80523455,0.122250124,0.046050007,0.691935784,5.473720581,4.994434581,0.352334769,10.14670577,0.098075934,0.609787224,6.836497813,0.518666893,1078.490976,3.597371356,1.62493316,0.406175728,0.082802962,25.41627039,1.202667394
USGS_02028500,SimulationRaw,0,,,0.034393815,0.035762282,19.78992097,11.41627516,1.208107229,0.530186109,0.77480171,0.00160829,0.045706838,0.929976105,5.71644008,6.404357975,0.561835664,9.953633349,0.463163022,0.751811022,3.084197995,0.853286822,436.0552865,29.76527376,0.650795327,0.612023058,0.051239261,64.6322242,1.880203721
USGS_02039500,SimulationRaw,0,1966,1966,0.011278288,0.031404464,21.17119227,29.05863381,1.191843137,0.764180098,0.683108972,0.166401816,0.085901199,0.958826496,4.072862401,6.899369246,-0.436622597,3.59752869,0.746561265,0.027830747,2.745397439,0.880927668,1542.896351,65.738,1.992590153,0.564218066,0.049208038,17.91077318,1.120683062
USGS_02040000,SimulationRaw,0,1966,1985,0.041327026,0.060574776,18.55617019,28.82098138,1.204459222,0.350799033,0.713502428,0.020733845,0.145857565,1.075729769,6.121707324,6.179228769,-2.880497348,2.228541788,0.291435123,0.653733728,6.34898884,0.327544109,1050.427103,51.24048099,0.104906378,0.585649889,0.047878436,204.7476252,4.96192676
USGS_02041650,SimulationRaw,0,1966,1992,0.026653845,0.01414137,22.28612944,32.41204871,0.679595502,0.829513915,0.686212874,0.079160871,0.112623653,1.064777945,5.850676979,3.571438697,-2.669171993,2.357340928,0.826481213,0.151731091,5.904394697,0.482442542,560.4720239,0.760231833,0.562320604,0.190788917,0.061474064,170.0657609,2.30565238
USGS_02042500,SimulationRaw,0,,,0.028898903,0.057578471,22.57415255,13.81911196,1.700768334,0.17895307,0.719364406,0.150088384,0.149394385,1.485254683,6.29848835,1.811475334,-2.845098554,16.688919,0.016043088,0.351876852,5.290135908,0.380033558,60.30289081,5.357114333,1.010210514,0.104510974,0.052612913,149.590614,1.743643664
USGS_02044500,SimulationRaw,0,,,0.032845878,0.053769976,15.63239295,32.68835708,1.561639132,0.337071645,0.685125867,0.005271885,0.040426213,1.404678432,3.90906473,3.893428789,-2.41318086,3.014634131,0.069479768,0.419508324,3.774355423,0.997808411,631.3555729,71.9413698,1.2167654,0.614697219,0.024129774,11.32535222,2.095199848
USGS_02045500,SimulationRaw,0,,,0.037741509,0.04328313,22.40996874,40.47460526,1.310705889,0.605249803,0.695713271,0.149406805,0.08447592,1.15151488,5.595540159,1.235175304,-2.450832632,1.022772512,0.526764513,0.23899106,6.38315301,0.748038205,909.6637435,53.19810301,0.907064017,0.785257465,0.022250746,282.328798,3.83176865
USGS_02047000,SimulationRaw,0,,,0.02005992,0.032040919,8.407928196,33.99945641,1.710512819,0.508367339,0.877496538,0.108297901,0.142498362,1.163304517,4.497902204,9.052460138,-1.401032145,1.80563181,0.733187741,0.253120748,6.693405305,0.382793491,306.4827387,85.13308936,1.030213917,0.011380145,0.090055057,96.10810443,1.405116387
USGS_02049500,SimulationRaw,0,,,0.040492275,0.055954793,15.98852802,25.63244336,1.305920555,0.154167898,0.70499395,0.166497101,0.118578073,1.41509201,6.105908513,9.321283317,1.914871337,19.00336287,0.01931713,0.077262936,6.904187963,0.329919413,86.82909223,74.30690785,1.011114958,0.023153069,0.098882375,81.65634383,1.50731098
USGS_02051500,SimulationRaw,0,,,0.02663068,0.035418587,20.02717766,33.71010264,1.09534088,0.763593659,0.752827302,0.035761185,0.091881371,0.97096927,5.327627401,4.299795522,-1.393841776,0.906872973,0.966670373,0.238311345,3.565052946,0.807825313,677.1463928,90.5452482,0.664459788,0.69795942,0.037907292,6.125853729,2.498013888
USGS_02052000,SimulationRaw,0,1987,1987,0.012670135,0.060438049,20.76506132,23.06752836,1.671163859,0.932810212,0.875967291,0.157980275,0.071383109,0.840307774,3.717183317,2.45904114,-1.690210277,1.116280749,0.829420227,0.574138905,4.600331396,0.464005604,686.5507766,0.975106329,0.751890798,0.638983641,0.05796586,156.3055357,1.773559019
USGS_02054500,SimulationRaw,0,,,0.044322036,0.008888391,12.7117071,17.72462758,1.632963947,0.317846373,0.781158879,0.102132056,0.141178751,1.357024092,3.584318473,9.754011299,-0.882913529,1.898691463,0.779709703,0.178843765,2.153413793,0.80143758,500.9313916,4.519859466,0.080698631,0.4670772,0.038173959,4.564005335,1.277893811
USGS_02055000,SimulationRaw,0,1994,1994,0.00997847,0.043134244,16.57277168,45.33959995,0.562615114,0.324497511,0.805878334,0.10151772,0.099177164,0.832538639,5.471356373,9.996666151,-0.579297258,2.242837259,0.970057468,0.6745452,3.241732726,0.810821254,764.6448295,94.89967473,1.14537225,0.449316389,0.05744298,18.72850819,1.26190985
USGS_02056000,SimulationRaw,0,1906,1994,0.030745651,0.027783344,6.946401635,17.69701863,0.656145216,0.293956567,0.8177908,0.039630605,0.145097185,1.291133425,6.20687093,6.301107967,-1.597910556,16.46159027,0.781815111,0.623637699,4.545132827,0.870435105,905.477891,30.85862825,0.489640383,0.203146336,0.074396108,6.838250953,1.294220567
USGS_02056900,SimulationRaw,0,1972,1974,0.034454298,0.017356447,7.774818353,18.86210058,1.187918988,0.737438415,0.70861109,0.153985764,0.123154418,0.844631112,4.899857649,5.260583298,-4.216262905,3.819443694,0.27628804,0.357437057,4.104143018,0.586923225,1546.427213,86.34753834,0.88162999,0.386160807,0.058634552,289.6742109,1.114258698
USGS_02059500,SimulationRaw,0,1957,1957,0.040465485,0.030994935,20.6457101,25.01673784,1.709333176,0.809539155,0.829275942,0.108987585,0.055905727,1.434415849,5.279436932,7.149323085,0.616408381,12.72760404,0.501473374,0.117631596,1.313803822,0.930498824,601.0889296,67.91122424,1.649028784,0.446947703,0.035167803,18.22241325,1.050489403
USGS_02061500,SimulationRaw,0,1935,1991,0.036892533,0.018572794,10.71522176,20.12728612,1.519520783,0.281919132,0.690361335,0.157509331,0.072049538,1.013934715,5.965613048,8.06343717,-2.499097873,10.23812609,0.829749108,0.230993672,1.213103086,0.661588892,719.5930941,51.51427065,1.987674984,0.528153086,0.048261695,18.8388686,1.102229875
USGS_02069700,SimulationRaw,0,,,0.035482961,0.027794307,22.63459618,1.164419731,1.972172637,0.866648068,0.823445302,0.168512033,0.023264765,0.928414833,4.953304267,4.240439861,-0.45044184,0.807819537,0.653712882,0.080548271,3.713101586,0.908284074,585.78311,40.35171809,1.907745964,0.262826844,0.023503671,104.0532425,1.233424813
USGS_02071000,SimulationRaw,0,1938,1973,0.041862182,0.041052873,18.12823874,14.61240899,1.532442657,0.96049252,0.813881626,0.170873389,0.132879718,1.172148062,5.987991041,6.082115724,-3.468366849,19.98498026,0.911779089,0.164496234,1.876438193,0.941932436,390.9303036,27.89480072,0.362225619,0.337495229,0.0202221,13.42651186,1.032799874
USGS_02081747,SimulationRaw,0,,,0.021941698,0.045756176,20.62306309,14.65332901,1.160527975,0.416253257,0.736650001,0.069477205,0.008505427,1.199137488,5.542256668,7.714849047,-4.159545443,1.251347674,0.693571933,0.042727239,6.204207239,0.701430328,368.0418394,3.241588579,1.159047571,0.565827316,0.068357105,67.14355405,2.494394346
USGS_02082585,SimulationRaw,0,,,0.033932781,0.037147401,18.2409732,28.88604171,0.747070892,0.487265983,0.722557907,0.007278423,0.11030516,1.477472924,3.520642267,4.480094535,-2.655531686,2.965334098,0.333670745,0.781286334,4.527549223,0.465430503,323.6142684,0.333677215,0.299336992,0.229291633,0.094532552,171.2230774,2.451954609
USGS_02091500,SimulationRaw,0,,,0.033430666,0.029066983,21.34692171,41.75257347,1.042657914,0.951309253,0.752448941,0.092712062,0.006375895,0.853296679,3.688933511,2.418593339,-3.037154433,3.592219425,0.041424699,0.745622855,5.979352189,0.378450483,367.1384508,5.606757855,1.954050479,0.152805186,0.097915098,201.4315253,2.236814109
USGS_02102000,SimulationRaw,0,1928,2000,0.010842122,0.039920458,18.14053837,17.47283593,1.578782545,0.304124587,0.822455588,0.08735349,0.110543606,1.286704688,3.945024175,0.645175146,-1.673277099,0.2536031,0.744621297,0.04946329,2.860793252,0.309747133,494.5036609,6.484318916,0.118088241,0.743056843,0.031937538,193.4821254,2.492578026
USGS_02106500,SimulationRaw,0,,,0.03336044,0.028000167,22.23935532,40.44913933,1.023115588,0.945581451,0.7543993,0.155373722,0.156661426,1.207337511,6.332072154,8.36068522,-0.915689406,18.61830724,0.696067538,0.101816711,6.487443199,0.952631388,366.9781841,6.86707079,0.754415061,0.139825404,0.078749009,201.4291236,1.542360764
USGS_02108000,SimulationRaw,0,,,0.041074326,0.038663337,13.35843689,15.46605409,0.835689796,0.580639113,0.818501546,0.166482748,0.129175855,0.688275067,5.251162728,8.423131806,-3.314806189,7.225005224,0.425612266,0.079496561,6.339155854,0.326523964,555.7838754,0.072094059,1.52840369,0.187011424,0.025021327,220.1055318,1.643842207
USGS_02109500,SimulationRaw,0,,,0.029474464,0.028185577,16.21807867,42.60124293,1.44893972,0.242302416,0.712533003,0.101219625,0.115355022,0.865166164,6.209559046,7.068583566,1.886139154,9.542152543,0.534177135,0.25773736,3.521582353,0.5306605,815.6933608,64.78930387,1.907293459,0.911505691,0.025968482,247.8037103,1.799200425
USGS_02110500,SimulationRaw,0,,,0.041305519,0.012138796,18.50220671,32.61482232,1.495113031,0.587396136,0.83409788,0.112520985,0.122064967,0.968801567,5.325896732,3.980088633,-1.366657791,12.89857113,0.018687001,0.414146624,4.671070671,0.41506124,136.6914036,92.32930226,0.294635999,0.079171731,0.072664422,165.2809481,1.834100926
USGS_02112360,SimulationRaw,0,1936,1936,0.008907666,0.016320063,16.46221588,32.15553914,0.94879385,0.69350082,0.751131289,0.024004346,0.014171799,1.196467153,4.366258958,7.582673599,-0.077152754,1.336841316,0.728827747,0.61273885,3.986714118,0.403498451,1680.779055,89.71503694,1.985392498,0.28048745,0.020789511,79.18673734,1.442868266
USGS_02113850,SimulationRaw,0,1972,1990,0.021543084,0.067163148,8.315741444,17.3444809,1.038237912,0.633163581,0.721779291,0.061970416,0.072373422,1.47524566,4.988065389,6.494910659,-4.925680304,14.56233874,0.229021773,0.298584247,5.612588432,0.962882151,1805.34335,46.01054686,1.254838524,0.371449548,0.020382959,32.05297362,1.067419224
USGS_02118000,SimulationRaw,0,1958,1958,0.023729006,0.038738685,14.97929844,35.66805609,1.637367236,0.828614341,0.758952863,0.03394653,0.013194458,1.238679526,4.557100122,3.510051464,-2.964418932,15.82858455,0.637485849,0.351019745,1.710454958,0.542844124,1084.136256,6.829849812,1.737680172,0.382361512,0.039921154,17.61754687,2.185315911
USGS_02126000,SimulationRaw,0,1948,1973,0.019410751,0.065789535,15.87263148,9.923654581,0.730606814,0.624543327,0.688085684,0.018265534,0.089028684,1.353448403,3.864976497,2.89537247,-4.20665802,16.82072956,0.57449277,0.051189422,5.024614632,0.360032653,460.509569,4.686736459,1.544608599,0.625700361,0.059725051,74.81018636,1.266155733
USGS_02130900,SimulationRaw,0,,,0.021173252,0.05256339,23.90838961,32.15749016,1.755666881,0.610331172,0.750337995,0.027148268,0.030730907,1.130120145,5.436324082,8.661937378,-4.303592646,9.440954949,0.806121123,0.019110338,1.478496205,0.440022794,1588.725775,3.707026154,1.644620274,0.360253438,0.046348116,281.1618094,3.445013558
USGS_02133624,SimulationRaw,0,1997,1997,0.033279674,0.060284244,24.60090729,29.55056577,1.608244909,0.91609005,0.826661089,0.054405853,0.032775997,1.265558065,5.891472706,0.105246657,-2.46554417,2.273482014,0.539786312,0.693658382,2.333076096,0.763062313,1181.662313,26.7733165,0.258658055,0.057343656,0.086685556,297.231006,2.360996613
USGS_02134500,SimulationRaw,0,1997,1997,0.042422477,0.045040662,7.757878026,19.43623232,1.755646904,0.487748432,0.75524081,0.009325972,0.05874125,0.838299176,5.984263436,9.922490897,-1.534659406,7.498236192,0.657969736,0.232444753,3.889673062,0.748556576,401.8945999,48.95458223,0.995445709,0.096546353,0.06384808,192.7728673,1.409968799
USGS_02135000,SimulationRaw,0,1997,1997,0.016118744,0.068163585,23.83746112,2.926380125,0.941883013,0.509431157,0.769107793,0.134277618,0.118706334,1.313022365,4.762667162,9.271334612,0.284375329,19.42779031,0.359505295,0.273367118,6.815833368,0.415787589,729.9907806,37.53843629,0.852572477,0.041806084,0.077250681,257.8123423,1.025492995
USGS_02136000,SimulationRaw,0,,,0.020983745,0.046679632,18.77064159,19.4276489,1.107713607,0.937442939,0.881701871,0.135335168,0.140990391,1.407624065,4.948863471,4.370931713,-4.163030498,1.784668906,0.539501643,0.364163826,3.452679019,0.333547651,166.4526256,34.25525966,1.555515963,0.101898194,0.077370801,76.15633881,1.100805316
USGS_02137727,SimulationRaw,0,,,0.044744166,0.058579688,3.408424813,29.73177975,1.096876081,0.698427581,0.705015066,0.097734936,0.015295046,1.38725969,4.884062024,9.941410108,-0.374662384,1.502907768,0.900091877,0.137710857,6.535634861,0.35760296,711.5284918,12.20791554,0.325382679,0.147184934,0.029075725,4.7592235,1.242389399
USGS_02140991,SimulationRaw,0,,,0.007962367,0.05574986,12.97483609,24.84477295,1.741502298,0.843044785,0.710055772,0.03974714,0.003947404,1.349745653,4.618349178,6.777218197,-0.717674121,4.537514881,0.600224365,0.004288899,5.146868714,0.737327589,510.6682478,75.7957435,0.255792592,0.335796085,0.024873044,12.36759686,1.270722851
USGS_02145000,SimulationRaw,0,,,0.023616773,0.042223212,13.86602435,29.42178402,0.985710786,0.546279045,0.739804023,0.01078475,0.12517779,0.701785586,3.819206495,8.481710751,0.461479208,7.472866735,0.414334925,0.082975411,1.837615498,0.80464302,531.4202703,6.201805048,1.387440604,0.321020517,0.024574297,43.46160853,1.19511566
USGS_02149000,SimulationRaw,0,,,0.008108456,0.027226526,23.31975275,3.356840921,1.663248066,0.865005053,0.684885806,0.053875852,0.001543007,1.231346803,4.636359411,6.48474852,-3.085153639,5.511027039,0.612962342,0.597517218,3.636278357,0.639302918,1566.516984,66.99520684,0.756257219,0.330088431,0.021839282,293.2295147,1.145545782
USGS_02156500,SimulationRaw,0,1908,1998,0.036696753,0.035504367,13.12124444,17.05242536,1.861209287,0.606551858,0.736727078,0.115258014,0.107443133,1.178310219,4.869806588,4.071065172,-3.175165588,14.43317507,0.497308371,0.273531591,1.98083795,0.677805417,1431.641032,4.68770016,1.738708574,0.269396749,0.04642558,14.47429012,2.161325864
USGS_02160105,SimulationRaw,0,1955,1984,0.045626635,0.058426969,21.05478364,25.44545457,1.592508569,0.793038587,0.74242215,0.103794808,0.086066278,1.144803281,5.374815621,6.998706143,-4.094864747,11.76980767,0.245502579,0.079092733,2.19355131,0.8883805,1413.084014,3.79844302,1.646672322,0.348255313,0.075963378,19.99413809,1.761621125
USGS_02160700,SimulationRaw,0,1905,1989,0.034222415,0.059905905,15.93669977,41.64498408,1.705873003,0.637778191,0.718750069,0.093655039,0.154676378,1.409751052,5.83875634,9.134183587,-2.658133339,3.960820121,0.683106402,0.054065271,1.049764151,0.472591951,1392.262296,1.722680405,1.788309222,0.315362653,0.049225686,22.09814378,1.80943789
USGS_02173000,SimulationRaw,0,1960,1960,0.03569609,0.063466909,22.29822817,7.064278791,1.476481049,0.317968731,0.768612099,0.118213091,0.095022371,0.728844513,3.818428212,7.917742018,-1.334230659,6.387478767,0.675569888,0.011618889,1.571166323,0.761976674,1909.193636,68.0220895,0.091087686,0.038770853,0.039297798,112.228495,1.208872733
USGS_02173500,SimulationRaw,0,,,0.033499742,0.037383978,17.22317562,17.548033,0.512201567,0.218757679,0.689121672,0.055485079,0.036709702,1.044017726,4.939553927,4.847786131,-3.733739314,7.146505841,0.956803267,0.34237494,1.282773343,0.495322074,1941.578944,3.725916185,1.172547918,0.091516463,0.02549428,184.5375991,1.171173375
USGS_02175000,SimulationRaw,0,1960,1960,0.016845112,0.041302069,24.04473971,16.89226585,1.836728625,0.574720631,0.724423492,0.118067987,0.111798655,1.012205858,5.187614619,5.968864938,4.862950971,19.25012397,0.77351192,0.777580671,3.935250334,0.879164278,1094.023095,19.3127465,0.617145845,0.049782073,0.087065714,298.5099726,2.101211871
USGS_02178400,SimulationRaw,0,,,0.023224402,0.012846312,8.500207443,40.5716055,1.876262232,0.817576932,0.789775167,0.095191268,0.093271532,0.786034164,6.02296989,5.835280863,-2.663288776,7.204035095,0.009888921,0.064103585,6.422477417,0.763915588,1863.291713,39.63179059,1.771788906,0.276074448,0.054768425,133.1381841,1.095023123
USGS_02192000,SimulationRaw,0,1940,1993,0.036501692,0.046888076,16.27169612,43.35117003,1.296539431,0.822781762,0.867746947,0.034706262,0.007659437,1.183560262,5.250695651,2.194141859,-3.236769123,17.06699686,0.848897364,0.66624915,2.530377332,0.907190553,1317.012196,2.949928586,1.264776649,0.37683428,0.074633959,29.27752104,1.115451122
USGS_02202500,SimulationRaw,0,1968,1968,0.041305569,0.060685382,18.69306643,16.95276116,0.823927512,0.810772898,0.706397106,0.071084606,0.066088423,0.863628391,3.948533687,3.725497085,-2.607890367,0.344157702,0.814794168,0.628245308,2.216938466,0.32383663,351.0339558,54.2500716,1.374029959,0.035116899,0.091890181,238.5603057,1.622895213
USGS_02208450,SimulationRaw,0,,,0.047110251,0.049774225,17.91275994,39.4377683,1.867645023,0.29329172,0.770421959,0.118001712,0.111129091,0.736131637,5.497099598,2.541683289,-2.556570918,1.797924408,0.365552248,0.446146766,1.764846229,0.622889804,621.4267307,46.87347749,1.140896716,0.538947703,0.081316908,142.8788853,2.273022945
USGS_02215500,SimulationRaw,0,1911,1993,0.046941076,0.06437126,14.65174029,37.53271531,1.619859469,0.93322484,0.721556919,0.150213366,0.049994729,0.953880956,5.911611283,8.994020428,2.125196953,17.59838943,0.28296563,0.452075914,2.641301792,0.910072883,812.629287,23.08783523,1.840934111,0.029805068,0.075524541,160.2810649,1.899162138
USGS_02217475,SimulationRaw,0,1979,1979,0.011020467,0.025391978,14.10549089,23.68084182,1.490886822,0.521083539,0.767120263,0.071640213,0.152952583,0.709745089,5.955768044,5.508554747,0.591590323,2.573136393,0.036510495,0.135392981,1.554084105,0.404227692,948.6316453,8.301317172,1.008323795,0.32522977,0.068836427,20.39974003,1.415959914
USGS_02217500,SimulationRaw,0,1979,1979,0.028159774,0.018405219,22.15379812,9.441508165,0.741081057,0.264307209,0.716587461,0.106718127,0.041843301,1.33021811,4.317164211,3.197285293,-4.596045134,1.226790886,0.519920687,0.238235296,2.154204595,0.470886586,1945.208758,11.4640394,0.871425778,0.405857147,0.070931976,7.753843455,2.141247361
USGS_02218300,SimulationRaw,0,1978,1979,0.046463657,0.064676408,15.30437943,42.24144429,1.573245461,0.692814016,0.839128946,0.077257716,0.001964434,0.852888906,4.879757342,4.240491773,-2.019529771,8.752126477,0.531900115,0.23226051,3.628397936,0.969111235,1762.293556,40.57050901,0.767901326,0.353525152,0.078368914,10.07915491,2.192836924
USGS_02219000,SimulationRaw,0,,,0.010345378,0.050299562,24.27647759,34.57511733,0.898985899,0.59253362,0.750115488,0.055066409,0.09408789,0.66824206,5.294339062,2.340839417,1.979805363,2.228116823,0.383199548,0.002808024,4.505456305,0.964294115,1625.977181,72.43421216,1.0290183,0.109611223,0.090833535,13.77475621,1.162615937
USGS_02220900,SimulationRaw,0,,,0.029984228,0.027718011,12.98178471,29.93374917,0.948236517,0.856955697,0.784245551,0.134476958,0.110459205,0.853021253,5.941132274,5.535361399,-3.678014066,17.64127456,0.96213398,0.636159839,6.986947725,0.695018053,1333.850403,57.10523663,0.196270945,0.468422023,0.074496715,10.35554026,1.058763651
USGS_02225500,SimulationRaw,0,,,0.02374291,0.047096763,19.33176886,28.35245261,1.3175041,0.960166627,0.774758548,0.107122395,0.110512288,1.47183589,5.006149758,1.623078695,-2.678926114,13.89382182,0.248080546,0.726588344,4.49480325,0.392116244,240.728299,4.367913328,0.629073928,0.094886177,0.084748824,255.9132393,1.900247059
USGS_02226500,SimulationRaw,0,,,0.032092811,0.051964475,23.78516606,19.56541253,1.115336205,0.197572603,0.832318449,0.007431538,0.097837138,1.349860324,4.72482524,7.420879252,-0.996186122,8.822791728,0.545160922,0.479630133,5.850987397,0.520423203,110.9354924,58.95001934,1.232467819,0.222844244,0.061476922,172.8525877,2.071630165
USGS_02228000,SimulationRaw,0,,,0.045382622,0.056393583,18.23956859,3.888240111,1.692262752,0.627340767,0.883210811,0.118725081,0.043163073,1.424625403,5.654202677,8.70889188,4.064353119,18.81737343,0.512639573,0.271435732,6.428597676,0.647265608,232.3501196,34.21970315,0.128852212,0.033561901,0.076150028,290.9011332,1.167811156
USGS_02231000,SimulationRaw,0,,,0.03884103,0.03607368,20.29941651,24.22515079,0.715676277,0.982123049,0.755709405,0.111742743,0.090094684,1.313740354,6.156506031,3.727809873,1.587537,3.2662653,0.254839623,0.355531953,5.611876835,0.386141194,315.0637961,9.118710237,1.599899524,0.294270656,0.097378244,282.5589455,2.419581113
USGS_02234324,SimulationRaw,0,,,0.040949182,0.039044601,23.67679182,41.03811215,1.127938903,0.790750613,0.853465887,0.018677366,0.014724723,1.004643077,4.823026971,2.090535598,4.648470777,16.01460125,0.08794559,0.251361155,5.874142341,0.886008256,720.7996706,66.37813969,0.826034044,0.173762491,0.091988135,297.3871752,2.162010759
USGS_02235000,SimulationRaw,0,,,0.0241249,0.05327725,17.11919559,24.45682674,1.008969877,0.966608107,0.763292931,0.023887459,0.045900194,0.954261662,5.389398029,8.159976201,3.938548771,1.075223286,0.953542146,0.788555616,0.438208198,0.648788101,1915.46499,29.30842433,0.096390899,0.01622056,0.021447867,233.0519126,1.252737632
USGS_02235200,SimulationRaw,0,,,0.037152213,0.055878259,7.67649341,35.24486544,1.626155643,0.981134133,0.793731622,0.133452226,0.087595818,0.956405028,5.466410372,9.713727202,2.258481353,14.7209901,0.492370422,0.362075988,4.079464968,0.363747209,679.9636599,98.63547267,1.453461628,0.023619013,0.06818484,244.4100965,1.2531843
USGS_02236900,SimulationRaw,0,,,0.03930004,0.042555252,21.82966728,19.9065865,1.660969376,0.79588245,0.690752085,0.078702812,0.070479237,1.452385424,5.025201288,9.674637675,-3.218549352,1.185042749,0.788054445,0.309177999,6.731801555,0.316616266,266.8999079,63.3951062,0.143959574,0.041021592,0.031803186,252.8341933,1.085438161
USGS_02237293,SimulationRaw,0,,,0.022993919,0.064901948,21.51416219,13.55774921,1.394029345,0.143044247,0.724231814,0.129526205,0.142993753,1.240303876,5.646355636,9.672297936,3.585688999,8.794267671,0.627519641,0.739916991,6.779084857,0.310606012,346.7590812,93.90993834,1.823056387,0.026888926,0.035965983,264.9712884,1.221458894
USGS_02243000,SimulationRaw,0,,,0.04328481,0.057227552,21.11435944,19.51019625,1.408231871,0.138964681,0.764757642,0.156089478,0.118703299,0.759275242,4.6592605,9.181404817,-3.529191604,14.14331395,0.66552197,0.316671668,6.873783189,0.30048585,893.3502933,2.650400121,0.68279572,0.067158139,0.021441887,284.7587606,1.117765041
USGS_02263800,SimulationRaw,0,,,0.040373782,0.028167444,25.7306823,40.98134629,1.936401465,0.479988246,0.856921907,0.067337338,0.012127704,1.391128227,3.610359735,8.079721988,-1.374988842,19.51224407,0.955252593,0.755095154,5.48899124,0.781202241,786.6103108,3.484184893,1.621253095,0.166058655,0.097395116,8.06805518,4.051336009
USGS_02263869,SimulationRaw,0,,,0.047600113,0.046912782,14.60673988,26.83385628,0.876198793,0.415138103,0.836587285,0.161977266,0.153739052,0.682441455,4.862108298,8.574256681,3.99445163,2.714670844,0.606851169,0.573875145,6.276074549,0.317134739,141.756726,1.150501096,1.990332395,0.060684473,0.063518072,114.6542266,1.209521191
USGS_02264000,SimulationRaw,0,,,0.030663039,0.048273004,17.22661831,15.46716867,1.626815937,0.612796941,0.692632953,0.129303219,0.155689711,0.984038804,4.700575509,9.141521702,-3.127493873,9.519578314,0.869628048,0.684921169,5.7520811,0.330208806,290.2407221,39.67323357,0.689870624,0.05542095,0.0404896,162.596304,1.252889454
USGS_02266200,SimulationRaw,0,,,0.016496318,0.058374548,19.10383312,15.38834843,1.806308793,0.896843407,0.79017177,0.043278506,0.117745096,1.286928265,6.370098501,9.228801976,1.087884212,10.96651573,0.881378214,0.004007966,5.31089471,0.484706706,311.896513,93.81880337,0.543182197,0.09118977,0.044225351,247.7525594,2.452250773
USGS_02266500,SimulationRaw,0,,,0.033027202,0.066989791,21.69287083,3.757653349,1.863816163,0.278765352,0.847620253,0.134158619,0.154409326,0.83140753,4.059409909,7.843310722,3.978746459,2.209093539,0.133864337,0.628570623,6.891153391,0.326057483,264.4999468,7.689298557,0.160428055,0.064383447,0.035646065,176.1794704,1.049017429
USGS_02291580,SimulationRaw,0,,,0.044031834,0.045735439,20.57816203,28.17328607,0.992299531,0.328063345,0.868612411,0.025898248,0.093348153,0.816543288,4.074031909,9.287065107,-2.425704595,19.17769541,0.555925989,0.670955266,6.936649416,0.335375722,711.0218764,0.766495159,1.428449116,0.585748258,0.020188981,191.4558674,1.98877768
USGS_02301990,SimulationRaw,0,,,0.032777952,0.062155519,14.46109678,24.31000334,1.693733109,0.943790054,0.766927548,0.110348328,0.125616777,1.403736615,4.557930333,4.081849525,1.228303123,7.552638095,0.807398295,0.179941169,5.652690798,0.739831726,500.3384256,1.033475815,1.203276825,0.212724739,0.037291057,275.6254952,3.616076371
USGS_02303000,SimulationRaw,0,,,0.015422139,0.046679533,20.41700392,14.27202159,1.333789513,0.450039014,0.862433081,0.047943636,0.046960195,0.782498627,6.459943018,3.749937301,-0.25752639,18.20795423,0.664145421,0.705598418,4.919460382,0.83035462,1165.468573,0.726317148,1.871437878,0.27604906,0.022960111,28.19676474,3.037846191
USGS_02303330,SimulationRaw,0,,,0.030695027,0.047677708,21.63149723,31.60542451,1.716221274,0.778170027,0.862380749,0.013220649,0.03986551,0.903326957,4.915786174,5.621991967,-0.502568993,1.92860369,0.268516539,0.677653905,3.265858642,0.519495465,838.5990988,57.0192679,1.796631057,0.230645839,0.042116044,9.68516563,5.219613068
USGS_02303400,SimulationRaw,0,,,0.01829779,0.041971985,24.60802772,36.81676618,1.297939463,0.414527773,0.860604979,0.012108043,0.081061755,1.479723464,3.88204005,9.28004304,3.455844789,3.60997355,0.569310952,0.102714473,6.88592874,0.344202761,351.2276796,4.484364316,0.056365043,0.306977207,0.056664208,171.223815,1.485093669
USGS_02303420,SimulationRaw,0,,,0.034411559,0.059272235,15.57988756,23.98171054,1.776902613,0.4859543,0.836941191,0.16009869,0.093706884,0.935032863,3.550902187,9.825504593,0.224536577,1.904438036,0.919996086,0.076850713,6.957419669,0.314353568,185.747388,77.86258104,0.716676963,0.024156101,0.084111109,239.5178103,1.442974119
USGS_02303800,SimulationRaw,0,,,0.038538222,0.065125297,24.44323024,10.01078251,1.063398343,0.445540596,0.76515033,0.126820772,0.112837538,1.203958931,5.017664904,8.832805463,3.680303114,12.35271091,0.221024575,0.750076478,6.549077539,0.32150734,159.6280701,77.77596822,1.43167903,0.144723772,0.080612979,163.7217172,1.413347777
USGS_02309848,SimulationRaw,0,,,0.046097157,0.061342451,18.07502564,33.38853187,1.81574097,0.142496139,0.789544995,0.141517718,0.011304867,1.427959524,6.435351185,9.614728674,2.439456541,14.24743391,0.303770297,0.042137383,6.794641568,0.485155856,462.1349934,0.837931663,1.56262081,0.320400365,0.045992929,296.5231363,1.498495001
USGS_02310947,SimulationRaw,0,,,0.032342525,0.03182115,15.96486764,8.144642648,1.930045137,0.721401308,0.741426384,0.043172468,0.03100346,1.25201143,4.548543027,8.522903745,-2.152142664,13.38210732,0.813140872,0.130353978,6.774289789,0.304073634,183.1715949,2.977066995,1.377802786,0.081676465,0.054007849,214.1702694,1.278993856
USGS_02311500,SimulationRaw,0,,,0.039672785,0.063692594,13.21588584,14.44881258,1.848055147,0.966120357,0.806299826,0.02153506,0.043893446,1.416724653,4.688639044,9.385214844,-3.164212306,1.631299283,0.542746688,0.711084957,6.918401403,0.305761281,169.2654825,68.24009573,1.949775545,0.045580714,0.053847483,147.4662936,1.16118171
USGS_02312000,SimulationRaw,0,,,0.016214553,0.035326249,16.85940149,31.43684359,1.686608755,0.851057752,0.696028061,0.057113947,0.084815422,1.275333974,5.50720146,7.955196301,-0.231532513,18.88021178,0.964071257,0.215372742,6.217012264,0.334930876,430.3017551,83.57327534,0.212070024,0.049928686,0.044491411,66.62211401,1.956826514
USGS_02312200,SimulationRaw,0,,,0.022959777,0.046893932,24.22557429,3.479468308,1.719181936,0.226607251,0.870936372,0.013455787,0.003067197,1.038682918,6.078262573,9.701429896,-2.705070451,2.102900511,0.473538957,0.354344347,6.512928551,0.345488305,267.5165768,93.35994234,1.782516432,0.020144236,0.058643898,128.3430721,1.291967843
USGS_02312500,SimulationRaw,0,,,0.014432128,0.065712051,17.20564895,6.105650611,1.876503929,0.199010888,0.687930048,0.01366639,0.043736567,1.292125334,5.154156351,9.136005633,-2.291890687,15.97552956,0.975833901,0.571186185,5.481624828,0.694907045,213.7546167,1.951795383,1.106146418,0.02646854,0.025527453,173.5285131,1.021802243
USGS_02312600,SimulationRaw,0,1957,1957,0.015415045,0.061329514,16.48453452,30.07856111,1.520639141,0.447183535,0.82392938,0.066718086,0.089019726,0.95533807,5.49037946,1.780284207,0.944507594,11.07214964,0.463001178,0.309682515,5.024865999,0.393978352,434.4866879,57.35244227,1.788768144,0.05380612,0.038201707,290.6481841,1.601495503
USGS_02312667,SimulationRaw,0,,,0.014298865,0.040110277,13.4164079,6.548951256,1.782410537,0.410879756,0.811599438,0.001112995,0.003080496,1.260440086,5.915733732,6.244764381,-4.353894485,5.314453988,0.950690843,0.571586796,5.03140069,0.314567951,614.0187607,17.73104262,0.25265402,0.026660482,0.034556461,96.23443157,5.735906909
USGS_02312700,SimulationRaw,0,,,0.014577109,0.036285133,25.07605637,12.78488511,1.987054396,0.952222878,0.731374608,0.041419624,0.071324355,1.293788457,5.52637943,7.597890889,-3.792466934,19.1470064,0.993326363,0.717097168,5.020079615,0.796860052,1718.528516,60.00650208,0.268482866,0.040909533,0.025619575,39.3669047,1.128131165
USGS_02312720,SimulationRaw,0,1957,1970,0.023238158,0.039569411,19.70922555,32.54857353,0.721186708,0.58886616,0.751742739,0.081735597,0.150172603,0.991699024,4.796718629,3.997997022,-0.38616101,2.708540142,0.089416398,0.766799775,6.791026715,0.78790063,820.0469268,10.57609357,1.910897862,0.011341746,0.022582304,268.5328813,2.112156086
USGS_02314500,SimulationRaw,0,,,0.029337514,0.014666483,15.52826567,16.88299641,0.989810094,0.563555872,0.884985421,0.123156631,0.120124959,0.887523791,5.035202196,7.751344316,1.226599703,11.84478486,0.394632046,0.544913777,6.2386551,0.340701311,265.5731961,84.6794643,0.312078611,0.068532332,0.046258285,113.6144177,2.393590469
USGS_02315500,SimulationRaw,0,1976,1976,0.044146556,0.045172101,8.576623091,31.4305749,0.936012471,0.688890387,0.828085289,0.168528007,0.001862818,1.133350579,6.295555442,8.921870028,2.669415094,11.80165774,0.576049133,0.159221657,6.939293981,0.331648952,294.8226309,40.62680278,1.863196999,0.044892117,0.036116824,248.7773851,2.052014853
USGS_02319500,SimulationRaw,0,1970,1980,0.033222459,0.041423039,13.28181065,39.78846593,1.586601157,0.628221341,0.779311138,0.005185703,0.039560916,1.010425566,4.655535529,9.237629862,4.757011108,0.044651634,0.819206458,0.250905717,4.969072195,0.861995278,819.3893396,45.32084661,1.562514552,0.025418519,0.040556025,207.3668742,3.255380458
USGS_02320500,SimulationRaw,0,1970,1980,0.026816963,0.066435625,25.72851797,25.27009358,1.929914706,0.424584216,0.847111423,0.146710998,0.037808767,0.695762384,4.734469898,5.262499462,-2.701850496,16.26510401,0.122332797,0.33815568,4.024301028,0.926997743,985.6285101,71.45192946,1.965974765,0.10908117,0.042654623,117.2387769,3.511062572
USGS_02321500,SimulationRaw,0,,,0.046080836,0.036378299,16.25888221,12.70852254,0.982344834,0.589420915,0.854192723,0.12652206,0.087458446,1.251391314,4.215483286,9.78882745,-2.522214439,19.2377048,0.921440252,0.347820549,5.818541487,0.488285966,120.4653308,2.57094134,0.980871717,0.110944074,0.087339491,253.5111985,1.113733179
USGS_02322500,SimulationRaw,0,,,0.008738983,0.054265906,15.59080509,34.74503912,1.950457679,0.596709564,0.836311144,0.118721121,0.140098675,1.460566319,3.540585205,9.634707025,0.800281016,3.097653977,0.553935484,0.03591536,2.517452365,0.63767026,1318.320442,14.54446611,1.594439969,0.024013148,0.023002899,231.2316025,2.980330208
USGS_02323500,SimulationRaw,0,1970,1980,0.034668951,0.058046284,13.89396174,37.90943203,1.782769236,0.767785107,0.75557765,0.118955401,0.1180775,1.48076559,5.666725427,9.762932873,-2.169984015,2.574377073,0.642088653,0.350658378,2.358387148,0.759658935,960.3005016,31.27627412,0.946683649,0.02284972,0.026033637,265.727943,2.759845515
USGS_02324000,SimulationRaw,0,,,0.025458407,0.023781619,17.11006801,33.85539662,0.601178248,0.714166272,0.7203738,0.160228963,0.059186992,1.276190846,5.507940076,1.366614553,-2.846003088,7.395635148,0.260873109,0.700145777,5.1245591,0.552601485,169.4070482,73.51893794,0.708340024,0.099223488,0.059294995,121.3162171,1.230948163
USGS_02324400,SimulationRaw,0,,,0.019028856,0.018657563,16.73692087,14.69547084,0.926063998,0.277372046,0.714879527,0.142635962,0.155798635,0.694947687,5.588519281,9.571879505,-4.808532457,4.698304274,0.844382261,0.70936822,6.195951247,0.397329156,200.5424482,67.32034082,1.581878411,0.089182109,0.052852875,107.3413752,1.145619318
USGS_02325000,SimulationRaw,0,,,0.011136981,0.040032599,21.31871174,36.61176699,1.551901113,0.857779048,0.843138425,0.098384214,0.138978234,1.139533902,4.225548988,8.260881489,4.939723725,14.69334741,0.24800482,0.72715625,1.21936018,0.422919931,1780.022523,82.38679376,1.226983755,0.07019234,0.022379816,148.5563375,1.817226252
USGS_02326000,SimulationRaw,0,,,0.023180583,0.054633892,10.71711454,12.5702231,1.960254489,0.657918997,0.80105587,0.159724592,0.098467135,0.689639863,6.411865428,9.899477284,2.242008064,2.173703663,0.241310876,0.067261269,3.48367929,0.479214606,571.131466,46.50829513,0.538051842,0.075639126,0.080902711,269.8045122,1.329333849
USGS_02326900,SimulationRaw,0,,,0.036769567,0.046474338,22.13724206,11.84078851,0.9107152,0.321172744,0.773799402,0.171871817,0.156616224,1.051797569,4.949716143,7.773304342,1.793331494,11.78618546,0.674953113,0.516137485,0.86814716,0.608439522,1050.521795,7.568327593,0.453023853,0.02852134,0.020618244,182.3137824,1.321993676
USGS_02329000,SimulationRaw,0,,,0.024966753,0.032411868,12.81574824,13.39030127,1.962502329,0.652421758,0.7020673,0.123566133,0.123765429,1.104946481,6.005503524,9.259560454,0.146123486,19.08543796,0.193366844,0.491623376,5.417609708,0.309270948,430.6237176,4.808774511,1.324806445,0.105589486,0.094301326,229.9688251,1.453136675
USGS_02329600,SimulationRaw,0,,,0.022284541,0.054306729,11.51003847,23.2664225,1.484382457,0.822310677,0.754092943,0.101340235,0.047418247,0.811682947,4.115816172,4.919515885,4.645257376,0.442979496,0.591432671,0.313888414,4.71808087,0.363189264,1081.730286,2.332008838,0.837684502,0.444459836,0.047704907,18.93587872,1.727265189
USGS_02330100,SimulationRaw,0,,,0.010529856,0.066045599,13.17109361,31.01832787,1.306170384,0.596659747,0.866163587,0.094810439,0.152068487,0.669818668,3.913498964,1.953640588,0.653140899,9.284056106,0.997168666,0.647240474,1.96423694,0.845861656,979.624761,1.898076037,0.854594049,0.294207764,0.032623714,34.91501425,1.490306542
USGS_02330450,SimulationRaw,0,,,0.017806635,0.023721982,23.98234267,40.21351399,0.934608514,0.741232758,0.831909744,0.07867243,0.14209686,0.70018234,4.492009668,3.777250304,-1.071136213,7.219066567,0.66137288,0.124265966,1.658045914,0.766537546,499.7597996,75.56613523,1.994406968,0.289451673,0.025299329,105.2619675,2.218115233
USGS_02331600,SimulationRaw,0,1972,1972,0.012443703,0.042280899,14.41979787,20.32590611,1.804971134,0.79874336,0.897675794,0.139172046,0.026641495,1.288652429,6.308820035,4.890636518,-3.833314268,17.12274612,0.067098998,0.528438445,2.126368569,0.822204385,1608.289111,36.65440776,0.380192341,0.2680734,0.043463351,27.15497692,1.104424047
USGS_02341800,SimulationRaw,0,,,0.023522486,0.044160762,11.50781344,14.09481818,1.49093951,0.664565349,0.870039588,0.050552276,0.140380044,1.360347538,4.928892401,9.820116236,-0.682367491,8.914680344,0.8784183,0.749376868,1.24984306,0.554135649,755.0307515,3.177513295,1.385260979,0.187513685,0.043183029,17.46951663,1.210094518
USGS_02347500,SimulationRaw,0,1982,1996,0.046927332,0.065499133,24.43852732,45.08329773,1.896744921,0.516549,0.808282476,0.082282159,0.030885718,1.298392742,5.304661818,6.918217886,1.244440763,3.474680684,0.746070473,0.706334868,3.833387197,0.915247841,475.4961063,1.599458944,0.901582129,0.431305562,0.095150966,25.07100605,1.813589758
USGS_02349605,SimulationRaw,0,1982,1996,0.045402861,0.060647884,23.07416902,39.70425659,1.568017573,0.261673701,0.801797984,0.058668916,0.010976991,1.179439053,5.435623258,2.205747689,-4.707817527,15.84232575,0.007407702,0.690659442,2.050763246,0.496422812,1073.597764,0.923969036,1.037921657,0.161213017,0.091848175,15.38780317,3.140427786
USGS_02350512,SimulationRaw,0,1930,1996,0.03192902,0.053214767,25.13791165,36.65874692,1.820773855,0.542572824,0.806613459,0.0835492,0.018242202,1.221054685,4.474521899,6.777097998,1.869608398,12.61772969,0.749939746,0.259967259,3.573386019,0.988800571,765.8482511,1.199771115,0.30045715,0.195578362,0.099844228,165.8614588,1.581983615
USGS_02350900,SimulationRaw,0,,,0.016000311,0.034774143,23.31177523,38.06841203,1.808967075,0.925801509,0.845020331,0.173188585,0.087703239,0.770650364,5.443188069,2.105210119,0.247368098,5.788641167,0.474034187,0.466020328,2.563299554,0.425012965,1854.147822,2.295884985,1.37823695,0.331232033,0.074888963,27.29705394,2.812421999
USGS_02352500,SimulationRaw,0,1906,1996,0.029298031,0.059836009,25.01566812,40.11546575,1.584071031,0.639174522,0.719879745,0.030712072,0.107254379,0.862086404,3.687670796,7.423252836,-3.724909619,0.242658381,0.916527503,0.234787927,1.239945943,0.452728143,322.8116233,50.74555454,1.372790732,0.036762522,0.098710582,52.24299596,1.768400305
USGS_02353000,SimulationRaw,0,1906,1996,0.043403991,0.042938642,25.49000645,41.02140335,1.641046261,0.846664144,0.786399428,0.046530492,0.131336023,1.081726212,5.451952222,7.064663182,1.888984073,2.133210507,0.254000895,0.279216524,1.503451756,0.303751492,1105.339545,11.45213467,1.448777655,0.179795559,0.094856831,170.9075147,3.63846534
USGS_02359000,SimulationRaw,0,1978,1978,0.014538712,0.044819537,21.03778835,22.9170884,1.468134541,0.366125095,0.864081369,0.002579528,0.04389622,0.959933952,4.324192867,6.751282282,1.944909052,6.830878831,0.574180316,0.024102052,1.54813266,0.80983002,881.1722916,4.525104252,1.770640789,0.078256126,0.040453551,175.8887501,2.484067271
USGS_02361000,SimulationRaw,0,,,0.015029418,0.036398161,14.1908203,26.36366238,1.989051668,0.257769571,0.687511706,0.04156398,0.01868803,1.487668375,3.814210373,5.420184065,-3.194933439,15.96155567,0.820945761,0.214779841,3.550010571,0.795171333,790.415341,4.814222278,1.183538133,0.378567312,0.022357748,18.32269559,1.574637413
USGS_02363000,SimulationRaw,0,,,0.033889854,0.022018679,13.41726781,15.43945478,0.985957637,0.140351213,0.708962592,0.074871195,0.120177895,0.707198716,5.079785518,7.478513046,3.2371076,11.83384309,0.939280234,0.268448346,5.235711516,0.314410189,809.6158311,4.040631479,0.809350387,0.570777987,0.09507828,116.8813972,1.413381581
USGS_02365500,SimulationRaw,0,1935,1935,0.021284416,0.065947239,20.95326059,19.39750984,1.466399927,0.927437935,0.879748716,0.100809869,0.088740703,0.730603965,5.777818912,7.41281851,-4.4483387,4.662156788,0.274016371,0.557619528,2.497550817,0.646388076,1028.216135,1.20945635,0.474468013,0.230674816,0.075432761,226.4821227,2.855302513
USGS_02366500,SimulationRaw,0,1935,1935,0.03154833,0.062345226,21.66256594,25.08850523,1.958265629,0.567625584,0.722835954,0.006894278,0.107053048,0.95128344,6.015369537,9.443045406,0.022760448,6.825540886,0.932288083,0.004119216,1.978553044,0.534475582,1204.87197,85.48097858,1.753349115,0.084680794,0.079599283,194.1560151,4.645494688
USGS_02368000,SimulationRaw,0,1964,1964,0.019785337,0.057153918,25.12551403,24.32199679,1.012350026,0.503350061,0.769236514,0.152898937,0.045642121,1.332170633,4.288105399,5.855706819,-0.908424425,18.15372167,0.479080415,0.154934661,1.899626263,0.634242481,1136.430361,1.088549929,1.755917655,0.338723122,0.027026457,36.88744075,2.854215856
USGS_02370000,SimulationRaw,0,,,0.036523407,0.016310263,17.01499417,29.15349231,1.049877728,0.662037844,0.712096714,0.037296736,0.006669509,1.180459896,5.444873446,2.135768317,-3.896848044,15.54154124,0.308890125,0.227700742,1.485803653,0.678615125,305.3810149,6.639911087,0.435870173,0.349753414,0.020403797,28.31653123,1.123623648
USGS_02371500,SimulationRaw,0,,,0.042047944,0.066194709,13.07363458,20.18087036,0.989892349,0.940073839,0.70301493,0.092526353,0.043427949,0.955971721,3.946068383,8.470141227,0.270831728,12.17341681,0.093219342,0.048613911,4.367198223,0.777372258,425.7636134,1.075965607,0.165888743,0.236068467,0.088540853,75.78824477,1.450170057
USGS_02372250,SimulationRaw,0,,,0.039154211,0.064893692,24.74158822,18.07259898,1.804651466,0.370200893,0.720247631,0.173455514,0.054142101,1.306012296,6.297978099,3.864081793,4.423665188,0.171218548,0.482721317,0.229624735,2.856705483,0.744477499,261.5266501,5.70745996,0.853058251,0.342548959,0.098882261,57.38620926,2.07966305
USGS_02373000,SimulationRaw,0,,,0.028322086,0.045609959,15.07895418,43.45028,0.78714145,0.704526896,0.723633671,0.093607457,0.101955097,1.395302321,3.618878857,2.88160624,1.300564783,5.154703437,0.91823466,0.256923476,6.597378892,0.603497706,410.7826545,5.761792095,0.709558965,0.308204909,0.039248264,223.9972444,2.358240887
USGS_02374500,SimulationRaw,0,,,0.010252816,0.0398778,11.29904439,29.75122349,1.74438671,0.622194487,0.722710128,0.168737246,0.089857401,1.272958074,4.266342641,9.984126733,2.325981739,3.481813372,0.770864463,0.547044541,2.762440982,0.707500772,1707.557907,10.72877135,1.366992632,0.323430923,0.034264387,89.06411168,1.49444217
USGS_02375500,SimulationRaw,0,1924,1925,0.034056499,0.065462341,13.00246888,14.14374519,1.413963036,0.532892375,0.806070759,0.019524601,0.046227527,0.824659532,6.425112987,7.081599348,3.570726782,0.956997949,0.270612337,0.183993609,4.575849531,0.953439009,1239.66535,2.26402008,0.250744773,0.17850232,0.089206565,265.1330127,1.54658709
USGS_02376500,SimulationRaw,0,,,0.03767548,0.030635272,19.80590516,31.20368965,1.184715036,0.488870073,0.880571993,0.031693069,0.122494572,0.89968936,5.156667643,7.07543581,-1.703144396,13.67881145,0.810107688,0.320663656,0.701712867,0.888757404,562.1051674,3.533207541,0.950102391,0.22624636,0.033237148,85.25082405,1.122098353
USGS_02377570,SimulationRaw,0,,,0.03272504,0.005907589,16.05881308,8.315889251,1.787418624,0.781384428,0.68551202,0.036968199,0.001996525,0.911242244,4.010229842,4.938095475,2.212854222,2.595158299,0.5762908,0.131582846,2.023024466,0.742875778,272.2594687,6.850787522,0.7696477,0.332658081,0.020842309,95.65012979,1.448004882
USGS_02380500,SimulationRaw,0,1925,1974,0.024638494,0.03647633,20.23794874,3.666731447,1.106926006,0.610430659,0.725908866,0.151309519,0.030549913,1.182597218,6.415793221,9.070461813,-4.52614732,8.293168281,0.14419944,0.427851837,1.918114727,0.770181821,1124.111572,9.602437917,1.727219568,0.229092517,0.05534146,181.9223182,1.274736044
USGS_02384500,SimulationRaw,0,1979,1979,0.008038042,0.024138785,15.57470799,36.76967914,0.808659362,0.357708135,0.850162585,0.065790879,0.127759532,1.184533969,5.358454709,6.569792046,-1.879939439,3.178801406,0.524804624,0.606357056,6.161366626,0.760595661,1807.91687,36.21426745,0.658550962,0.568292704,0.061943971,11.94651209,1.424456873
USGS_02387000,SimulationRaw,0,1979,1995,0.039276068,0.037044353,25.51417267,20.36270149,1.52209456,0.438405213,0.740237871,0.111762458,0.005838683,1.084532687,5.844178627,4.940248973,-4.677009202,2.110206,0.391533531,0.165394253,4.790717728,0.551924198,822.950992,1.398721048,0.953339013,0.568579425,0.072304786,272.8503881,2.596504323
USGS_02392000,SimulationRaw,0,1955,1987,0.040134853,0.016701117,10.77089832,17.37408842,1.900511926,0.492503967,0.804193959,0.060779099,0.015480734,1.469826632,6.087596286,5.240583527,-1.149915864,16.03004011,0.757954014,0.535649331,1.916161496,0.812735872,1356.845076,15.07830867,1.508817911,0.216039322,0.065469823,37.31153888,1.156110939
USGS_02398000,SimulationRaw,0,1978,1978,0.019039005,0.016397947,14.326075,12.08642333,1.627032918,0.288991272,0.850746049,0.13178865,0.008603729,0.716067733,5.287368754,7.326899308,-2.344162341,18.66033859,0.001289377,0.486055148,2.370173301,0.815907388,518.9927233,65.04395359,0.30362649,0.40341449,0.020972895,15.96783579,1.005842985
USGS_02398300,SimulationRaw,0,1978,1978,0.012075224,0.017603984,7.740127761,42.61322959,1.873813761,0.317619244,0.819265684,0.105746149,0.125550032,0.832143965,5.034446293,5.120456129,-3.628369517,12.24115208,0.930695263,0.650297013,6.30626446,0.644157907,1937.415157,6.082215138,0.699739918,0.33938833,0.059302466,120.8589643,1.452109155
USGS_02400100,SimulationRaw,0,1964,1972,0.040767177,0.00584068,24.40697934,12.24507736,1.346162705,0.70716047,0.693945176,0.157518385,0.112421539,0.869339946,5.180840601,0.01400355,-3.570466752,13.2459049,0.019066227,0.40936211,3.281523956,0.9654196,1424.406777,4.78755971,1.587573832,0.379954387,0.063422224,208.3369205,1.142916888
USGS_02401000,SimulationRaw,0,,,0.014658884,0.027834579,10.10773747,13.46224963,1.609989473,0.377707754,0.869035549,0.074325457,0.083542405,1.288040503,4.072011058,8.443201303,-4.898468708,3.483800059,0.789568881,0.637363479,3.207817158,0.394876591,1753.564629,9.233075058,0.467997559,0.472254023,0.070726714,28.48229247,1.188704055
USGS_02404400,SimulationRaw,0,1969,1977,0.035465934,0.006878747,23.33976684,42.75633232,1.458589775,0.113584787,0.683292626,0.098418194,0.132935094,1.084368486,4.63114526,5.068028485,-1.475555873,6.514990933,0.795594638,0.337355153,2.222481568,0.850362857,1046.501847,30.919925,1.871090547,0.486637857,0.022159493,61.71152829,1.780373646
USGS_02406500,SimulationRaw,0,1955,1955,0.036693424,0.035901024,10.23831617,32.45263496,1.654392118,0.756989639,0.73183041,0.117449953,0.021445694,0.941853078,4.025879817,3.363710781,-3.076439927,3.129683591,0.737016925,0.505025441,1.961096084,0.918606242,1088.025517,32.96039156,0.71884239,0.289417945,0.070365313,16.39588984,1.330138665
USGS_02408540,SimulationRaw,0,1969,1969,0.006625596,0.067153311,21.16328843,36.6403948,1.744143086,0.431369058,0.71666545,0.093831533,0.064103754,0.827655898,3.83922692,1.634739207,-1.14591411,11.57176816,0.145148039,0.367562557,5.427567475,0.968667546,1764.809775,83.21400899,0.589076697,0.501591633,0.093426175,19.22946388,1.236032834
USGS_02412000,SimulationRaw,0,,,0.018948425,0.052079394,16.40915407,25.10084935,1.553438111,0.49757577,0.681064119,0.068938268,0.027146755,1.202164511,5.584276576,5.071339764,-1.34323503,4.400725029,0.839893497,0.112296599,1.32732928,0.471755876,319.334101,7.908056402,0.831443003,0.394780437,0.037726536,131.779615,1.16795551
USGS_02413300,SimulationRaw,0,1993,1993,0.040552425,0.0638842,19.35320402,42.20827856,1.789973207,0.597661815,0.7351339,0.1373286,0.010963031,1.442879486,3.724540927,2.166983507,-4.194403199,11.01230723,0.468963952,0.310166388,2.159746291,0.763371239,464.9521429,13.75111059,0.186421132,0.376222143,0.047389342,63.68289233,2.318979781
USGS_02415000,SimulationRaw,0,,,0.027217007,0.062618893,10.77322844,8.206141633,0.782808076,0.407617241,0.821709776,0.012421787,0.070476993,0.717076217,4.304506111,4.726092709,-1.389946178,5.633243171,0.113972846,0.637966343,5.208912389,0.747962158,858.1034637,27.2446489,1.005057226,0.407510598,0.045091305,52.44447957,1.035693484
USGS_02419000,SimulationRaw,0,1932,1932,0.044874729,0.01597068,23.52579811,19.91335294,1.450725256,0.733880001,0.769579592,0.165261413,0.003399195,0.803732405,3.796196638,2.488360523,2.117065786,3.548244298,0.898808129,0.250931118,5.114211727,0.823892143,332.9620864,4.144845553,0.740525198,0.361354442,0.038162995,77.88635927,1.39390461
USGS_02422500,SimulationRaw,0,,,0.015597607,0.044260926,15.48617364,40.41020397,1.394957294,0.513692167,0.838364981,0.030271326,0.094441011,1.296067978,6.210817896,3.665705584,-0.714298943,4.030128204,0.102133094,0.115056666,1.148891752,0.51813531,741.4191724,46.63447097,1.747278152,0.500295356,0.030870544,193.2913407,1.042921163
USGS_02424000,SimulationRaw,0,1931,1975,0.0257911,0.036551256,23.91684545,11.42799011,1.132968704,0.904685512,0.872274681,0.003408494,0.013738593,1.016336578,4.28936559,9.278193574,-4.660483616,11.30805166,0.102663561,0.070255423,3.45515041,0.980867565,536.1973271,3.434935252,1.243182263,0.406206671,0.070697489,92.41524983,1.167168062
USGS_02425000,SimulationRaw,0,1931,1975,0.019789981,0.047948529,18.6506188,37.11231572,1.678081056,0.228182775,0.882278152,0.126567504,0.075155542,1.231998344,5.738752887,4.513893991,-4.501348996,5.641816241,0.731622682,0.476103394,4.795871008,0.305295134,1676.307713,6.558157192,1.544279888,0.534314666,0.071112413,201.6349466,3.776888295
USGS_02439400,SimulationRaw,0,1960,1960,0.044839101,0.062411704,25.0981425,37.80004433,1.867375361,0.939625092,0.77790846,0.026272878,0.106164228,0.755485086,5.04970299,7.741462032,-1.93338043,3.174771667,0.898261671,0.033597564,4.581813541,0.838672706,1832.901599,84.5948897,0.791106245,0.669373974,0.071405161,159.8338935,2.681298678
USGS_02444160,SimulationRaw,0,1960,1984,0.023835162,0.024635037,16.83963804,38.35077665,1.743574247,0.453410631,0.877548124,0.165838548,0.071570205,1.40836946,4.931064627,7.103783029,-2.398117596,2.941576307,0.157590969,0.603575949,6.752819039,0.593741125,1016.671755,0.444311914,1.597147914,0.326203329,0.09782177,252.512776,2.341775382
USGS_02446500,SimulationRaw,0,,,0.018955092,0.048522838,25.39436968,39.80144079,1.943372016,0.386162479,0.741940791,0.159129798,0.01488658,1.305024632,4.249698199,6.378983572,-0.395825702,15.80173226,0.498579386,0.705559216,5.729353917,0.9660279,542.1004685,2.00392479,1.846562478,0.19808099,0.099498482,180.8593396,1.643394319
USGS_02447025,SimulationRaw,0,1960,1984,0.047993548,0.062628955,23.6896114,25.21294492,1.043518791,0.818612247,0.886225819,0.145686192,0.148443925,1.1608069,6.172123573,9.44673374,0.217543956,19.80725293,0.80963445,0.266033255,4.216351267,0.307127268,489.3712782,2.074836434,1.22989165,0.290126174,0.087270577,76.25983345,3.352336266
USGS_02448000,SimulationRaw,0,,,0.026333196,0.067976365,23.91438142,12.48006178,0.73780016,0.566299976,0.722350597,0.097885083,0.066647174,1.218103189,5.383480335,3.370791916,-4.128059287,9.105434443,0.885117512,0.77965871,6.52094462,0.365912649,648.5831415,1.366671505,1.304158331,0.347797297,0.080870265,230.5235445,1.823566321
USGS_02448500,SimulationRaw,0,,,0.045685969,0.041365462,12.12283922,40.82059818,1.282884989,0.915942683,0.716561915,0.125069866,0.114246411,0.905118597,4.052857262,3.112971784,-4.681344787,12.99371457,0.676681897,0.629027248,5.736657535,0.583019732,441.4109282,1.361904032,1.33258633,0.246461133,0.068699817,209.571213,2.148323552
USGS_02450180,SimulationRaw,0,1956,1968,0.019395932,0.033553113,22.97939922,14.03519552,1.950122881,0.401651797,0.815771249,0.04928583,0.066198258,0.837786502,4.926445713,7.648705702,-3.597126331,11.06801046,0.449855749,0.10762998,6.355406266,0.380127366,561.511779,48.87113455,0.820495356,0.807273346,0.053319983,148.7199685,1.612331646
USGS_02456500,SimulationRaw,0,1938,1973,0.045201948,0.021030362,21.36249574,12.16225498,1.680974076,0.477926541,0.705992026,0.136539058,0.038614885,1.202665714,3.620104955,4.498261546,-4.73609257,15.99935581,0.595676861,0.043247205,6.948469968,0.433923964,560.0025018,5.742683593,0.088798363,0.515103306,0.09974394,129.2112981,1.880957367
USGS_02462000,SimulationRaw,0,1978,1979,0.030271275,0.066115769,21.83275142,29.09367042,0.660790893,0.445037461,0.788275784,0.157420016,0.146420535,0.898004083,3.667706183,5.772324168,3.752041526,16.07809963,0.579085705,0.293599312,0.525639722,0.619892474,186.8391086,6.375891429,0.53439289,0.262207626,0.071031567,23.9096041,1.116177464
USGS_02467500,SimulationRaw,0,1962,1962,0.03658216,0.031926573,23.97710789,34.97210021,1.893911195,0.206349887,0.857492129,0.035906655,0.126287719,1.246359651,5.742693773,5.587917767,-3.108498988,8.810834395,0.801758298,0.200794698,3.579695136,0.66175956,1033.107896,2.76663904,1.058800716,0.651081574,0.043526922,59.94982074,4.287938875
USGS_02471001,SimulationRaw,0,,,0.042726714,0.012094465,8.062765586,16.60442706,1.181812802,0.652954124,0.735431247,0.04324167,0.148039124,0.734311856,3.531470765,3.141741278,1.204283572,6.902724917,0.493139986,0.242764256,3.180094667,0.323362953,1701.808972,5.401909631,0.713092702,0.436766754,0.058256286,56.3568771,1.359107447
USGS_02472000,SimulationRaw,0,,,0.026869302,0.064455374,17.28745626,21.80435946,1.284358699,0.155269396,0.849993639,0.059904693,0.005657368,0.882926585,5.358888472,0.88795559,2.513620281,7.85143263,0.775446802,0.004307305,2.702750142,0.586339347,669.4557261,1.604070313,1.525829522,0.564133047,0.063856135,132.163723,2.013871877
USGS_02472500,SimulationRaw,0,,,0.00976434,0.018062887,21.99749874,46.07811468,1.353713766,0.891361655,0.79614373,0.083990201,0.088861247,0.955033703,4.048993346,5.551719908,1.342299996,1.356240209,0.976524608,0.169811169,3.48890748,0.684449391,1379.347545,4.523538554,0.962665062,0.24672105,0.034148131,28.27959212,1.1724742
USGS_02473000,SimulationRaw,0,,,0.026136185,0.034491578,25.18372537,41.44031057,1.88062871,0.381264149,0.886469153,0.005728911,0.04657382,0.799353304,5.656465076,9.738482147,-3.190289898,11.90145768,0.986955304,0.20397698,2.95111491,0.738634236,1390.480621,2.219351305,1.211358398,0.560780896,0.037087429,147.2547095,4.061708573
USGS_02474500,SimulationRaw,0,,,0.018890327,0.018200368,24.31898279,12.00789077,1.308356177,0.526611785,0.779810996,0.154585115,0.071327327,1.158785112,4.737285594,3.172505261,1.195825054,19.39265466,0.949364049,0.551000384,4.242058116,0.615948941,533.4718083,0.633561027,1.69057139,0.164970746,0.095560263,178.4290548,2.203713772
USGS_02474560,SimulationRaw,0,,,0.046404445,0.035126635,25.22190422,8.097605208,0.938321259,0.16790932,0.891094849,0.129905973,0.001186713,0.849640265,3.87957153,3.569266704,0.207173186,8.603587781,0.469452389,0.450096559,4.20549198,0.956876358,1189.373236,2.345136652,1.354017347,0.245898981,0.087762839,249.1201451,2.147764813
USGS_02475000,SimulationRaw,0,,,0.040753016,0.02923938,23.33471935,21.33162519,1.857131483,0.262333408,0.848569703,0.085893947,0.022944837,1.089024438,5.510724335,0.506850357,-1.192737624,15.5450266,0.361558374,0.395998422,6.39825548,0.971025919,1430.198006,1.113057218,0.350935556,0.267746749,0.098360699,155.9802304,2.48492895
USGS_02477000,SimulationRaw,0,1968,1991,0.038437562,0.058559902,14.35186049,46.20458516,1.879969149,0.83519065,0.786178075,0.062217651,0.081826131,0.695430602,5.396173615,1.905594085,-3.787088948,4.146162119,0.435444883,0.744697005,4.149465321,0.487032141,814.8345687,3.171608444,0.334967283,0.534167216,0.094895945,130.0639937,1.84979656
USGS_02477990,SimulationRaw,0,,,0.037284983,0.026245853,24.24373623,38.8831248,1.360847302,0.171306513,0.689043706,0.032888967,0.151722247,0.889212828,5.518784299,1.733166296,-1.656429834,4.259550385,0.987349934,0.740337891,3.260207706,0.310004661,288.9229529,2.867430684,0.474705392,0.20103836,0.096303318,111.0609514,1.862147224
USGS_02478500,SimulationRaw,0,1968,1991,0.02152828,0.033931804,22.48529051,17.67326567,1.222004911,0.365518687,0.850687438,0.053096583,0.041252978,1.065493106,6.271547639,5.963897316,0.165048711,5.838225693,0.937802514,0.763723322,5.521750673,0.89569392,760.1848929,98.13445738,0.720033905,0.068875777,0.098893089,108.423396,2.052640442
USGS_02479000,SimulationRaw,0,1968,1991,0.044708682,0.057515532,20.12800456,35.91058453,1.943312354,0.441093108,0.707978554,0.157298714,0.099905484,1.424634573,3.851507676,9.3057798,-1.405792189,12.89229554,0.968731162,0.256643136,3.833835999,0.798604939,556.5585801,1.001861275,0.0598319,0.195284537,0.095134284,286.1118401,2.64915128
USGS_02479130,SimulationRaw,0,,,0.017844617,0.03901416,11.25391714,12.86212604,1.938364037,0.184329697,0.819393267,0.057659951,0.074772935,1.132333651,4.191644405,8.823186076,3.495426003,12.81385318,0.909210524,0.332645951,3.471390098,0.642133584,1237.980912,26.37092943,1.558034681,0.288958189,0.069606185,22.63863298,1.522068152
USGS_02479160,SimulationRaw,0,,,0.023021222,0.025880274,20.41153989,41.41089918,1.576934987,0.969506771,0.788632834,0.069684598,0.14530824,0.92576014,4.140484492,4.649408514,-3.622799543,19.57339135,0.083644156,0.056075279,4.025937505,0.838321013,1173.63005,3.22222076,0.434217726,0.396306236,0.083618389,39.26986294,1.505935971
USGS_02479300,SimulationRaw,0,1965,1965,0.034888358,0.037584709,19.60996606,34.21399287,1.505493635,0.228628894,0.790587533,0.086582053,0.042337458,1.418776757,4.659008603,7.739336759,0.733782591,5.227692453,0.733103835,0.131198445,3.819774298,0.893015692,1258.455334,2.867138809,0.543015813,0.430910868,0.078286776,24.76377268,2.996882949
USGS_02479560,SimulationRaw,0,,,0.024490361,0.056481553,10.3287834,20.65299948,1.7861743,0.359287536,0.711950098,0.155572811,0.105481118,1.319371725,5.791875195,6.011043382,0.229684636,7.043531747,0.917504499,0.776676023,4.359476533,0.912996208,783.2992118,6.17238665,0.758146277,0.326455904,0.086155891,200.7311878,1.5441819
USGS_02481510,SimulationRaw,0,,,0.03448217,0.045411671,11.67011497,10.10362525,1.059971377,0.265527261,0.705702327,0.00953632,0.000894178,1.18223344,5.823356404,7.111157843,-4.840582976,2.146999751,0.189289599,0.704665596,5.925316751,0.735350276,1824.029454,9.171322955,1.542869392,0.669661545,0.080898545,27.58732331,1.67756107
USGS_02482000,SimulationRaw,0,,,0.02251945,0.031144096,21.68121823,19.40679644,1.413689644,0.487697541,0.845250537,0.047255939,0.156709726,0.940390187,5.15501448,5.297558887,-3.333714115,3.478954467,0.122424225,0.583989346,6.49182404,0.556524559,174.5681017,2.776225429,1.40542577,0.223242731,0.071911258,244.6943181,1.452424092
USGS_02482550,SimulationRaw,0,,,0.025494114,0.061814638,23.67012999,22.6468189,0.997675532,0.765711555,0.774046364,0.133511469,0.153120644,0.741059372,5.577577112,5.522456977,-0.779327556,8.349207347,0.209751195,0.307561475,6.485160207,0.6217478,490.2821145,3.438340641,1.010517186,0.234099948,0.086636207,151.6812961,1.852622695
USGS_02484500,SimulationRaw,0,,,0.045728763,0.01720168,22.97533516,39.34805354,1.86656285,0.763663376,0.780965547,0.005805394,0.132417498,0.827309533,4.132520362,3.067879516,2.952845221,9.870505013,0.63324938,0.304525512,6.435341919,0.545061848,490.3977192,95.31111423,0.200889758,0.481766129,0.065204365,108.0457849,2.200477905
USGS_02490500,SimulationRaw,0,,,0.034362666,0.022408281,17.67982493,40.27270949,1.638163102,0.157308293,0.808117792,0.032313032,0.123209329,1.459928435,5.187748824,6.852197746,4.626292398,2.504540213,0.638880177,0.688550508,1.219044474,0.584275244,999.1206495,21.93770076,1.190524927,0.149489808,0.051067503,9.035749816,2.420334267
USGS_02492000,SimulationRaw,0,,,0.029246967,0.052543337,11.03681536,24.33353233,1.90028882,0.714083899,0.854339256,0.02298608,0.112590082,0.730373527,4.369583825,9.920696824,-4.526008411,19.69944554,0.581212366,0.688891101,2.107221227,0.91511179,381.988123,2.957348012,0.632377715,0.166621289,0.024030108,58.93209221,1.129146562
USGS_03007800,SimulationRaw,0,,,0.042821188,0.020812423,22.55953548,40.59580084,0.889252647,0.87604316,0.872812587,0.076938886,0.107697535,1.046542256,4.280853015,9.678470448,-0.57804826,4.790960551,0.999710119,0.053287073,5.572866606,0.615418592,269.0148147,81.13586722,1.300572108,0.405523612,0.064862672,292.2988899,2.613268119
USGS_03010655,SimulationRaw,0,,,0.026885394,0.043805194,18.04182853,22.71614942,1.154425184,0.182923409,0.882067564,0.007749638,0.00769136,0.82721939,4.800223727,4.183419311,-0.130910153,4.126406419,0.069082377,0.165794071,5.671865071,0.980372625,163.0106556,72.22259881,0.081882932,0.434248285,0.07386962,34.92587155,1.954356417
USGS_03042000,SimulationRaw,0,1974,1994,0.004292057,0.063094906,23.49024458,21.97258711,1.718689214,0.83947983,0.820476563,0.044168638,0.062824114,0.805795728,4.755567032,2.276447313,-1.429390696,1.47650287,0.306703923,0.071945678,5.040799941,0.802139844,358.962662,42.5629842,0.567643703,0.532558252,0.074566321,22.20618499,1.425321991
USGS_03085500,SimulationRaw,0,1903,1903,0.022449857,0.060574536,6.671441927,24.01786469,1.932936942,0.303480025,0.864985705,0.008326591,0.023810546,1.151035028,6.429277165,1.863283815,-4.171351336,18.35205861,0.723086089,0.593722681,6.761870614,0.955348228,898.8764639,52.52396194,1.189720142,0.362452155,0.066671404,14.15324522,1.162107475
USGS_03117000,SimulationRaw,0,1840,1936,0.015812273,0.015029464,24.08004402,42.43998777,1.496441603,0.984248506,0.695206685,0.11369137,0.030793896,0.835776805,5.777147352,9.94826274,-1.414645023,2.308756487,0.375912946,0.128047315,5.822629463,0.86432448,1023.647531,6.076588667,0.606719901,0.517925065,0.052474786,212.6576989,1.751841689
USGS_03117500,SimulationRaw,0,1963,1984,0.034372566,0.03353262,15.40337267,18.31335876,1.130819865,0.785119239,0.81735838,0.018631099,0.036102879,1.182076256,5.106461615,7.049988255,0.497640108,8.5791983,0.259892107,0.147344709,2.765000656,0.542890503,454.8085388,65.95608961,0.221454577,0.424799302,0.064661843,177.1022069,2.06030514
USGS_03136500,SimulationRaw,0,1954,1972,0.040576826,0.030907138,14.26347409,11.47317762,1.070135002,0.580561255,0.684692491,0.161067373,0.096902539,1.095123692,3.952902505,8.471384825,-4.341733199,14.99987958,0.349979749,0.432361494,3.793530501,0.378605271,1134.31852,78.49221705,0.877240656,0.748657239,0.095393156,175.0656133,1.800890153
USGS_03139000,SimulationRaw,0,,,0.019129898,0.039668222,14.23270678,45.8565868,1.545213564,0.975122966,0.765793626,0.156753572,0.124821564,0.749446469,5.018159403,7.80274632,-2.704597359,8.490662314,0.994909486,0.70845182,6.806687066,0.303952772,649.1112896,54.95317997,1.187915539,0.332336285,0.099745177,102.2750949,1.656452953
USGS_03146500,SimulationRaw,0,1832,1832,0.046567976,0.024189752,6.063807994,16.38631386,1.659351651,0.403308063,0.849144137,0.053954567,0.062381017,1.417482863,3.982839974,5.365488668,-1.663907123,5.31609265,0.777543434,0.069015049,5.032685632,0.525028494,719.3877327,5.4861019,1.838536433,0.648287517,0.070204373,235.7528349,1.352300729
USGS_03155000,SimulationRaw,0,1964,1976,0.024186707,0.006795542,18.23314043,33.11927379,0.630842591,0.166771017,0.874252049,0.075434093,0.057687769,1.346461485,4.463992744,9.312651421,-0.172496702,7.488263264,0.838679464,0.681567042,6.704152775,0.525472436,232.09708,0.399270064,1.363058214,0.370710223,0.038979136,117.0530935,1.26828525
USGS_03157500,SimulationRaw,0,1962,1972,0.018153434,0.053053723,11.5082701,25.44610116,1.744929921,0.579438987,0.701042989,0.094497998,0.031433195,1.38470911,4.755130795,1.16142185,-2.255208041,1.005449569,0.866248649,0.079489251,5.58158794,0.901066898,658.2662273,20.00946808,0.303124944,0.522939763,0.079837852,11.39177811,1.285271266
USGS_03159500,SimulationRaw,0,1950,1972,0.027792102,0.026224922,20.2644284,27.50161213,0.659779309,0.866828904,0.806198288,0.163711819,0.053712713,0.918973206,5.807590151,9.618964186,-1.878911772,2.550102023,0.159161387,0.365004033,6.021076002,0.49703883,578.036325,40.74779805,0.357322769,0.609215269,0.078459248,86.27190047,1.815922755
USGS_03168000,SimulationRaw,0,1912,1975,0.030285571,0.045658857,10.80112203,5.259954075,0.835749161,0.14999497,0.756379689,0.102307094,0.062431042,1.323423533,4.301542465,3.300735036,-3.352610499,12.14373123,0.107420089,0.688610175,4.851185297,0.986088874,1350.8829,4.980792108,0.73237843,0.297484598,0.02695579,22.16032951,1.201992099
USGS_03170000,SimulationRaw,0,,,0.031805756,0.049404034,14.306839,45.62315419,1.620638942,0.917015756,0.750332177,0.124286063,0.076498963,0.769684302,5.481025989,7.108795666,-2.232902188,1.974320546,0.345847009,0.778020547,1.494240419,0.926837367,469.6773798,9.522763463,0.636951259,0.239025641,0.030792668,20.69799796,1.054562394
USGS_03171000,SimulationRaw,0,1900,1975,0.047776133,0.028258314,8.066556752,43.70870205,0.66530373,0.99740138,0.872418776,0.059895185,0.064470988,0.691852281,4.989912915,3.91433879,-0.677032671,3.128814508,0.287552592,0.29749386,5.579010174,0.921922376,1152.418482,5.995355811,0.853377951,0.262825981,0.066533819,112.7343557,1.172419268
USGS_03173000,SimulationRaw,0,1953,1953,0.034653985,0.045052476,6.67925501,30.11207572,1.088829409,0.101056176,0.829561779,0.018021542,0.070519284,1.403468787,5.096687396,3.616491112,0.69061794,3.524571067,0.456262583,0.473265458,2.140697958,0.805550719,117.5362198,9.126447336,1.067293808,0.369308576,0.066861565,33.16899248,1.447277526
USGS_03176500,SimulationRaw,0,1900,1975,0.009659563,0.063981813,12.74427471,17.89178268,1.802819457,0.731006744,0.726480092,0.063560495,0.00977053,0.70614301,3.76141433,2.946968471,-0.819147563,1.953666942,0.05895411,0.388631721,6.202013808,0.902197402,1591.029012,2.617663066,0.988072036,0.307176989,0.050063492,214.3882654,1.097098655
USGS_03179000,SimulationRaw,0,1967,1967,0.028637622,0.063991586,14.66769656,10.53231334,1.378916077,0.594121338,0.68942256,0.09039137,0.085602329,1.42288821,5.938731279,7.454612316,-0.001249745,2.778339313,0.390611451,0.130099055,5.481781137,0.721124001,489.8289617,7.578283939,0.944277547,0.654064473,0.074628987,119.8405577,1.517532864
USGS_03184000,SimulationRaw,0,1961,1994,0.018978874,0.028897961,23.22388835,23.55814798,1.824116606,0.344086812,0.814004045,0.145571203,0.114283067,0.967315374,5.753449212,7.035315318,-0.960829964,1.168214878,0.8904722,0.084634458,6.313138149,0.676244223,447.1415382,78.71410624,1.307695051,0.782411051,0.095237253,157.3915958,1.734871899
USGS_03185400,SimulationRaw,0,1900,1994,0.017822904,0.019193763,19.62300871,31.76445489,1.985401102,0.798791075,0.849382566,0.172002766,0.068937894,0.934308376,5.167284826,6.032066482,-0.567469611,1.712307936,0.354632764,0.181315832,3.788769231,0.882957157,529.1570917,0.832327633,0.480871289,0.233181551,0.089452723,246.2178695,2.439962296
USGS_03189100,SimulationRaw,0,,,0.02010614,0.026041441,13.4336915,21.90440305,0.58476644,0.46412462,0.836867372,0.129232827,0.13427788,0.93134165,6.198042282,6.243780888,-0.899374202,1.141615631,0.914620841,0.054699328,6.622362482,0.442171779,168.6655692,26.42042616,0.705606129,0.642409492,0.071913341,129.4090982,1.98820538
USGS_03194700,SimulationRaw,0,,,0.03307531,0.051551151,14.67753265,22.50413724,0.508026525,0.775267984,0.756873385,0.064202728,0.109883054,1.397686784,4.922984826,6.394360345,-2.209477672,1.553795691,0.021304312,0.324314611,6.856023533,0.688669078,719.8104174,61.54748497,0.055756789,0.820876531,0.070349446,40.51698612,1.553349139
USGS_03198000,SimulationRaw,0,1900,1996,0.011251655,0.031880439,8.696564693,40.50267687,1.629692704,0.319178719,0.869944739,0.141598343,0.042442296,0.890173206,4.466242864,1.407215684,-0.029550537,7.645952568,0.23315302,0.589454596,6.000817928,0.988830068,752.916978,1.123946441,1.082789912,0.248772267,0.082302465,75.64834625,1.342478176
USGS_03198500,SimulationRaw,0,,,0.024946236,0.012130609,17.79779698,16.30315523,1.46901334,0.78577286,0.894722815,0.050519805,0.071056609,0.816069497,5.334333301,5.53325793,-0.547575213,7.122860135,0.108276814,0.348038404,6.910561574,0.380910328,408.4666612,8.947211536,1.046457755,0.529305058,0.088579723,101.006667,1.01827836
USGS_03200500,SimulationRaw,0,,,0.037952858,0.013908591,21.44099555,3.923370925,1.331080458,0.871765309,0.889799829,0.060034143,0.092442738,1.119317105,3.932135513,5.789609548,-3.792760315,19.14803961,0.153918326,0.012338432,4.619422871,0.597280787,462.7158189,3.920478083,0.234779566,0.570908557,0.096097485,221.6640364,1.015620048
USGS_03202400,SimulationRaw,0,,,0.034820623,0.06596709,10.51490376,37.51674375,1.287676591,0.533094463,0.73583738,0.116004838,0.008639892,1.295709523,5.040255715,5.316297366,-0.581198237,10.42119929,0.348209797,0.432389343,6.18942764,0.891924413,754.7823183,24.58115114,1.50201353,0.540080195,0.097137968,62.08903894,2.187724769
USGS_03207800,SimulationRaw,0,1960,1960,0.028273977,0.048420342,6.944854087,28.3751656,0.901019793,0.213340598,0.725614354,0.097769027,0.142631605,1.24551593,6.372139189,6.155898452,-0.40217733,3.70153395,0.248567337,0.464536083,3.984749238,0.783798496,733.0670083,29.99694122,1.19951562,0.605903319,0.083173375,90.96344023,1.223484852
USGS_03213700,SimulationRaw,0,1966,1966,0.027309908,0.059919925,22.79082064,17.12051093,0.653968349,0.969617114,0.751254853,0.121127833,0.141628981,0.91214214,4.410724277,5.296403204,-0.239383658,10.62942016,0.967557835,0.039994352,5.222821967,0.309574094,697.4217148,35.88482385,0.362769639,0.495695673,0.098938811,4.80441004,1.836488765
USGS_03214500,SimulationRaw,0,1966,1970,0.02459256,0.024396273,25.73165891,23.7331009,1.318367253,0.343440166,0.722151479,0.040661874,0.135147683,1.117425508,6.289944555,7.415657539,-0.153523947,7.330084273,0.845874007,0.026452704,6.652614733,0.87125391,670.6089966,47.25589109,1.840771005,0.581108555,0.090810337,27.61472037,2.482233079
USGS_03219500,SimulationRaw,0,,,0.027999124,0.046957832,23.49070526,27.55689009,1.434612764,0.698918149,0.809183701,0.170017795,0.014070813,1.316865752,5.106990424,9.32474047,0.513548774,7.795003817,0.492394971,0.783749858,6.904861656,0.549657693,863.1231591,22.93743639,1.391161733,0.877098771,0.038798328,210.6522284,1.722819132
USGS_03221000,SimulationRaw,0,1924,1924,0.041111416,0.026189984,24.8949179,11.44083668,1.630283303,0.544864012,0.892286036,0.098585741,0.070426864,1.301848423,5.321445982,8.041836193,0.333257089,8.746365717,0.301913489,0.782961625,5.636898946,0.328531084,290.802101,81.05618397,1.489971742,0.525688839,0.060789906,117.9262129,2.114512714
USGS_03230500,SimulationRaw,0,,,0.025545515,0.045505541,20.55709167,33.7705321,1.457682818,0.81985341,0.848277554,0.171967151,0.062552428,1.440736077,6.173814142,7.435414728,-2.358321712,1.232358804,0.186297307,0.19415581,6.861748621,0.982085306,449.3232011,70.16392905,1.622961588,0.698227921,0.021274888,286.404142,2.336385098
USGS_03240000,SimulationRaw,0,,,0.039293089,0.042412745,10.44320444,10.13841614,1.798434321,0.6036184,0.801054494,0.003543244,0.112325051,1.139524442,4.606601266,3.335495613,-3.062868644,0.695367653,0.061554014,0.056775022,5.650718777,0.902689712,865.1312181,9.633204817,1.170723517,0.517013693,0.041244681,170.3559322,1.485128781
USGS_03263000,SimulationRaw,0,1852,1852,0.023467021,0.054309805,23.72480784,34.47931939,1.876030219,0.987484404,0.687092272,0.165892073,0.093665927,1.341666893,5.630661032,6.948374947,-2.129191922,1.403766038,0.55067163,0.765011886,6.559352813,0.895710972,498.3475719,96.05550079,1.230891939,0.579091443,0.084324196,116.335287,1.791788876
USGS_03265000,SimulationRaw,0,,,0.041039729,0.066853985,18.53690177,23.23137981,1.840697052,0.252108239,0.762476044,0.045850465,0.120619109,1.191762364,4.506283795,8.720280775,-0.99469854,4.544803157,0.952234626,0.698371631,5.355216387,0.998038023,561.2130636,0.846394165,0.443827196,0.601168063,0.092106516,22.62548148,1.442294096
USGS_03266000,SimulationRaw,0,,,0.033532409,0.037350841,21.79139346,39.54597581,1.680724542,0.908244555,0.850161004,0.005268338,0.126326724,1.188966588,5.830702903,8.807891719,-0.619924367,3.164487035,0.106767741,0.123741206,5.303160417,0.425247567,563.5448118,6.412938254,1.308136269,0.654315651,0.094666166,240.7332182,1.566349974
USGS_03267000,SimulationRaw,0,,,0.03056299,0.025160787,15.23018435,15.50409444,0.943421314,0.766355488,0.776740626,0.122580642,0.030953619,1.38382615,6.269145329,8.576019077,0.591521516,6.563455766,0.064170493,0.489258284,1.615359916,0.743264202,1295.568232,20.25124238,0.2390406,0.274326358,0.030390518,20.28915027,1.374667465
USGS_03267900,SimulationRaw,0,,,0.022187944,0.048612938,10.07462851,10.11234021,1.848326774,0.687621845,0.780465211,0.146654618,0.067615612,0.788893367,6.099494789,5.185878779,-0.51898618,5.455155214,0.2331805,0.628783832,1.953389992,0.670171025,1256.288364,3.845975603,1.692292753,0.256952637,0.032264676,110.9739776,1.223490932
USGS_03270500,SimulationRaw,0,1852,1973,0.045292456,0.063148057,21.83199918,36.93475015,1.042837145,0.877487506,0.793480609,0.005317859,0.07954153,1.473422416,6.191286704,3.606211586,-0.472384073,2.491453243,0.80262875,0.104727378,5.435892178,0.944888101,684.417526,1.178387615,1.713287626,0.51759489,0.073748658,63.59287969,2.365734601
USGS_03274000,SimulationRaw,0,1852,1973,0.012763205,0.061612395,24.51782521,24.55681304,1.406675694,0.66437224,0.887779411,0.010893783,0.103259477,1.064679691,4.657726682,6.060711351,-3.090211831,1.094936284,0.041445173,0.30267577,6.588592344,0.836530478,1211.254334,3.202641232,0.142554277,0.51007572,0.085887467,100.7342266,1.565708551
USGS_03275000,SimulationRaw,0,,,0.006964548,0.018447452,20.28381867,37.3667202,1.814381455,0.394619376,0.75111792,0.017222741,0.029126032,0.889542669,5.349926534,5.138661593,-0.033705385,3.218964986,0.960040839,0.037637181,4.551428597,0.807382131,779.7980079,2.581934709,0.201471798,0.47051159,0.031624992,10.95174238,1.029297446
USGS_03275600,SimulationRaw,0,1959,1959,0.033931737,0.058906537,16.90260041,11.05061883,1.160977396,0.813529678,0.878934097,0.128462999,0.051529615,1.203456881,4.665814612,7.741393962,0.499764497,8.870047477,0.939583528,0.43569715,1.986876717,0.736988768,434.5319342,3.436292736,1.214424105,0.531944388,0.075128816,233.3460545,1.073755307
USGS_03280000,SimulationRaw,0,1950,1975,0.026676865,0.008533468,21.43761311,37.8128617,0.886555886,0.715792678,0.754518286,0.065659946,0.080160502,0.961706562,5.415664427,6.412497803,-1.528571561,2.509319205,0.233383793,0.174293534,4.318301851,0.633891638,440.91038,1.52454787,1.869872462,0.513856427,0.097050124,58.24385796,1.28036277
USGS_03281500,SimulationRaw,0,1963,1974,0.042467711,0.021257635,23.11025376,2.86129866,1.380133643,0.266795177,0.870377469,0.13205143,0.053215957,1.002383103,4.867706845,6.742366693,-4.84869077,8.785436552,0.38318243,0.678519542,3.926196504,0.337259829,321.9541039,2.199403913,0.383584237,0.74973421,0.060922345,195.4997085,1.387313947
USGS_03282000,SimulationRaw,0,1950,1975,0.027513896,0.049149426,13.47831062,34.48614902,1.921534106,0.971277149,0.762840197,0.088025177,0.059252605,1.438736099,5.699043412,6.873224128,-1.941540284,1.456254183,0.630811721,0.187914426,6.006300124,0.460060939,497.6774593,26.74695292,0.458061568,0.626082628,0.058860669,84.47571854,2.27758353
USGS_03287500,SimulationRaw,0,1844,1988,0.03345471,0.048462745,12.63621528,45.14598138,1.81712428,0.431536924,0.729630405,0.124964706,0.043708041,0.855183309,5.967229339,1.795438876,-4.361895356,15.57565024,0.687818802,0.312450698,6.191207576,0.448985129,276.8215757,2.148567208,0.249428595,0.286712028,0.098182702,118.7357693,2.281241791
USGS_03289500,SimulationRaw,0,1988,1988,0.014921487,0.067896902,4.643375709,28.99472345,0.891542013,0.177003277,0.762613525,0.172835989,0.136922432,1.055180188,4.58323923,0.373446678,-2.725478975,13.4648168,0.104727752,0.217081377,3.544073056,0.464223581,238.981826,2.942870046,0.207323766,0.631557872,0.096839461,114.0470476,1.238613342
USGS_03301500,SimulationRaw,0,1963,1991,0.040430882,0.033038824,14.60656897,33.67515346,1.730443899,0.763917139,0.890489912,0.072770556,0.157666002,1.301779545,5.760525078,8.327653817,-2.325112768,17.94330258,0.543546914,0.776962058,6.319007156,0.307569594,203.5250145,72.11724233,0.583159592,0.627262841,0.029950976,256.36162,1.734706998
USGS_03303000,SimulationRaw,0,1963,1963,0.007630309,0.037077209,25.14974286,23.85230521,0.970916759,0.760883968,0.874579633,0.032085076,0.138146759,1.172662143,5.239201455,4.19849629,1.529850121,1.241386064,0.203693405,0.178526483,2.025459527,0.404431128,140.7064271,5.762591605,1.612831416,0.551212408,0.095240511,143.8219551,1.010546589
USGS_03310300,SimulationRaw,0,1977,1986,0.02149769,0.017998897,25.56488141,7.537374633,1.870154589,0.871682621,0.804134314,0.131804411,0.153350777,1.389272364,5.432488852,3.070363403,-4.564102678,17.60051691,0.945188303,0.539525926,2.629324595,0.876890944,349.5128534,17.52647127,0.707049108,0.514112472,0.070468386,59.94269391,1.27330038
USGS_03326500,SimulationRaw,0,,,0.022307075,0.057008028,20.72282305,44.30469474,1.819686092,0.958193489,0.854519122,0.066007414,0.044159634,1.022785857,4.618538945,3.399446584,1.137113977,12.46824283,0.527840945,0.144898551,5.121461396,0.619265003,722.1258056,54.41323761,0.206868491,0.650775741,0.072076388,2.223432321,2.256693542
USGS_03328000,SimulationRaw,0,,,0.029753109,0.052425697,21.37921629,22.66982928,1.08183857,0.971038087,0.709158794,0.171730559,0.021874819,0.97105792,3.718191298,4.037943084,-2.255580516,1.013457495,0.370378508,0.009278855,1.542417966,0.681908117,251.9472385,3.825833662,1.628131937,0.472625252,0.095866673,259.3040341,1.268373012
USGS_03328500,SimulationRaw,0,,,0.023672368,0.062712056,13.07923141,44.35726309,0.912665224,0.800089504,0.867260993,0.133918632,0.140513375,0.740430799,6.098630415,6.283832337,0.287496504,9.837273301,0.814645283,0.027038657,5.851799252,0.802718392,1659.556484,2.495714455,0.680371911,0.489132616,0.052788206,257.2748026,2.320246892
USGS_03329700,SimulationRaw,0,,,0.013795332,0.059994619,17.48452256,15.19312493,1.876677905,0.484974931,0.849437807,0.165688614,0.111740778,0.908744844,3.831783053,8.788186139,-2.283751759,4.43183734,0.27302659,0.501227857,3.82682156,0.544463823,1258.258745,61.18153364,1.176103036,0.718781669,0.051106514,128.0002941,1.619931575
USGS_03330500,SimulationRaw,0,1920,1920,0.031367446,0.068543041,11.93963037,30.74071785,1.402759521,0.525859438,0.766452739,0.003106618,0.109625645,1.472719143,4.584685739,9.331404994,-4.211880248,1.133179659,0.63150905,0.518388658,4.692793012,0.840900058,331.8148925,98.22774511,0.116332905,0.025008396,0.093075401,245.6712474,1.38714471
USGS_03331500,SimulationRaw,0,1920,1920,0.024046174,0.05743665,25.23882887,45.3036537,1.825599396,0.759057104,0.778627808,0.101962314,0.051440645,1.168331004,6.381615639,3.682079588,-1.512402353,3.834090621,0.357450225,0.160994228,1.808743844,0.675643539,340.2096453,53.66458928,0.708620455,0.048392241,0.092551869,165.5624818,2.159957785
USGS_03333050,SimulationRaw,0,1920,1925,0.02026479,0.033127162,24.87832859,39.88959813,0.824336399,0.926747711,0.857664817,0.090203671,0.008900091,1.473380889,5.442220463,0.319499295,-0.88935908,15.42958955,0.032783311,0.346605055,4.682207066,0.964729831,506.8738264,42.91887261,0.396333531,0.155042674,0.085803158,186.0682894,1.44694395
USGS_03334500,SimulationRaw,0,,,0.036832402,0.021915368,19.35247666,4.495509166,1.655023038,0.997357209,0.836335928,0.161283393,0.1390753,1.179868356,6.009696922,7.935418044,-2.239295351,2.931361303,0.326144755,0.675036579,6.600224958,0.842447468,1070.452953,3.243870761,0.489850119,0.465186427,0.066828357,11.08286971,1.496268498
USGS_03335000,SimulationRaw,0,,,0.01632483,0.067617963,21.41618429,39.70103596,1.932983138,0.857828223,0.845266271,0.035879434,0.075033082,1.061863121,5.308895959,5.183944405,-2.543304112,1.920267269,0.809809191,0.449091229,6.74919864,0.771752247,1307.782936,1.634023445,0.995127562,0.552270886,0.095175832,16.03639857,1.960954004
USGS_03336645,SimulationRaw,0,1954,1954,0.036215189,0.041808134,24.95870053,45.35583478,1.922156696,0.493565592,0.822748353,0.135859102,0.061065054,0.975729677,5.098146983,8.748019055,-2.90524764,2.482177756,0.786514836,0.388396083,4.138787085,0.378599852,201.5252546,15.08285854,1.203737772,0.569386935,0.059292279,59.02325951,2.149650273
USGS_03339000,SimulationRaw,0,1954,1954,0.023990884,0.062734459,25.2783971,42.70725127,1.593718348,0.486356287,0.704950106,0.164022927,0.058455408,0.84271465,5.418971265,1.343808073,-1.58249242,2.67864799,0.329692843,0.080314,6.920559557,0.591338117,448.3274998,24.06974639,1.54091501,0.505196628,0.059223928,28.58214511,1.832825541
USGS_03339500,SimulationRaw,0,,,0.022722755,0.039517753,17.38827345,7.595597604,1.237222961,0.369023228,0.882371998,0.103795085,0.081527944,1.421350296,5.267748427,2.693221708,-2.666737363,2.67343763,0.45098852,0.374444371,6.780059649,0.301761261,816.3505258,25.84355374,1.769831938,0.736578163,0.04477108,83.21972461,1.45013896
USGS_03345500,SimulationRaw,0,,,0.032813766,0.032754446,17.62319632,23.353987,1.761854584,0.647794365,0.731544821,0.131483518,0.008863148,1.478408287,4.178861593,1.653099204,1.27247297,16.12677446,0.747698235,0.261120515,6.776248174,0.58468698,395.1981353,0.789699052,1.535144406,0.21541717,0.046432953,168.087667,1.078208572
USGS_03349000,SimulationRaw,0,1955,1959,0.047217505,0.049611661,24.40959204,41.34975291,1.882407821,0.923839134,0.740564024,0.055458763,0.032519644,1.238283706,6.257135375,9.251563887,-0.584187157,6.355764087,0.679884321,0.623107753,2.570656387,0.778184465,245.7984677,1.29343934,0.386261784,0.467264296,0.074675232,234.0942576,1.77036123
USGS_03351000,SimulationRaw,0,1955,1959,0.021290918,0.060833657,17.97953592,42.36456692,1.589497659,0.802260505,0.764859648,0.13343356,0.123592039,0.943889923,5.066984107,5.614892098,-2.636177847,1.688141128,0.468758208,0.319683665,3.099323112,0.827746251,559.0214238,3.144787052,0.520575807,0.659733903,0.023932927,215.8201897,2.49658835
USGS_03351500,SimulationRaw,0,,,0.04630414,0.029412155,18.70467098,45.2368407,1.385240391,0.907260438,0.890410755,0.090423868,0.036078473,1.074157047,6.050594696,1.66587426,-2.437708944,1.641296265,0.421503996,0.024870389,1.376097802,0.75382638,375.0174921,33.9719542,0.606260083,0.426287781,0.072872321,10.26331211,1.317696523
USGS_03361500,SimulationRaw,0,1974,1981,0.039648554,0.060949091,22.85033658,40.35359836,0.854051962,0.198498561,0.860176814,0.15732819,0.068210169,1.293492241,4.637524903,1.440829418,0.542395357,5.744596349,0.444315101,0.167327701,1.096465455,0.495242662,136.7817945,2.565446548,1.766066051,0.387951879,0.038833252,232.4437502,1.470545148
USGS_03362500,SimulationRaw,0,,,0.041367871,0.061426153,17.20422771,42.50921716,1.786264833,0.521618092,0.86615512,0.072438264,0.136427978,1.160810119,4.807079631,2.625394959,0.575133209,16.31633402,0.442201469,0.327529571,4.849001378,0.777312685,609.9398943,2.605799078,0.362853432,0.59160099,0.080879005,64.91767991,1.9739727
USGS_03363500,SimulationRaw,0,,,0.040579713,0.049833413,22.2562962,40.47905159,1.941986006,0.703196875,0.859921837,0.063714661,0.047650052,1.245804669,3.823625938,8.401220088,-3.432227151,0.738720629,0.304990986,0.325853204,2.791051104,0.536392842,434.2336354,24.06920567,1.44295466,0.837235627,0.04632135,188.9690109,1.510811638
USGS_03363900,SimulationRaw,0,,,0.034640777,0.067585836,24.16375217,45.1842377,1.94253626,0.765991683,0.808712066,0.108743832,0.100572276,1.481273142,5.509704229,4.679199221,-2.426428238,16.18643887,0.05936073,0.551063473,6.257444511,0.828747861,478.1476748,3.171201403,1.918538237,0.497795652,0.084572518,35.37813345,1.861202639
USGS_03364000,SimulationRaw,0,1952,1981,0.043479793,0.033565219,25.31940881,34.58760513,1.9181219,0.883559545,0.808129675,0.077483458,0.024541238,0.676747129,4.966041969,5.103172371,-3.639648513,0.839959279,0.26674848,0.707544843,6.711468662,0.915299504,736.6223652,1.711549471,1.770074212,0.457123715,0.089773892,229.5758673,2.464598417
USGS_03365500,SimulationRaw,0,1947,2002,0.024475436,0.061125362,24.50223622,35.01585761,1.906604872,0.893476419,0.724080728,0.02356429,0.039315745,1.056746772,5.18993675,2.89103713,-0.61228314,11.62392231,0.838129096,0.427741194,5.693888019,0.808147025,458.1239128,2.876651465,0.562034109,0.407114329,0.097330248,214.0358884,2.46538975
USGS_03371500,SimulationRaw,0,1947,2002,0.025243281,0.056289259,19.75976456,46.27490852,1.17756556,0.466727087,0.718246465,0.087222605,0.051147229,0.675260742,3.767515117,3.299469036,-3.042114391,6.441944758,0.431779794,0.259882952,6.574416672,0.82108873,437.5361059,0.81666082,1.341800324,0.161058861,0.098074419,177.2786885,2.381887355
USGS_03381500,SimulationRaw,0,1957,1975,0.042508465,0.048429257,19.84414234,17.31274534,1.366681389,0.363992309,0.74248635,0.073303052,0.133378938,1.066816026,3.908577877,5.249362752,-2.300873017,18.24003838,0.191847302,0.189592077,6.640299859,0.304559591,259.705043,82.61693206,1.145951827,0.041105724,0.054374346,297.1091488,1.859625498
USGS_03404000,SimulationRaw,0,1890,1978,0.028709817,0.022802601,22.72040354,45.08944547,1.098154051,0.889873535,0.693995103,0.032041786,0.032565108,0.967246576,4.252105005,3.001034281,-2.814567593,5.09352438,0.929938974,0.624728874,5.831004132,0.447214622,443.2324196,1.632520482,1.256986192,0.370462174,0.073003736,216.2536155,1.932089344
USGS_03434500,SimulationRaw,0,1914,1914,0.020472938,0.038535101,21.05895248,21.00311307,1.371213246,0.20358653,0.762822486,0.11118298,0.115953998,1.209240219,3.875734766,5.266181373,-1.558002981,19.04638408,0.964030015,0.16428177,2.713146054,0.827629597,199.9935709,7.553496734,1.022346631,0.531034882,0.088950729,246.4881977,1.233539533
USGS_03436100,SimulationRaw,0,,,0.021957633,0.043086638,13.29719493,43.76466802,1.060978114,0.787304089,0.819714797,0.172138622,0.056487659,1.375076043,3.822935109,4.953738045,-1.143386931,14.25661645,0.985147015,0.423925066,5.023749254,0.890675614,494.7428297,0.714162956,0.32643775,0.312522379,0.060650101,59.77633236,1.112333571
USGS_03438000,SimulationRaw,0,1962,1966,0.031060105,0.060329434,9.694910468,27.98919172,0.987584922,0.437300932,0.812552453,0.132595369,0.024064928,1.3363652,6.112460826,4.847104191,1.271145849,19.1737568,0.588467728,0.538689208,5.497419475,0.857058222,626.5815669,98.4413282,0.98943749,0.436663263,0.089729397,44.49019712,1.108938278
USGS_03453500,SimulationRaw,0,1918,1974,0.013763838,0.058531295,14.32168934,8.606784803,1.685565483,0.852564589,0.867443204,0.034529529,0.060186428,0.690483684,4.752728576,8.039448644,-2.333670754,7.763054319,0.734857553,0.690833328,2.51261069,0.383366741,1745.822392,8.338722492,0.917910494,0.236839419,0.075249358,249.1741558,1.480269425
USGS_03456100,SimulationRaw,0,1931,1931,0.01004044,0.062179187,15.60722126,1.394065882,1.593373343,0.206653133,0.726429377,0.157040096,0.007582508,0.81412648,6.410529067,1.527870273,-3.327494388,1.324907043,0.129554482,0.501520221,5.496805927,0.640184198,985.0901565,23.10856633,0.170085028,0.31863379,0.073984369,279.5846471,1.221451004
USGS_03456500,SimulationRaw,0,,,0.005764087,0.041941644,11.73150097,18.68015557,1.796922386,0.582181023,0.807766574,0.011973907,0.050489507,1.195140972,4.41538928,2.078406935,-3.895454184,4.075510175,0.5643901,0.375167525,5.308236675,0.72429763,488.5782131,67.58885341,1.08962794,0.378689695,0.0903517,154.3129712,1.003734397
USGS_03460000,SimulationRaw,0,,,0.038266622,0.007350755,21.49717335,19.15705241,1.172797574,0.862730512,0.769691689,0.06193994,0.063054042,1.023661209,4.822740797,1.825748627,-2.637046983,2.036230638,0.28114683,0.024889979,0.61337706,0.374271685,457.5281059,9.528405993,0.677848071,0.371487723,0.06057975,297.5673991,1.023662145
USGS_03471500,SimulationRaw,0,,,0.03556624,0.004284719,20.01742095,43.23570992,1.558897117,0.916195332,0.82298582,0.031575884,0.135694336,1.137225148,5.182568508,7.792747045,-1.144522923,3.306200272,0.943800637,0.601373389,3.952372349,0.910651828,542.4200533,8.132160097,1.918428275,0.351269046,0.042485365,42.92067733,1.270690568
USGS_03475000,SimulationRaw,0,,,0.013777827,0.004124096,20.80651182,19.97271308,1.533631672,0.208431329,0.798579035,0.14965143,0.006004017,1.288279503,3.796948097,1.710450089,-1.970443765,1.545869868,0.467174661,0.67353414,2.965733577,0.845890882,819.0465957,94.46290599,1.535740295,0.417518642,0.045845546,90.7183772,1.015416946
USGS_03497300,SimulationRaw,0,,,0.01493994,0.004099675,20.43018218,12.38887044,1.232858854,0.398426917,0.796889119,0.063076014,0.040182341,1.454054023,6.084711321,5.361117233,-1.420879656,6.759098813,0.51407296,0.667699227,1.774117608,0.746065046,100.5126544,10.62439394,1.052758319,0.431713284,0.067752427,53.20029093,1.2205041
USGS_03498500,SimulationRaw,0,,,0.009270889,0.048551912,23.70455669,38.78725926,0.704578361,0.980095699,0.782456698,0.129599198,0.033887102,0.779747044,3.625654081,8.490642584,-0.48752904,1.769014768,0.39155921,0.085147929,6.686804455,0.519087566,1450.187504,69.98076247,0.916623065,0.467179129,0.08878018,18.06872806,1.362963182
USGS_03498850,SimulationRaw,0,,,0.018751475,0.031941464,9.434405469,14.13353715,1.917790947,0.472650299,0.694040394,0.012231315,0.040242062,1.210283505,4.507506644,9.663175965,0.54624147,15.46493181,0.707889222,0.761937351,2.340790672,0.644809258,513.8282025,95.032247,1.590884845,0.477321654,0.062453611,37.62439398,1.219392917
USGS_03500000,SimulationRaw,0,1974,1974,0.004997363,0.038670114,19.25818176,20.97279692,1.338994836,0.439849418,0.819442585,0.151895169,0.124130758,1.425693086,6.208332483,9.381527393,-2.958144624,15.29034072,0.119801497,0.783185896,3.663852286,0.600448813,1830.119347,29.73472044,1.669240561,0.261873493,0.047773088,261.6484417,1.340767494
USGS_03500240,SimulationRaw,0,,,0.042917608,0.053361836,6.377988584,15.90278953,1.892225069,0.125229015,0.688532935,0.005822041,0.108325193,1.167235171,5.159326409,1.816657564,-4.397478511,10.01619143,0.811973058,0.743294094,4.153317693,0.928937863,1232.196225,59.5775242,0.343364775,0.207968414,0.034169449,30.17728845,1.347192792
USGS_03568933,SimulationRaw,0,1960,1960,0.024453849,0.020620826,15.21177185,14.97003556,1.150820048,0.667494843,0.858678549,0.038345682,0.117660861,0.980279948,4.548862581,5.023421634,-4.477559869,18.07457385,0.496243371,0.78676803,4.222424335,0.600053002,1112.116822,48.8386218,1.491781606,0.687894955,0.051683994,287.6007542,1.152116904
USGS_04024430,SimulationRaw,0,,,0.014532856,0.037803043,20.96611094,5.887654654,1.926814747,0.884629753,0.742786928,0.145500411,0.001948154,0.851814204,3.617142709,5.583357912,-3.252471765,2.716226227,0.951978976,0.765861834,2.912344801,0.780900705,270.5833827,5.315426833,0.510785645,0.438849583,0.028200535,205.6672499,2.422450639
USGS_04027000,SimulationRaw,0,,,0.043375148,0.047595344,4.276192374,20.95255418,1.724028397,0.33289326,0.732738797,0.033446875,0.068035817,1.182323129,4.842752681,0.788966781,-1.752121315,3.72259133,0.753257328,0.18298361,6.886961843,0.875438516,1472.212022,3.861739783,1.127868407,0.371183496,0.020197364,18.62288446,2.05570896
USGS_04040500,SimulationRaw,0,1912,1912,0.029230316,0.057422836,18.62994339,16.85593572,1.227461204,0.341588392,0.753866963,0.172439196,0.007446168,0.805083222,5.272869438,3.790995447,-1.669028429,7.508557551,0.91595135,0.134416101,6.308396766,0.974228893,768.6152728,92.73471193,1.666596052,0.238014049,0.077030947,54.09794883,4.400314692
USGS_04045500,SimulationRaw,0,,,0.013223821,0.065151269,14.82508725,8.356554795,0.508426388,0.846734553,0.711790709,0.159918544,0.004812692,0.903006978,5.048188078,6.935795713,-3.153402898,0.935419861,0.798120625,0.054612139,4.621825882,0.948592249,408.589336,39.8837639,1.133810126,0.043231891,0.062481789,256.5228719,1.324051
USGS_04057510,SimulationRaw,0,,,0.031482568,0.016713892,8.862742628,13.58739158,1.799425135,0.14200516,0.704214097,0.144927558,0.065597545,1.484996942,5.011192208,2.579808646,-0.67256131,3.833785696,0.7323274,0.055684284,5.640219802,0.80055423,1947.775094,2.126852438,0.144072535,0.140934065,0.027913213,178.9054869,3.652728283
USGS_04059500,SimulationRaw,0,,,0.039883091,0.013196152,19.70635707,43.43788254,1.646557197,0.268905814,0.836124509,0.036802506,0.132221091,1.45854077,6.386881213,0.954648174,-0.551647563,4.116544639,0.726839172,0.035851061,3.792271207,0.937897395,219.7328786,60.31185215,1.282646977,0.013942708,0.057915166,89.30202501,2.193245493
USGS_04060993,SimulationRaw,0,,,0.040325161,0.057005443,14.3042981,19.93383398,1.705880275,0.917471236,0.812040575,0.144859921,0.140937016,1.368564651,5.43132894,8.108947011,-4.881881151,6.031103456,0.729564211,0.022304273,1.239077565,0.727401916,251.1560958,31.71307083,0.747976779,0.089783222,0.022558551,20.68335424,2.314806573
USGS_04063700,SimulationRaw,0,,,0.030497485,0.026620388,14.59501628,13.77733545,1.34086766,0.140092183,0.878388163,0.111773727,0.071663929,1.339523484,4.288016179,0.351814852,-3.996154995,19.5327929,0.973121487,0.058456172,4.370568363,0.942977344,413.0975917,52.99028811,0.051999024,0.105374718,0.045286438,179.2824513,1.763434857
USGS_04069500,SimulationRaw,0,1910,1929,0.028403393,0.065890725,22.49798698,30.05323953,1.79984117,0.622050126,0.769944505,0.111264144,0.120195374,1.260013662,3.720774134,6.917022415,-4.43611686,5.642851844,0.957001742,0.102847464,1.344366395,0.453593371,347.797526,29.15172084,0.754081161,0.172680191,0.031884228,95.11093957,3.374999134
USGS_04071000,SimulationRaw,0,1971,1971,0.044770905,0.022856172,20.40939438,33.46578003,1.975574707,0.333010824,0.689573562,0.007540928,0.068795898,0.699443002,6.317166743,8.73258054,-4.037320641,4.260144104,0.385025151,0.527289443,1.128400613,0.392760817,390.0291727,5.107657551,1.939989899,0.092305439,0.020603768,32.87392613,2.953549579
USGS_04074950,SimulationRaw,0,,,0.005769718,0.056293925,24.82641937,10.94056773,1.847887531,0.123975851,0.873084917,0.170017282,0.114492618,1.149115581,5.22826839,8.78967915,-4.570668678,7.160802361,0.5790248,0.192663088,0.625797005,0.426434406,160.6455292,14.55625753,0.124476157,0.048725965,0.024661657,287.6873942,1.421073344
USGS_04079000,SimulationRaw,0,1968,1968,0.032076082,0.060504774,19.87124016,34.42030754,1.823092048,0.23491297,0.759919523,0.016217935,0.044428473,1.296744081,5.329289951,9.488816199,-3.534080618,14.32002166,0.885240844,0.108393548,1.11858662,0.333413326,364.6939512,61.97959136,1.89171488,0.045634484,0.031842451,167.9979864,4.08507762
USGS_04085427,SimulationRaw,0,,,0.046079765,0.055444698,21.79914222,36.08691734,1.757001448,0.415070547,0.752477208,0.049160981,0.051138662,1.334624413,5.190281269,7.294755644,-2.431696483,12.65546564,0.624614428,0.098483,5.748597572,0.305103398,326.3735877,70.47132786,0.215319075,0.411146124,0.087291294,278.6621481,2.698111385
USGS_04086000,SimulationRaw,0,,,0.037377148,0.060871416,23.69285924,17.6049062,0.890796075,0.350607301,0.833584962,0.006198594,0.072660881,0.99732509,3.841141448,3.084914364,-3.511168547,18.98910964,0.353856809,0.250377827,1.622533457,0.449903855,361.149222,27.61412357,1.22228789,0.338845976,0.079609759,181.8443107,2.166555096
USGS_04086600,SimulationRaw,0,,,0.032444937,0.049559455,20.30479653,36.42271145,1.864884393,0.635219348,0.827923295,0.097888398,0.093020461,0.712854241,4.275939563,3.83690425,-4.382016223,7.08358092,0.188338132,0.556213429,2.597471799,0.808365211,309.4955545,90.07549828,1.457260795,0.200233817,0.069729549,20.20036655,2.41345916
USGS_04087000,SimulationRaw,0,,,0.023954816,0.065483515,25.06362848,30.58422441,1.479118884,0.243038904,0.794054086,0.15458367,0.111755037,1.447142979,4.629611536,0.476135429,-4.360146719,13.29946344,0.685705692,0.623710922,1.467016258,0.481219412,322.0911722,2.270570167,1.672964765,0.288770167,0.065519344,123.2030787,1.822950025
USGS_04096405,SimulationRaw,0,,,0.019049328,0.067175614,17.56028561,39.97745145,1.920396194,0.786570533,0.796455022,0.034126514,0.011090082,1.181921834,5.079239049,6.026281534,0.095718196,7.311862285,0.171964764,0.108978381,2.235295076,0.82562997,478.0480036,16.42304896,1.007393386,0.061546942,0.054717221,223.4777349,1.061488978
USGS_04096515,SimulationRaw,0,,,0.026974221,0.026036939,19.52796814,45.97710446,1.923645139,0.797013744,0.747648906,0.173504475,0.077087501,1.363699727,4.650001565,0.756052803,0.094117909,11.62244738,0.844595669,0.138235199,6.807631241,0.94879203,556.0159121,34.57433576,0.340200773,0.084535931,0.097658964,164.8736475,1.474635047
USGS_04099750,SimulationRaw,0,,,0.022163772,0.061762752,23.32638919,43.38141428,1.716966115,0.165772808,0.720906007,0.161638271,0.001110486,1.267163118,4.190835547,9.22672955,-2.024636238,2.096915828,0.336212643,0.57326981,0.698858741,0.304858177,433.4092215,99.97366278,1.162867712,0.103767567,0.051373709,102.1177074,1.838432628
USGS_04100222,SimulationRaw,0,1837,1837,0.025254847,0.062664893,17.00012932,16.24094595,0.90012834,0.578934194,0.83250896,0.165773251,0.138447865,0.678206397,5.301222317,3.926040556,-0.324990973,11.83730585,0.864639732,0.671227518,3.973216335,0.905980227,978.6446297,85.83597672,1.080458968,0.04517445,0.097008175,176.2253686,1.265148289
USGS_04100500,SimulationRaw,0,1837,1837,0.033891794,0.05830836,21.18409368,44.65564611,0.909330329,0.886565825,0.737789719,0.022658636,0.139054966,0.946440893,4.207836361,0.412041665,-1.101850107,4.471919553,0.811915186,0.112406784,3.617130177,0.854151101,775.3558151,19.81250106,1.127059131,0.133571075,0.056690111,55.49466592,1.63908113
USGS_04101000,SimulationRaw,0,1837,1972,0.02520741,0.045695879,19.81793943,35.81483323,1.483597695,0.577404095,0.685398639,0.071207424,0.090218309,0.995307424,6.461130667,9.144498218,0.032915614,7.311484791,0.056482713,0.021565601,0.967334196,0.594725932,271.3373119,52.02688139,0.389703045,0.052762149,0.035734057,85.3856587,1.291980461
USGS_04101500,SimulationRaw,0,1837,1972,0.041453743,0.040729279,19.76090758,42.67478083,1.434901999,0.546430632,0.721376225,0.039922334,0.103379245,1.37239626,5.490949332,1.661065015,-0.158507122,11.60877852,0.937890962,0.281991387,1.188378761,0.814225017,408.634689,62.68699731,1.692532392,0.0399515,0.040768655,164.6848138,1.375023636
USGS_04101800,SimulationRaw,0,,,0.018671371,0.059077519,19.12387739,44.90827763,1.580726987,0.628082291,0.861399511,0.172200684,0.044753405,1.457851241,5.079131133,2.522504177,-1.102345479,2.807087139,0.539469,0.064260362,0.843211023,0.539922246,388.0034265,85.78121796,0.488588044,0.109808433,0.02219246,102.021049,1.303154661
USGS_04102500,SimulationRaw,0,,,0.031264932,0.059026746,25.38521911,23.0781591,1.176485572,0.635467592,0.770198952,0.156932021,0.124021763,1.360837982,5.192617219,2.306849633,-2.952788603,2.208438464,0.306747536,0.085920311,0.722744151,0.350855695,424.9684141,19.31800817,1.907472732,0.096801865,0.035067608,130.1058443,1.812118704
USGS_04102700,SimulationRaw,0,,,0.023369516,0.056663628,20.96921929,19.19732772,1.339593567,0.269809568,0.707292135,0.129025836,0.126882827,0.996388002,3.540681146,8.201278608,-3.214527596,19.86567469,0.298496736,0.66339911,2.379252809,0.671617694,1035.012727,14.15047673,0.255116372,0.362934182,0.090313451,212.5483098,3.313330787
USGS_04105000,SimulationRaw,0,,,0.02803232,0.063269567,21.21880186,30.15142781,1.793175181,0.540709254,0.841851216,0.08242539,0.144374767,1.23967393,4.981937075,5.945687446,-1.711053283,3.107574576,0.961862184,0.327472163,1.904856721,0.741989403,430.2945931,1.054237941,0.307122474,0.15785981,0.060545685,32.87724026,1.51967212
USGS_04105500,SimulationRaw,0,,,0.020439513,0.053243724,17.41673031,34.43388001,1.863231769,0.854177257,0.764622741,0.059354884,0.028048451,0.712690716,4.842857938,6.744854612,-1.924746565,3.874522566,0.753485067,0.265178129,1.573844026,0.633130254,783.8123695,60.15244976,0.32193234,0.080713818,0.043662684,255.738684,2.2372757
USGS_04105700,SimulationRaw,0,,,0.045399762,0.055157108,7.513355606,16.48306203,0.689485294,0.748118117,0.818590097,0.046999851,0.149699773,1.282022352,6.232732748,0.932558666,-3.836646938,1.031610101,0.196569369,0.477599233,1.433080513,0.6616112,1824.891652,7.952826276,0.806319305,0.091526858,0.020090638,222.3720583,1.010275033
USGS_04106000,SimulationRaw,0,1941,1941,0.044485347,0.060637104,23.58898769,44.94978388,1.908409727,0.717543313,0.811998029,0.04076949,0.10910959,1.250008206,6.164378672,4.195524959,-4.056117465,1.164500295,0.913165943,0.338959399,1.397577772,0.337629465,1188.361632,68.52540964,0.758615904,0.201168684,0.020317534,127.1801672,5.898176977
USGS_04106400,SimulationRaw,0,,,0.037564966,0.055395216,24.70219555,39.38047933,1.287714027,0.896036947,0.878943221,0.118873847,0.046454847,0.999223742,5.313995762,3.572895058,-2.383761668,2.592107668,0.414531506,0.791073528,2.629783448,0.500555181,1896.848623,25.98730092,0.36759412,0.12766589,0.026466467,262.6906897,1.072050546
USGS_04112500,SimulationRaw,0,,,0.041759997,0.040740199,14.87788239,34.89638938,1.124527046,0.95244574,0.783467849,0.045344889,0.060086313,1.348423926,3.531462892,1.584860086,-1.458020249,6.548297678,0.293213991,0.084748992,6.945982056,0.505830778,708.8450792,2.519277606,1.811891634,0.212723425,0.082267774,215.4152751,1.570730765
USGS_04113000,SimulationRaw,0,1911,1957,0.029252431,0.043038752,24.31158571,43.92259906,0.934189482,0.349831576,0.752659768,0.025578124,0.154163511,1.449875169,3.855591988,3.794800809,-2.204211243,17.27326822,0.977421784,0.047622573,3.03091633,0.818513055,355.5807516,39.21893168,0.718494662,0.165519698,0.082100164,276.852849,1.68292089
USGS_04115000,SimulationRaw,0,,,0.044860544,0.061928093,19.22855775,34.12071531,1.048310289,0.411078796,0.80158698,0.095176073,0.128990195,1.448017334,5.136292487,9.840536728,1.377149077,17.2701092,0.11462669,0.598532242,5.080655825,0.33211729,802.2693791,15.03977256,0.999653276,0.42730472,0.082413234,215.5036943,3.997250795
USGS_04116000,SimulationRaw,0,1907,1957,0.026600353,0.062438423,20.43235355,42.66736248,1.776716591,0.917453501,0.71894157,0.088546299,0.058784287,1.005420051,5.583512117,6.119412105,-0.76036921,3.672459186,0.915931135,0.225960316,1.923081049,0.550704256,348.3788941,22.05285805,0.299200792,0.144384522,0.090236997,164.3710755,2.329428354
USGS_04117500,SimulationRaw,0,,,0.022899439,0.066711682,19.42851365,45.03510304,1.61265632,0.38407515,0.790285059,0.022842755,0.154733684,1.371590761,4.571523117,5.024717465,-1.812567432,1.704219855,0.407985407,0.018596035,3.559341779,0.692397876,916.6714533,1.05430187,0.742848616,0.281271247,0.054807072,147.9531331,3.619558952
USGS_04118500,SimulationRaw,0,,,0.045038889,0.053907773,13.21633734,17.51321458,0.96589548,0.79731451,0.707228165,0.140805074,0.155644561,1.456495501,4.489035308,8.005729707,-3.863809014,1.306607593,0.620994757,0.225398809,2.59761743,0.842774741,786.2526408,2.176037157,0.794821597,0.148582021,0.022485712,67.94992499,1.522472129
USGS_04119000,SimulationRaw,0,1907,1981,0.013094366,0.065722954,20.44112853,34.39430084,1.709038611,0.386369807,0.769421346,0.004676415,0.04204412,1.233420835,6.2999055,3.820007846,-1.017908643,1.998096528,0.19295242,0.048546433,5.975424394,0.801164383,1922.535189,2.640082232,1.071085673,0.133235588,0.070893341,273.2680043,3.812548602
USGS_04121300,SimulationRaw,0,,,0.025576124,0.066907679,22.3079301,18.51340084,1.172542999,0.826733444,0.700040054,0.07529306,0.150080569,0.96731064,6.306739732,8.743368228,-4.403746565,16.97740922,0.561454265,0.547754741,2.467146963,0.76911576,1132.190946,1.123847022,1.333884715,0.075480683,0.03142752,135.2625891,1.734888415
USGS_04121500,SimulationRaw,0,1955,1956,0.010506352,0.050457429,25.06962797,23.3439384,1.580335617,0.970397208,0.750293217,0.042761891,0.111366778,0.929391696,5.078116957,6.045890878,-2.982738503,2.690431476,0.695014633,0.179915505,3.174097883,0.944312331,510.690132,29.51968592,0.113230936,0.078362276,0.04497098,80.35364258,1.290801685
USGS_04122200,SimulationRaw,0,,,0.018333369,0.025692732,14.54479341,45.70159673,1.415465916,0.326312998,0.717936922,0.088775779,0.109407337,1.036550659,3.590534922,4.21750472,-3.23245657,15.61096061,0.287700751,0.112962421,1.591058028,0.770977144,933.9317469,4.066632471,1.034451875,0.098028821,0.023926629,63.20195653,2.419465576
USGS_04122500,SimulationRaw,0,,,0.044770615,0.063699663,21.74314015,43.04592678,1.402235866,0.584872456,0.871159265,0.08684847,0.084284843,1.414143412,5.230349584,5.569880098,-4.013233715,14.06674895,0.170648459,0.595503875,0.908523845,0.707685816,468.3275289,70.89186208,1.572499687,0.061500883,0.021084461,217.4194422,1.945252898
USGS_04127997,SimulationRaw,0,,,0.024548865,0.063839119,24.68294684,38.45709202,1.233110807,0.951524588,0.871611076,0.126533444,0.059457522,0.887226951,6.493830664,1.545445366,-4.48464003,6.201731211,0.044899113,0.009712653,1.080987258,0.811314903,1088.452846,24.77670862,0.442901117,0.094768697,0.020387372,222.8319174,2.409988181
USGS_04128990,SimulationRaw,0,,,0.01249642,0.064058596,9.48563253,6.62739285,1.979480785,0.698955268,0.815111548,0.118895731,0.043650791,1.052986441,4.860531428,8.177563623,-2.93929106,2.759608198,0.105878831,0.006147496,0.732646155,0.803917905,402.8729538,16.09614257,1.446961822,0.121748701,0.021675825,47.57767667,1.115527519
USGS_04135700,SimulationRaw,0,,,0.040333697,0.060590777,25.36478938,45.31275291,1.770430962,0.66683604,0.897251715,0.029378501,0.089796527,1.463693159,4.546783382,7.074693863,-3.693760722,10.23853184,0.982275537,0.62426806,1.807132806,0.424348589,1657.962736,41.06889572,1.633186793,0.122729617,0.021895971,296.4042802,5.631517798
USGS_04136500,SimulationRaw,0,1917,1917,0.025831276,0.045841388,19.4844617,29.6067357,1.909702412,0.838517689,0.784934085,0.058921857,0.155599594,1.266597205,6.47011685,4.152120746,-4.874950155,14.59262251,0.61368278,0.019497921,1.14985129,0.823431569,837.8417862,46.63722551,0.574637502,0.039175707,0.020843937,139.6480902,1.144795658
USGS_04142000,SimulationRaw,0,1964,1971,0.045538091,0.033682836,16.3285207,43.24757552,1.97572489,0.72433651,0.833710222,0.058399226,0.068034323,1.327457901,6.284241383,0.424797345,-1.470966722,2.814395302,0.249377276,0.218041935,1.700305939,0.994847384,241.1124057,11.98933874,1.145938139,0.185989327,0.029363043,150.1456066,1.585444852
USGS_04146063,SimulationRaw,0,,,0.041715151,0.056929063,18.8691034,43.50022471,1.098218111,0.8405971,0.733993052,0.166916698,0.136367478,1.12560988,5.331881583,7.408328666,-1.21840536,14.61313569,0.811899033,0.247479322,2.943194713,0.90646858,254.1898513,21.57746686,0.528463713,0.134230619,0.083638267,264.046252,1.824692132
USGS_04148500,SimulationRaw,0,1954,1971,0.033242182,0.068703176,19.85484885,41.21914416,1.616393568,0.740168305,0.861418609,0.109684662,0.030270062,1.130888666,5.506783883,4.933413486,0.708544264,9.641488738,0.69586313,0.022008234,2.611085594,0.84826558,316.0816204,61.72025979,1.133472117,0.193186978,0.085198879,44.24311324,2.218512615
USGS_04151500,SimulationRaw,0,,,0.035033996,0.062549661,24.38478238,39.67180092,1.283876962,0.876797772,0.873645409,0.160306849,0.078072664,1.187756448,3.813091301,5.624888954,0.597572537,11.92117416,0.911205161,0.290675465,6.663691867,0.682086845,936.2684512,99.23012987,1.113124333,0.560862494,0.07812465,289.9293458,2.732518063
USGS_04152238,SimulationRaw,0,,,0.026885642,0.020812061,23.12629098,32.51506371,1.238352735,0.390891396,0.875964785,0.081318667,0.037595572,1.255300469,5.880761518,7.584140103,-1.903522228,2.558387809,0.103112396,0.750379189,1.501390469,0.894773739,589.0129457,63.57763848,1.378606562,0.214937873,0.026165124,13.65284255,2.169308902
USGS_04154000,SimulationRaw,0,1954,1967,0.04461539,0.05311444,18.29692744,37.06469425,1.239049989,0.818864368,0.895354794,0.159067691,0.024674352,1.01836893,4.758105101,8.706653246,-1.175546692,5.315990717,0.410903346,0.088922598,0.899964523,0.510553705,459.3805537,21.89981165,1.515069738,0.134548028,0.035519799,170.297303,1.973538988
USGS_04155500,SimulationRaw,0,,,0.041170723,0.030562726,21.26301971,43.15912183,1.51937392,0.975170515,0.790406614,0.065326157,0.031675676,1.117571996,4.450813106,7.4243956,-0.225411927,4.371189679,0.144432221,0.025140901,1.322573986,0.553143492,449.3362278,20.79226061,1.613010666,0.222132778,0.068616111,140.8554035,2.209978533
USGS_04156000,SimulationRaw,0,1925,1976,0.034840883,0.057072136,14.28261368,44.0076225,1.736135502,0.109138102,0.876297184,0.093531546,0.045531189,1.051520681,5.791087032,0.9709021,-1.584765085,4.170758005,0.665708203,0.043267818,2.235336126,0.731284199,330.2041986,75.81170798,1.030127718,0.254783261,0.07351963,20.48865865,1.63951451
USGS_04164000,SimulationRaw,0,1961,1961,0.044599566,0.033575069,5.78218947,37.93518721,1.219792188,0.226466778,0.687501081,0.162505212,0.126181982,0.863527475,5.90595964,6.340368459,-0.214205922,5.827648313,0.701584452,0.064003536,1.834976377,0.73773011,545.1131131,30.21784444,0.509284206,0.244408337,0.069689071,21.82663907,1.206733017
USGS_04165500,SimulationRaw,0,1961,1961,0.00960985,0.028468092,21.21881187,38.8644586,0.912591205,0.687852259,0.846353691,0.163167103,0.0303148,1.015997146,4.982678242,7.696117407,-0.800677072,4.169158784,0.444239828,0.326070157,4.885734968,0.951876946,586.7129769,67.36873579,0.676241599,0.255147857,0.081649713,153.2552153,1.372486115
USGS_04170000,SimulationRaw,0,1964,1964,0.027075173,0.063480137,13.7873684,24.46622228,1.840962348,0.974121906,0.896332604,0.089077239,0.034926027,1.204743073,5.563939099,4.926303163,-3.573813446,7.00015113,0.690209074,0.110161826,3.482899026,0.936183099,1480.485589,88.87930118,1.356764492,0.111097731,0.065029858,220.1086955,1.346941384
USGS_04178000,SimulationRaw,0,1832,1832,0.024383714,0.033692016,21.66373173,39.25378014,1.159601239,0.419314541,0.741159574,0.074472787,0.042652715,1.254082016,3.592249269,7.025969742,-0.930566436,4.852560257,0.77631048,0.093298554,6.477710795,0.518618964,462.4103914,9.903736339,0.081685113,0.254081122,0.095066279,168.9605009,2.419809849
USGS_04180000,SimulationRaw,0,,,0.017576831,0.055538874,23.89768284,29.18639658,1.464805361,0.769044194,0.833537115,0.110729443,0.138705136,1.470265157,6.070596742,1.881234419,-1.566148416,4.845402914,0.971880763,0.560566498,6.602025371,0.927441789,1585.935478,1.857749964,1.085252085,0.612399607,0.088060423,20.55252887,1.531976472
USGS_04180500,SimulationRaw,0,1832,1832,0.038391469,0.064427448,21.3109738,44.45480886,1.011812729,0.270034193,0.747998871,0.015001243,0.136488764,1.172117479,6.216806953,4.067468065,-0.738151014,10.70657326,0.033743749,0.383556514,6.924405832,0.925027532,399.6235573,52.09670857,0.095237571,0.399044585,0.098990612,163.3699494,2.169062364
USGS_04185000,SimulationRaw,0,,,0.028448257,0.056641212,25.73437909,28.90542538,1.925893653,0.677189496,0.809173845,0.062876971,0.054682675,1.091996246,5.093852053,4.139969881,0.547758179,13.66175995,0.805613275,0.53772803,3.450826442,0.3633816,186.8489208,14.07447922,1.602425315,0.218366444,0.08292975,255.5821814,2.046240911
USGS_04192500,SimulationRaw,0,1832,1971,0.044691065,0.045258768,23.17894053,29.97484551,1.88134758,0.476092903,0.872437631,0.143852231,0.104085243,0.965093723,5.912855885,3.122930187,-0.590566458,4.190063752,0.612957448,0.225022518,6.382830473,0.300624515,195.3280585,88.6978114,1.631570398,0.362536695,0.097688682,234.991173,2.00660823
USGS_04193500,SimulationRaw,0,1832,1971,0.02822976,0.04967899,24.06857719,34.99719244,1.988164138,0.606383503,0.783531307,0.147105159,0.14489966,1.110722513,5.419791511,5.202387841,0.332731374,8.852786125,0.920587007,0.113144433,4.61664598,0.349910273,237.5581788,0.789855457,0.577388876,0.259698105,0.089283887,261.6362208,1.734272091
USGS_04198000,SimulationRaw,0,1971,1971,0.045600983,0.059477046,21.27273961,30.17011763,1.686116736,0.880750444,0.768510688,0.042623879,0.06115725,1.28516534,5.414903883,3.049267444,-1.619970214,1.464699163,0.012799825,0.316309809,5.171864245,0.537460144,236.0864434,50.59807385,1.181932386,0.670123467,0.041876476,265.7954573,2.442180483
USGS_04208000,SimulationRaw,0,1912,1975,0.032364385,0.06620303,24.32231487,28.05456311,0.625245503,0.601072094,0.874660831,0.011100423,0.003152189,1.342537342,4.673128449,1.052482053,-0.959132845,5.766219689,0.64210873,0.358495667,3.043081839,0.894173741,376.6623521,67.88978849,0.427418548,0.400461344,0.093200581,195.8839626,1.700438449
USGS_04212100,SimulationRaw,0,1967,1967,0.041071287,0.039945552,17.28983007,20.07397744,1.319661131,0.829193885,0.779378238,0.052365609,0.073696361,0.964033885,4.897655976,6.651457817,-2.493396561,1.33916837,0.042570679,0.455155314,6.698887663,0.427182801,279.7648404,48.08634088,0.560581798,0.802651699,0.031397458,101.3937728,1.830595191
USGS_04218000,SimulationRaw,0,,,0.033765637,0.020573606,23.87931027,34.52750805,0.840352182,0.552276303,0.786914788,0.087925728,0.130154917,0.684315315,3.925239107,3.048828938,1.384764468,14.00836515,0.856695803,0.355680173,6.954082957,0.752161384,421.8619697,83.66982656,0.637764293,0.299119027,0.098873489,230.5418116,2.209345869
USGS_04221000,SimulationRaw,0,,,0.011945492,0.021553366,18.92458077,18.53032089,0.53085485,0.476268455,0.82969148,0.15718858,0.033981675,1.085424645,4.823337185,8.615959034,1.209740495,15.16695836,0.393834194,0.395045495,4.07131935,0.450032482,321.162446,39.58761525,1.839970839,0.357037743,0.076846351,105.1387677,1.118100143
USGS_04227000,SimulationRaw,0,1934,1934,0.030006265,0.065852197,11.35524624,23.44869528,0.985051313,0.849197056,0.698975643,0.163932631,0.029691913,1.111021289,3.502090166,7.964493206,-0.167702087,5.939097384,0.268469989,0.201513104,6.313151562,0.73955075,383.8886724,12.30520154,1.12413407,0.325622595,0.096241526,127.9703007,1.133816511
USGS_04228500,SimulationRaw,0,1929,1952,0.023429965,0.067538118,22.46139346,16.92349199,0.79810495,0.897075721,0.74682508,0.032227157,0.007921326,1.397775257,6.095826595,4.683203475,-2.319557832,3.416181529,0.183252863,0.378748441,3.4692239,0.369822766,215.8050211,12.60795787,1.26838611,0.095860277,0.088525517,90.62640524,2.279259283
USGS_04230500,SimulationRaw,0,,,0.02277336,0.039939884,24.90716567,29.66404932,1.602524812,0.218933529,0.682374558,0.160584873,0.078526475,0.794520847,5.351117976,0.180408675,-2.85865017,1.430110572,0.033341401,0.795210429,5.302790259,0.889247284,483.5310086,10.19210072,1.398982506,0.434272118,0.092980246,136.4146526,1.976224008
USGS_04296000,SimulationRaw,0,,,0.03406564,0.033225905,13.1961709,35.89097383,0.516909385,0.884284993,0.776626964,0.015296047,0.079517093,1.207589197,5.882020145,6.61730941,1.327209966,9.32146743,0.425338451,0.082167667,1.225314318,0.673117472,467.7850555,9.019922866,0.823039113,0.291867979,0.033392617,259.4648625,1.40805927
USGS_05054500,SimulationRaw,0,,,0.0195243,0.066846541,25.44048913,32.87962506,1.859780106,0.485859027,0.865025282,0.099156568,0.113286689,1.121960618,6.357793546,6.326796834,1.488157474,11.57609887,0.261829339,0.653479597,6.805241475,0.414866903,719.6880797,7.128349017,0.723189472,0.14954243,0.034424138,23.09836271,1.173671922
USGS_05057000,SimulationRaw,0,,,0.037555181,0.036703129,22.10378546,28.04666217,1.918169424,0.331999595,0.800238401,0.096871862,0.122373427,0.824022889,6.353226721,2.599309809,-2.92090431,1.149830554,0.589343195,0.132059919,6.518099578,0.317818315,616.4344305,83.98506586,1.351789982,0.483957749,0.024133593,33.88829202,2.100493766
USGS_05057200,SimulationRaw,0,,,0.035163564,0.066346038,21.26163095,41.81195571,1.419661258,0.310106607,0.718392079,0.016582963,0.013642594,1.315772546,3.527682984,9.542792753,1.117072348,10.43803692,0.048772025,0.634420532,6.54964783,0.315345172,766.6558625,73.16244628,0.834329838,0.450755476,0.030488398,74.13559469,1.238011584
USGS_05069000,SimulationRaw,0,1942,1942,0.027469626,0.013288904,14.0166054,21.41014273,1.911192046,0.275385323,0.858112813,0.045776594,0.094360555,0.97614948,3.671820233,4.045297973,-4.816373529,8.386082971,0.463232354,0.447862304,6.676740533,0.373017534,1555.208477,74.73204111,1.339736578,0.49974062,0.024370868,3.802506094,2.179660456
USGS_05104500,SimulationRaw,0,,,0.042590036,0.017617609,17.1469404,15.04807932,1.61650947,0.371835991,0.83236418,0.056094148,0.064104525,1.205103927,4.422164261,8.208057802,-2.206125005,2.67361241,0.086145026,0.318922154,6.993040593,0.540862003,470.5259211,6.164200382,1.053717896,0.5552171,0.040445341,227.3240608,2.892396644
USGS_05120500,SimulationRaw,0,,,0.026768723,0.060098234,22.68369678,36.72651373,1.878976584,0.216543585,0.716222345,0.153071867,0.150455231,1.313243725,5.225651658,5.747528257,2.500975325,10.83167988,0.423155582,0.681282226,6.926348178,0.315190185,619.6451716,23.23586131,1.642141018,0.225219739,0.026727978,183.4768659,1.124264128
USGS_05124480,SimulationRaw,0,,,0.031775188,0.020520769,18.58545621,29.132191,0.9016997,0.149784549,0.723802137,0.013735978,0.110651599,0.942443858,5.249349194,8.285235843,-3.816307577,14.05661324,0.104248957,0.138830487,1.604664084,0.311044053,312.6093397,49.29488198,1.050095661,0.118551463,0.045258286,198.7209385,3.334286074
USGS_05293000,SimulationRaw,0,,,0.032087352,0.068306829,23.88443809,44.96382313,1.09457902,0.668485033,0.707939271,0.100507662,0.001926415,1.218866795,4.979869293,1.002765404,-1.493802488,4.625890638,0.420445901,0.613324917,6.958121753,0.678332208,433.5758901,0.592904432,0.484516517,0.30926444,0.054329433,218.7255262,1.206731068
USGS_05300000,SimulationRaw,0,1981,1985,0.032820807,0.051634375,25.52157498,45.89117933,1.888704885,0.469493464,0.821730644,0.051387409,0.124397301,1.432879758,4.00369548,1.803498865,-0.47674014,4.956683382,0.955482532,0.200563223,6.2273053,0.618215867,358.8418301,9.523990429,0.082719664,0.268224106,0.039793981,48.09492649,2.065576638
USGS_05313500,SimulationRaw,0,1974,1980,0.03127747,0.028953554,25.68277544,27.15807297,1.427286023,0.632406457,0.696851129,0.1072013,0.156115129,1.379147417,5.878295221,7.955302272,0.626672963,3.719273238,0.811864752,0.106038092,6.076824914,0.630130079,704.7761583,49.71186091,1.630284877,0.3566528,0.047225357,39.141978,2.708927214
USGS_05315000,SimulationRaw,0,,,0.031567615,0.06443702,10.75746996,46.09490789,1.830930846,0.504878073,0.688671437,0.059179899,0.067300438,1.387695003,6.25372774,2.961925952,-4.517817694,6.206322441,0.215340139,0.442475069,6.957241937,0.716452439,680.5380808,90.83607987,1.147191415,0.342811504,0.036760866,113.4195049,3.00017277
USGS_05316500,SimulationRaw,0,,,0.039862729,0.049953831,15.99729078,45.3044886,1.621287727,0.826361771,0.740822924,0.054329901,0.005404375,1.472033665,6.103502805,3.186248021,-3.520272503,2.64466584,0.335997445,0.365047364,2.96579924,0.4970936,162.8606935,20.91326507,1.503083461,0.088012401,0.074650884,204.4495188,1.400633791
USGS_05317000,SimulationRaw,0,1925,1993,0.033831887,0.043279255,23.4337036,40.81948288,0.885421652,0.35493093,0.797864588,0.160021054,0.070833715,1.428466159,6.174499567,3.110322656,-4.061330933,11.49792455,0.093674064,0.48134366,6.220793378,0.53073553,1199.018851,40.8724459,1.794660683,0.331156606,0.082994644,167.6825912,2.628342
USGS_05317200,SimulationRaw,0,,,0.041394025,0.064679944,20.5339579,40.61870774,1.304531033,0.909386497,0.860596441,0.040600889,0.064272757,1.386615009,6.468733747,0.736937739,-2.212056336,3.005515342,0.885486755,0.123158675,6.222661117,0.806987222,566.4743859,70.01185708,0.179073373,0.147688173,0.091162452,89.52754007,1.580473921
USGS_05319500,SimulationRaw,0,1930,1948,0.020122416,0.055445772,22.52766841,45.6234789,0.521281449,0.326535944,0.77655054,0.150391699,0.110215264,0.698380715,5.743476986,9.819786731,-4.079248911,17.80552948,0.765575857,0.032143998,6.886279285,0.592136828,732.5296293,25.41491068,1.302730219,0.300933835,0.092841296,250.1175727,2.133195385
USGS_05320000,SimulationRaw,0,1910,1948,0.038424903,0.062146299,18.26791334,19.19347526,1.987417736,0.682259458,0.704957982,0.142462061,0.053192998,1.056941094,5.215448653,5.100923172,-2.000205643,2.935968918,0.726342599,0.102205052,6.80898737,0.765012728,1076.507264,25.27250201,1.193178048,0.132817234,0.092474391,133.0527994,2.867547858
USGS_05320500,SimulationRaw,0,1939,1946,0.046332402,0.045047549,14.21188768,19.02041163,0.563315662,0.317682116,0.697937747,0.159829482,0.052764612,0.9302576,4.587419681,9.07462167,-1.597167532,7.295393834,0.890138439,0.330701419,2.565539513,0.314309192,146.9115802,1.169880634,0.525834948,0.168062826,0.046707868,105.3626112,1.384352656
USGS_05336700,SimulationRaw,0,1937,1937,0.016291908,0.053290085,16.74386192,40.9915673,1.079214662,0.318736474,0.826084763,0.021377745,0.001813953,1.461145025,3.732995951,7.645204511,-4.014662332,1.088443349,0.623534262,0.024595146,4.352459051,0.930508294,625.6840613,64.78946547,1.3573621,0.347182862,0.029678844,8.879893653,3.672119423
USGS_05340500,SimulationRaw,0,1905,1983,0.023933383,0.066734496,19.18585667,18.8329357,1.503965918,0.542968179,0.732046607,0.172236944,0.078129574,1.358528553,5.579594195,3.775051423,-4.319490704,2.207232392,0.457089664,0.251437673,1.372645433,0.411116171,244.3796008,33.25828462,0.833561338,0.137891704,0.021140224,19.43980383,2.864637044
USGS_05345000,SimulationRaw,0,,,0.031695791,0.049234989,24.81539742,39.14637407,1.697610658,0.847316903,0.856841089,0.084765722,0.118034105,0.740292675,4.959746347,9.189410097,-4.654341669,7.31740508,0.136912174,0.244762994,1.012677315,0.588394184,1835.326637,10.5157135,0.508312184,0.327061747,0.02057347,64.20046293,2.195971559
USGS_05353800,SimulationRaw,0,1939,1939,0.032550982,0.048797826,13.87376915,26.40115803,1.902489925,0.98255732,0.760012039,0.155376465,0.055753765,1.087833866,4.811954003,5.444868727,-4.057280087,15.87709272,0.438539567,0.570725618,1.547824477,0.37937913,367.5289782,11.96624076,1.733437345,0.286919991,0.069588644,26.39979915,2.405470498
USGS_05368000,SimulationRaw,0,1970,1970,0.021706661,0.053996186,20.01581082,20.56852149,1.790775472,0.9573973,0.831504849,0.148107162,0.140617953,1.127614919,4.127274164,9.281089496,-3.851772469,2.924058315,0.35630587,0.014296042,1.347580206,0.928772613,63.64544503,6.551944468,1.338835841,0.132550994,0.020980487,171.1234472,1.103418713
USGS_05372995,SimulationRaw,0,1989,1992,0.029360965,0.056266057,22.15633645,29.23388202,1.802345113,0.250104226,0.833356311,0.16919756,0.100353135,0.771237644,5.34304317,0.043859988,-4.653683972,1.456771193,0.361588027,0.069795048,2.341914125,0.818006031,184.1268182,3.153734261,0.076107825,0.193557634,0.037860454,173.5280929,1.348656797
USGS_05379500,SimulationRaw,0,,,0.020488945,0.059280161,22.35541091,45.77518353,1.606223127,0.447331364,0.747623896,0.026262452,0.131805805,1.405391472,4.359691121,7.456574219,-4.743930708,2.876753556,0.091520691,0.126195866,0.776299491,0.455050876,164.490311,5.479378909,0.097643033,0.122290033,0.020097711,210.0408362,2.073730521
USGS_05381000,SimulationRaw,0,,,0.011703739,0.03784547,23.02866748,38.96391549,1.280709111,0.881470724,0.83582924,0.02268164,0.005495072,1.230548551,4.723236207,2.282128191,-4.869529828,1.174621342,0.833219444,0.663374044,6.440447933,0.76867594,430.0615927,65.54792978,1.539990223,0.60233111,0.039467844,217.0658235,1.947218358
USGS_05382000,SimulationRaw,0,1908,1908,0.045029207,0.041702685,10.56963668,44.66816797,0.8412907,0.122599052,0.777127571,0.101080434,0.012028187,1.47366493,4.782117332,1.599054106,-4.632219364,5.934588945,0.497109194,0.20445952,2.691170115,0.840647909,137.5390113,0.68120926,0.174009766,0.094329408,0.025640501,18.58168695,1.938113362
USGS_05388250,SimulationRaw,0,,,0.015848705,0.019829684,23.86066662,14.15337461,1.362637264,0.976937543,0.863372706,0.156212877,0.129506703,0.893741316,4.370874837,3.702601521,-3.425257631,13.94207849,0.835178278,0.04839048,4.75657439,0.850534449,437.6770101,8.29008782,1.907813875,0.257844424,0.026331377,167.5727193,2.427665803
USGS_05397500,SimulationRaw,0,,,0.037765372,0.02569268,22.3016681,45.44719579,1.173748353,0.982915648,0.855802346,0.030108828,0.149586241,1.107375694,4.330794166,7.223638088,-4.714260417,10.31798952,0.895672705,0.276458855,1.573233387,0.514439278,372.6538489,1.798501681,1.90421892,0.283019274,0.038919223,252.4668101,2.455166412
USGS_05405000,SimulationRaw,0,1967,1967,0.018415111,0.023490516,23.60270163,38.5166772,0.700027106,0.35586344,0.73731468,0.026571048,0.072412631,1.406850687,4.411791116,8.130719289,-4.921428431,12.59584441,0.102552494,0.301049699,2.965536875,0.852698759,1914.204546,50.9742484,0.343519549,0.228683021,0.021033653,34.54892864,3.267857468
USGS_05406500,SimulationRaw,0,,,0.007170766,0.048856516,22.91416535,25.75502401,1.505118542,0.812475979,0.822758999,0.127790835,0.102811713,0.903201806,4.152573172,9.705477577,-2.583197234,18.29233753,0.397927096,0.050550248,0.958400888,0.984508413,1922.476114,27.53792749,0.200803275,0.058302539,0.021639796,275.4085571,1.193280299
USGS_05408000,SimulationRaw,0,,,0.008245639,0.041466001,15.0285783,29.42422482,1.878260321,0.79215825,0.686305753,0.020349867,0.120908114,0.85087707,3.761563525,6.095394434,-4.598163574,4.1951675,0.262369374,0.080713438,1.355888754,0.640309074,1993.767603,52.82530512,0.971963482,0.135442002,0.021152357,20.01422847,1.185941076
USGS_05410490,SimulationRaw,0,1969,1969,0.010249758,0.056080187,16.71494854,45.73148782,1.739034525,0.294142915,0.770575881,0.145359135,0.119744132,1.249819609,4.827993876,2.593906837,-4.925906383,11.45037488,0.151667871,0.153799156,0.931993006,0.544641297,102.0014443,11.2445588,0.882748532,0.070796034,0.020564212,185.5644376,1.29657188
USGS_05412500,SimulationRaw,0,,,0.013986327,0.058644717,20.42606431,22.35827682,1.146693058,0.823119942,0.750588588,0.04388327,0.050109409,0.968533163,4.070845429,3.534075811,-4.796309662,2.951250654,0.03545431,0.121792153,4.754470398,0.766514266,666.9025665,2.971471621,0.320009747,0.363410472,0.020945974,296.8331533,1.876965677
USGS_05413500,SimulationRaw,0,,,0.02745889,0.046537693,12.88463069,25.68377807,1.767503383,0.94045143,0.68608654,0.169935965,0.030330798,0.812037239,4.637825446,9.349737806,-4.592302766,19.04638027,0.49273308,0.574088913,1.014028239,0.602817539,1743.540708,81.96157838,1.011541395,0.096038227,0.020813129,222.5104492,1.172929015
USGS_05414000,SimulationRaw,0,,,0.018240126,0.041147008,19.89972606,44.60633254,1.899472604,0.629595043,0.71573426,0.001621185,0.094464125,1.336799936,6.165313302,7.859067303,-4.861608261,13.9184484,0.373240026,0.090559515,0.853574367,0.622009326,418.9917235,5.931188483,1.862653554,0.090297469,0.020307596,289.3063053,1.252935048
USGS_05418500,SimulationRaw,0,1922,1958,0.042200941,0.015093664,8.112485497,17.38360776,1.827789325,0.394218685,0.68601175,0.132050468,0.123756952,0.94296859,4.086484325,9.441814234,-1.826954204,11.86489715,0.73288693,0.278147911,4.769311512,0.809169528,1094.152074,2.305464006,1.445871719,0.13579754,0.025003626,29.27417263,1.419877146
USGS_05421000,SimulationRaw,0,,,0.010574028,0.022453889,23.48419317,23.50119633,1.254784596,0.867966749,0.879972379,0.158191975,0.035811502,1.428474925,4.377292353,9.566774973,-1.355940926,14.37920926,0.532125023,0.565232582,6.039789402,0.474533326,499.7558757,0.705809451,0.389170225,0.177713551,0.046671005,30.64504393,1.308619242
USGS_05422000,SimulationRaw,0,,,0.028073849,0.063287438,21.91211739,45.01851474,0.902206785,0.760238245,0.885586923,0.172339143,0.085183458,1.452672684,6.13966121,4.63798762,-3.409456284,14.20961914,0.402673947,0.069975308,6.008942221,0.529728366,948.6757951,25.35421034,1.790303274,0.130352409,0.081900958,40.49150298,3.983646881
USGS_05425500,SimulationRaw,0,1939,1961,0.047836211,0.016203314,11.91914732,45.07050968,1.209769988,0.40812981,0.691006679,0.125704697,0.036150219,1.350696909,4.768674083,8.728020195,0.281270654,2.545391322,0.987796377,0.046910367,2.23906963,0.614441781,109.5413615,34.52452731,1.853932844,0.026964566,0.043310272,227.3098157,1.407815905
USGS_05432500,SimulationRaw,0,,,0.013986281,0.023712232,22.90655332,10.4235216,0.958533202,0.786671582,0.87326819,0.120392494,0.013040738,1.342974535,4.406558153,3.524876301,-3.962936139,1.580098042,0.366273101,0.020499326,3.539853737,0.766507351,1157.44009,67.63687515,1.811759465,0.180338699,0.021076685,13.05203894,1.748086246
USGS_05433000,SimulationRaw,0,,,0.032813104,0.067543475,19.90941219,25.07399587,1.042416542,0.867818477,0.818967929,0.105361942,0.143728886,1.189665802,6.353473713,1.102537499,-3.470774362,15.93168785,0.008729887,0.395506259,1.245997975,0.814247592,123.0981008,5.188858339,0.111959989,0.091104224,0.020225151,125.8758478,1.240721231
USGS_05434500,SimulationRaw,0,,,0.034335158,0.029516291,22.19441828,11.76613099,0.861045991,0.266832031,0.786341939,0.126532967,0.12348704,1.441812706,5.879934035,4.768857368,-4.173438529,2.730923408,0.988160811,0.2667593,1.171174716,0.58458704,722.9093881,4.773406137,0.496966124,0.145874647,0.020818813,235.5166034,2.457872995
USGS_05435500,SimulationRaw,0,,,0.028674425,0.052828677,24.08179483,39.28822431,1.929395514,0.625779775,0.809663093,0.018983756,0.145964698,1.438578732,6.20424415,0.783806099,-2.37632962,9.933637335,0.079243905,0.637078292,2.293652639,0.709690667,1954.8723,14.93461006,1.062561202,0.128185314,0.020800717,115.1920017,3.967421162
USGS_05436500,SimulationRaw,0,,,0.047215671,0.064796362,24.35662281,42.58972236,1.740631778,0.929480377,0.781150302,0.086262625,0.108162216,0.697247214,3.991886233,7.751201942,-2.676808231,7.222720995,0.576597062,0.604797143,0.910712521,0.583703756,376.1826675,61.89777421,0.900334054,0.117297211,0.023228991,12.19647985,1.86681452
USGS_05437500,SimulationRaw,0,1913,1962,0.037064761,0.059840332,23.26404401,29.34002989,1.802062359,0.967073709,0.893341115,0.008382315,0.007860356,1.328852288,5.123621359,6.576195002,-2.093135294,15.60552595,0.526247817,0.61650679,1.487121952,0.707977781,227.1368659,27.13663248,1.983520347,0.072254441,0.024231728,216.2952027,2.176601392
USGS_05438500,SimulationRaw,0,,,0.035452712,0.054690444,23.40931899,34.07841731,1.647931132,0.432282257,0.773507989,0.010454009,0.000568668,1.373794911,5.386238389,0.783584509,-4.009945748,10.61393956,0.005125541,0.055609547,2.563800071,0.707716447,496.7243416,43.88487131,0.46433929,0.278010909,0.07602041,10.00130144,2.134144933
USGS_05439500,SimulationRaw,0,,,0.020672493,0.038333293,24.75473556,39.03747633,0.5944608,0.318520117,0.68269082,0.01041019,0.025725814,0.759688956,6.400878582,4.562937204,-1.280354515,10.12878598,0.345343476,0.432333641,5.352479083,0.733894278,647.9369904,76.31338844,0.932406533,0.494132206,0.044543129,22.95526726,2.064064553
USGS_05440000,SimulationRaw,0,,,0.02864442,0.044489164,9.286433712,39.92765008,1.524151941,0.499323729,0.850544202,0.025059383,0.151314589,1.007404639,4.951497742,9.16533406,-4.771655313,2.083442133,0.967331839,0.175977472,4.825330806,0.448633223,1174.357481,9.52120575,0.364014767,0.317020533,0.071549511,185.4779716,2.388919061
USGS_05443500,SimulationRaw,0,1907,1962,0.019773497,0.06120621,15.95398648,6.535512976,1.423202358,0.762521973,0.702317798,0.100573865,0.14398018,1.351868377,3.549088163,8.498980243,-2.117521543,4.576792945,0.018165242,0.45509856,2.659042122,0.805610478,895.761315,36.37773297,1.417065966,0.075310902,0.033473192,110.4393904,1.380399772
USGS_05444000,SimulationRaw,0,,,0.028955466,0.007797274,18.51484464,13.43121513,1.626772684,0.630606466,0.715967498,0.084962493,0.144003422,0.99051643,4.733578731,3.849929535,-4.439679176,1.596261173,0.381948817,0.418702177,5.37861698,0.397097014,1048.95482,3.807291631,0.620429386,0.091576349,0.022582307,6.068771925,1.048337715
USGS_05446500,SimulationRaw,0,1907,1962,0.031266915,0.06581742,14.43101227,40.89262297,1.861736478,0.965601024,0.890235781,0.154984989,0.150274792,1.462399012,4.488943842,6.730685761,-1.657589444,6.538279769,0.342478241,0.092011602,1.0536079,0.379111997,512.6827832,12.19124613,0.754264529,0.053046391,0.031457712,269.9288138,1.651272368
USGS_05447500,SimulationRaw,0,,,0.041625326,0.032023071,23.84841808,46.1935988,1.948682242,0.951219419,0.763679738,0.070244396,0.053840637,1.113740966,6.399693728,1.93976965,-0.634815015,4.968211235,0.085543497,0.131927038,6.106474303,0.944211659,1526.406741,2.422153388,1.992485844,0.294270254,0.070034176,233.6006301,2.052839398
USGS_05449500,SimulationRaw,0,,,0.041340719,0.06896107,22.94953367,43.5916265,1.128211438,0.776144046,0.86146861,0.146280719,0.063048035,1.040504571,5.357262997,1.036335534,-3.330813144,19.30181016,0.476640656,0.544185849,6.571387049,0.807168617,988.172551,35.38481471,1.389434956,0.205321132,0.062422348,11.58767061,4.375319217
USGS_05451500,SimulationRaw,0,,,0.017585525,0.06229509,23.90443843,38.12959464,0.78628484,0.884047954,0.785082498,0.10860621,0.080597232,1.470735955,6.182610787,6.776319129,-4.953579784,18.53071927,0.629494872,0.026381503,4.648916508,0.736829663,620.2673986,68.08290041,0.462648506,0.175117912,0.078039629,143.8624384,2.192787614
USGS_05452000,SimulationRaw,0,,,0.047195026,0.060898532,6.186929351,32.74083959,1.883041896,0.68243261,0.828485382,0.029941293,0.019582631,0.89619974,4.981557058,6.009432523,-3.084614156,5.167929852,0.001535537,0.213980954,4.435843327,0.343618821,652.428365,7.824075114,1.508216469,0.523946388,0.020014838,266.044877,1.075415493
USGS_05453100,SimulationRaw,0,,,0.039775165,0.061325677,10.26422211,36.59580066,1.871341449,0.791854694,0.821252934,0.0708363,0.00497337,0.766595804,3.806839707,9.612873812,-4.790167706,1.392695398,0.007015374,0.333626108,4.478891214,0.685315622,621.0087041,82.3172127,1.361817374,0.094675597,0.087916053,297.716279,1.624899269
USGS_05455500,SimulationRaw,0,1970,1970,0.02024473,0.045147791,18.25014008,32.31411236,0.788507366,0.550028868,0.724437881,0.060507232,0.124477833,1.092072043,4.383927052,3.932003499,0.317901929,17.17531241,0.257836905,0.738790252,6.674587562,0.437084382,577.3412994,69.75072361,1.09741729,0.572263548,0.034250105,210.6736203,1.952087572
USGS_05457000,SimulationRaw,0,1953,1953,0.025544328,0.053832884,12.91575628,20.5695392,0.724995786,0.366064988,0.73301566,0.082509134,0.013481295,1.377635433,5.329696257,1.989922643,-4.764833635,2.910227099,0.392646439,0.78789721,3.39631952,0.660711136,481.5555375,3.182882273,1.167644293,0.379615406,0.023537513,69.94245793,2.39824248
USGS_05457700,SimulationRaw,0,1953,1953,0.027792629,0.0520219,14.39854826,32.47844868,0.812652938,0.181451188,0.856392459,0.146267824,0.141044171,1.273032799,4.733789143,3.571103813,-3.648889609,19.0745575,0.818280059,0.023533522,1.989057716,0.471729,252.6495734,2.955237934,0.401543095,0.239520537,0.021183208,21.12668053,1.523451805
USGS_05458000,SimulationRaw,0,,,0.025831383,0.054722289,11.52798567,40.85023409,1.237056255,0.862060521,0.682294938,0.132345007,0.101293746,0.885240854,5.28620577,4.889702063,0.283386207,10.16002541,0.731132643,0.664779891,5.211942551,0.350116205,1043.080767,0.837894497,0.20641725,0.351598982,0.024525144,188.1947757,1.844560585
USGS_05458500,SimulationRaw,0,1953,1953,0.036923205,0.048855556,18.38458404,22.31479004,1.897836775,0.628010507,0.895115239,0.050194202,0.053755273,1.344972683,5.527958444,9.45177337,-4.963262962,4.110566253,0.834300877,0.101474282,3.61992612,0.919263877,612.1542918,1.753678564,1.259899117,0.322486024,0.024309816,51.24489383,3.185359233
USGS_05458900,SimulationRaw,0,,,0.02146306,0.062329952,18.41082321,15.28058015,1.862820343,0.99735212,0.683960749,0.1128967,0.03809757,0.787751791,3.805382694,3.914055725,-1.772123543,9.334727855,0.421726745,0.196591375,6.780628966,0.876916197,789.1028298,0.907608141,0.51171352,0.1958927,0.032949715,31.22239688,1.789676371
USGS_05459500,SimulationRaw,0,,,0.042867732,0.050068377,25.3674945,38.32173098,1.431560554,0.607342283,0.808877945,0.070555167,0.152313034,0.662240847,5.162761159,8.660808389,-4.168031929,16.51804379,0.973970277,0.604895808,3.953832059,0.768684392,535.244296,68.77734178,0.188652764,0.211372136,0.056567431,178.507007,3.678072967
USGS_05463000,SimulationRaw,0,,,0.012482871,0.035216525,14.53454963,45.18415386,1.235830701,0.395580796,0.745895075,0.163452787,0.079316886,1.102292369,4.914713663,0.711916015,-4.144556511,0.826020338,0.221163351,0.295460953,5.089391733,0.576766265,1072.128823,4.364732116,1.154158184,0.388304898,0.050512001,64.03075661,2.36031185
USGS_05464000,SimulationRaw,0,1923,1953,0.023066615,0.022386902,23.37462753,45.19553394,1.8537623,0.937566154,0.822352022,0.020325184,0.143740475,1.231268997,6.220742125,6.358615597,-4.70307434,10.07323222,0.832295108,0.474163079,3.048648124,0.566865773,1038.375647,0.66748228,0.506515368,0.174381744,0.045324992,54.2927306,4.333690228
USGS_05464500,SimulationRaw,0,1923,1979,0.035805878,0.060313812,22.04143625,36.6834428,1.972696959,0.988461977,0.832119655,0.058769122,0.085313244,1.458246035,6.450272451,7.111035173,-2.53741228,5.475013722,0.448395569,0.023569042,4.125734934,0.74183958,988.3617228,0.39694547,1.862080847,0.127944339,0.045733259,119.9639879,4.613490614
USGS_05465000,SimulationRaw,0,1923,1979,0.025699543,0.020550602,24.44937365,27.59808679,0.859304491,0.446515227,0.687440257,0.067388199,0.041939318,1.437390407,4.335337145,4.740728938,-2.539663181,2.058072778,0.118389793,0.67089866,1.3164023,0.343040122,405.3896181,1.018098751,1.343274541,0.106943109,0.03710703,89.07677189,1.612639726
USGS_05465500,SimulationRaw,0,1923,1979,0.045559926,0.017629007,16.77172026,24.38886805,1.574657997,0.977258163,0.69168204,0.062432124,0.053321967,1.341702331,6.373385328,7.05104282,-4.16853185,8.223568468,0.869821789,0.049967756,3.799088436,0.77630931,770.2161122,99.56273921,1.356446241,0.023326517,0.055090932,184.6727226,1.739955317
USGS_05466500,SimulationRaw,0,1972,1974,0.020079471,0.047589044,23.26453365,40.69782481,1.262361062,0.401563588,0.716155505,0.064665584,0.077096464,1.425260758,4.832049007,0.040660369,-0.738031244,18.63882046,0.709142345,0.02223934,5.726003744,0.656334901,706.4140787,15.14083935,0.844334105,0.530706346,0.032107115,298.9179394,1.903859165
USGS_05469000,SimulationRaw,0,,,0.029764443,0.028254451,23.6434505,14.66890307,1.699930193,0.568931622,0.711086259,0.064809732,0.003894119,1.047714608,4.718516537,1.810067665,-1.099914392,7.580005971,0.17151288,0.051091157,3.670731746,0.852830843,837.0482239,8.637789084,0.912549631,0.716536289,0.026967879,140.5291206,1.294014969
USGS_05471050,SimulationRaw,0,,,0.02972446,0.024398509,23.98140058,28.35630434,0.817059508,0.742210692,0.849631315,0.146041085,0.080587506,1.291666312,5.275190602,5.465427975,-1.149838592,10.72615459,0.498462583,0.103606499,5.955018376,0.870458763,904.0689432,83.88553986,1.174479171,0.365211104,0.072298276,231.0377459,1.891168675
USGS_05471200,SimulationRaw,0,1966,1966,0.034722298,0.039770912,21.09487222,8.42484182,1.963824527,0.771242447,0.78417545,0.15296481,0.022416201,0.741262607,5.080331718,0.345529606,0.496252326,18.17937686,0.196090252,0.044783893,6.335471161,0.471060539,808.5686635,32.07493622,0.887259849,0.502110468,0.058667329,9.756682084,2.326814385
USGS_05471500,SimulationRaw,0,1966,1966,0.041727407,0.018773624,23.850069,19.07450559,1.748651285,0.566191788,0.725708244,0.103818516,0.087288084,0.754220035,3.901295218,7.393659985,-3.712536313,1.946330035,0.678312261,0.312225813,5.730291637,0.31343511,1039.651493,65.76212507,0.753943214,0.3118227,0.089603501,99.97453239,3.100003961
USGS_05472500,SimulationRaw,0,1969,1969,0.024721637,0.029418816,23.39021578,44.45645873,1.767425932,0.565962489,0.863733076,0.057629178,0.064521067,1.271418221,5.549836156,3.549976057,-4.387959039,19.54614675,0.258861447,0.130798935,5.47095592,0.308283374,746.5583352,89.74504685,1.508181221,0.683879347,0.030533388,167.0498718,3.669328582
USGS_05474000,SimulationRaw,0,1966,2001,0.026580797,0.053295891,23.29327293,12.14105668,0.901616423,0.906594031,0.862626493,0.068766406,0.150761102,1.421556515,3.939533818,2.838494265,-2.379220178,0.764572067,0.127295377,0.45198873,5.194779748,0.410668234,442.0468228,99.54526328,0.200488528,0.266124595,0.056064593,141.17139,1.913153504
USGS_05479000,SimulationRaw,0,1971,1971,0.038403271,0.018302112,18.1682794,34.08162922,1.885235964,0.679842528,0.895303139,0.027827584,0.141810565,1.458607223,6.305609893,4.731999983,-3.447179216,14.3026463,0.306613745,0.174657301,5.769558099,0.715664069,537.405613,51.95663812,1.251017701,0.11554216,0.086079269,232.8625584,1.680319776
USGS_05480500,SimulationRaw,0,1925,1973,0.017905476,0.052566443,18.64037771,44.14945686,1.637235337,0.927537847,0.758040508,0.066599752,0.073101166,1.454349245,3.956227794,7.71160888,-4.217602319,11.0258304,0.823131606,0.449890342,4.446171208,0.646044825,495.4396077,19.36277604,0.083785903,0.163218207,0.072858215,181.5617856,2.048196363
USGS_05481000,SimulationRaw,0,,,0.038544112,0.021422079,22.75914619,44.69068259,0.620702086,0.929527561,0.80180041,0.111863048,0.101731243,1.242372949,5.30243142,7.732890991,-2.395295649,5.287719044,0.503959253,0.196867399,3.585764396,0.556743606,433.1460734,1.461104451,1.130130963,0.365893169,0.089974843,168.252869,1.776325613
USGS_05481300,SimulationRaw,0,1925,1998,0.024619428,0.027945879,19.46583819,43.09486553,1.745953136,0.909719163,0.868938256,0.010961413,0.049065796,0.695443478,4.909342698,3.887508949,-3.418099564,0.847306763,0.932415764,0.02290635,2.82072176,0.393141001,373.3752863,34.51924214,0.505451088,0.090841336,0.082356022,16.51532318,2.308091823
USGS_05481650,SimulationRaw,0,1925,1998,0.04281725,0.041987056,17.97031707,42.28284887,1.598220101,0.695761459,0.784503921,0.151296859,0.025436366,1.233738726,6.439725144,3.71055002,-0.692813697,15.09908165,0.048156838,0.27175635,3.598017157,0.897912167,420.7564398,93.53275679,1.050980169,0.011072,0.049066099,29.68078558,2.043865073
USGS_05481950,SimulationRaw,0,,,0.038559292,0.018858534,20.58337376,20.84953771,1.983162867,0.560833644,0.809504761,0.044399652,0.018049997,0.965238832,6.347383241,5.041361898,1.804397423,9.34922123,0.130911498,0.50411704,4.315110227,0.302148772,616.1066996,28.33996131,0.452926501,0.52525288,0.0585518,10.95834909,2.048726816
USGS_05482300,SimulationRaw,0,,,0.035466469,0.056281927,15.8810293,34.25669017,1.27136273,0.876578233,0.682191527,0.058239148,0.109879245,1.394181405,4.673458937,8.618270911,0.217753141,3.327831572,0.902659003,0.240998097,6.597033512,0.383526695,1475.849894,81.53054508,0.369078211,0.516167784,0.048811814,226.4090776,4.244087123
USGS_05482500,SimulationRaw,0,,,0.042445088,0.05611824,14.53336921,26.20093255,1.654370918,0.266013496,0.731198888,0.054291967,0.135060125,0.768545785,6.351042634,0.57456554,-4.986950918,0.759654229,0.579181525,0.027703503,6.058056896,0.66574932,713.7149705,24.22786885,0.630716745,0.270599529,0.079718781,55.10549748,2.396782813
USGS_05483450,SimulationRaw,0,,,0.032571277,0.035502493,17.55632457,30.45907243,1.501989113,0.676290489,0.820512454,0.150865379,0.052067788,0.962422364,5.424303975,0.367500899,-2.730435566,7.004984482,0.914982397,0.068126817,3.299815812,0.774067827,292.8397815,4.592409114,0.780639647,0.379317879,0.023870988,38.06500662,1.270462411
USGS_05484500,SimulationRaw,0,1969,1969,0.030545781,0.008924731,23.72904995,30.05435114,1.838564656,0.892744998,0.787540812,0.065340669,0.095671438,1.421804018,5.88937527,7.888240881,-2.56928483,17.03916528,0.41022313,0.114834192,3.349853231,0.503401373,629.4301795,12.21380486,1.446810757,0.12435852,0.077958957,11.65684701,1.698540748
USGS_05485500,SimulationRaw,0,1925,1998,0.023984829,0.02557072,25.40576146,31.75702062,1.107880988,0.785743933,0.819342628,0.162126791,0.053064108,1.38380266,4.949184249,7.869561904,-1.205478346,6.973572133,0.077232261,0.256408926,3.628126824,0.496694686,1033.314545,37.35274751,1.732825791,0.098324741,0.080961806,227.8830372,4.252088312
USGS_05486490,SimulationRaw,0,,,0.037965169,0.024009654,11.85279048,35.30474062,0.955267516,0.860934503,0.688295898,0.14878476,0.07335116,0.744984179,5.971221873,2.672289633,-2.825224256,14.32545578,0.207334874,0.016731431,5.902396569,0.300439561,541.3961619,7.861004357,1.862046397,0.60722106,0.038812764,94.85811239,1.047412863
USGS_05515500,SimulationRaw,0,,,0.021541964,0.066216423,17.68231436,42.26901351,0.784807101,0.685051969,0.844057229,0.156948893,0.005310874,1.078482665,5.973745165,3.777102372,-0.925618287,8.037473289,0.692763713,0.566785464,1.399897184,0.645231061,620.0218287,97.31424931,1.440392576,0.05953805,0.028115178,142.0491767,1.250146066
USGS_05516500,SimulationRaw,0,,,0.043324539,0.039983547,23.7289663,44.7283594,1.699886638,0.88697617,0.873376861,0.0236706,0.0134142,1.028800666,4.735985378,3.784885495,-1.198990056,4.352271491,0.7298921,0.620104579,6.789390726,0.949443865,698.0624891,87.86194914,0.901623817,0.318652552,0.099458069,123.3692275,2.302993972
USGS_05517000,SimulationRaw,0,,,0.047195628,0.063350771,24.61943389,43.77646215,1.006330286,0.17682971,0.705993241,0.153105126,0.040124541,1.202501279,5.741451358,5.350126583,-3.242794134,1.334900123,0.858318514,0.75635739,4.316271525,0.902568169,1053.616621,1.742374479,1.073427056,0.195451341,0.076658019,108.351967,2.649981657
USGS_05517500,SimulationRaw,0,,,0.040484149,0.058391956,22.53668181,37.44023373,1.873676754,0.899980862,0.862832498,0.025658868,0.032078958,1.258507372,6.229556194,8.120729243,-1.020842401,12.05812303,0.313797335,0.573937968,0.974563229,0.48575948,673.1378629,88.24067767,0.317111816,0.056952672,0.049695256,292.8855892,1.625808208
USGS_05517530,SimulationRaw,0,,,0.040002514,0.057069655,25.24485733,29.70252316,1.03630072,0.910542007,0.785775058,0.142106448,0.08198915,1.309554538,3.854607106,5.001306362,-2.515116009,13.17729162,0.838315019,0.223910071,1.21193908,0.506742869,425.2939035,95.04208032,1.553734558,0.052649854,0.041344173,140.615236,2.227819847
USGS_05518000,SimulationRaw,0,,,0.036778148,0.061922627,23.77325173,44.97510602,1.939500827,0.841617221,0.706963902,0.04524823,0.046918788,1.22961571,5.386861931,5.160374224,-2.515924338,11.19346217,0.053287824,0.503358513,1.254868249,0.584201679,551.3225304,3.465823966,1.477970257,0.042412672,0.054178237,75.48169005,2.263441929
USGS_05520500,SimulationRaw,0,,,0.035701914,0.057265445,21.2051069,35.8582805,1.905079056,0.226661536,0.698061776,0.040105117,0.022159968,1.263365889,6.470293052,1.933915576,-0.31769797,2.210673595,0.904648785,0.01879527,1.880566384,0.933577193,190.9322954,31.65406126,1.393967778,0.064467793,0.030480161,186.077755,1.326613136
USGS_05522500,SimulationRaw,0,,,0.030251734,0.037818486,18.18573813,26.447353,1.104493967,0.930362112,0.831916714,0.144099698,0.073827657,1.018790396,6.392066938,6.059482215,-4.371621425,0.415913491,0.984832068,0.106162507,5.920832237,0.377099723,876.6282577,40.52779334,0.519947204,0.59407258,0.062671818,281.4680956,1.943291618
USGS_05524500,SimulationRaw,0,,,0.031974071,0.027166773,22.92700669,43.06982024,1.4675449,0.958319225,0.863244533,0.100816521,0.15120649,1.423491274,5.678995456,2.165904762,-0.002356137,12.80443671,0.304976185,0.098500837,5.100601068,0.355097879,422.4924132,39.68566919,0.580570908,0.148971789,0.092885956,19.10196111,1.65047368
USGS_05525000,SimulationRaw,0,,,0.019651644,0.043975454,20.2439576,34.21832849,1.970658084,0.425342955,0.848986349,0.095557005,0.044400384,1.22177962,5.162272619,4.254722028,2.652824664,15.11410043,0.092103361,0.128690208,6.665861999,0.316713652,714.8553676,31.90791884,0.424457996,0.286926336,0.097711579,189.2490117,1.553548283
USGS_05525500,SimulationRaw,0,,,0.037651416,0.018706603,23.24773846,41.48936162,0.574725784,0.828917385,0.834929447,0.029593109,0.010411384,0.771661664,6.451072646,7.199593179,-0.096474725,7.40841856,0.394705746,0.196597785,6.743695859,0.46502711,270.3642998,3.137633193,0.059266319,0.490548035,0.034501222,254.5550669,1.195476839
USGS_05526000,SimulationRaw,0,,,0.044173445,0.055030918,23.78182416,16.49548598,1.443831732,0.101275981,0.746837238,0.040502888,0.139354195,0.976423791,6.171581657,6.780007124,0.451299816,14.19173961,0.874519363,0.031464226,5.324833199,0.47117663,277.2766275,73.95448618,1.846714235,0.228740171,0.099151906,298.9640697,1.780722487
USGS_05527500,SimulationRaw,0,1907,1979,0.025299744,0.027217284,24.6811703,35.02501023,1.225593281,0.983069537,0.751768819,0.035745162,0.00069441,1.245188034,4.199209295,9.337372645,-4.613761314,0.692195427,0.968225663,0.613038343,6.29410001,0.930152172,803.3389564,21.20364457,1.109704624,0.272356344,0.091192012,142.3756388,1.8019161
USGS_05528000,SimulationRaw,0,,,0.042289213,0.041389314,24.15798562,20.45242617,0.866391355,0.971731046,0.780067909,0.036097861,0.022125044,1.359885417,6.024828447,3.131495407,-3.552232241,6.495853662,0.980326384,0.260837885,3.996178779,0.823424548,364.8326273,7.404277605,1.429526198,0.284681421,0.088545232,276.1273607,1.72642282
USGS_05529000,SimulationRaw,0,,,0.046134857,0.068579205,18.43989636,19.58317774,1.245222338,0.692169879,0.820293078,0.168329002,0.02427933,0.909227347,6.206687874,8.227633613,-3.595945429,2.152891798,0.68224027,0.620908867,1.674290725,0.542799903,181.2481772,66.30121993,1.220248529,0.223068084,0.095679602,108.0174565,1.593133972
USGS_05532500,SimulationRaw,0,,,0.044296617,0.065545655,22.09618135,30.90607263,0.681933184,0.970536557,0.741044281,0.012127376,0.01019896,1.462600728,5.399599842,5.23529963,-4.203225644,0.95875593,0.597560357,0.594310294,1.55613429,0.778390545,563.9214783,52.33213841,0.812777375,0.386639296,0.082200807,233.6821787,1.556935318
USGS_05540500,SimulationRaw,0,,,0.041879745,0.05649657,23.46812836,11.7596739,1.722771644,0.765094087,0.766898641,0.064654564,0.145615916,0.903881575,5.198791247,7.135864327,-4.729509793,0.950746703,0.394932773,0.365578082,0.995050422,0.633660737,397.4618248,6.002367075,0.946750002,0.526542037,0.025557996,187.7104966,2.477129293
USGS_05552500,SimulationRaw,0,1912,1976,0.013828324,0.056699316,19.75558972,15.16048859,1.443576126,0.778925935,0.718299963,0.084588388,0.042696534,0.856586048,3.675350325,5.115699586,-2.9628457,11.43083155,0.638496862,0.725681606,2.425855953,0.712305549,737.5431884,7.005213855,0.113792366,0.171053644,0.09021949,152.4027064,1.155078702
USGS_05554500,SimulationRaw,0,,,0.041327516,0.02530797,11.05340064,31.91784081,1.427045036,0.288927149,0.690680803,0.169193867,0.012585401,1.313916155,5.271461173,6.129445525,2.550751487,0.242897111,0.751117857,0.315909141,5.901709988,0.41193528,1235.017396,1.053214022,1.079685422,0.7291302,0.045650517,88.43677922,1.863464458
USGS_05555300,SimulationRaw,0,,,0.032045563,0.010270985,24.50814263,32.55687545,1.136841008,0.831054413,0.849682263,0.075505844,0.148498135,1.341906426,6.069580965,8.42473104,0.59756949,12.41269819,0.705022242,0.444451646,4.816525717,0.38597925,1696.983289,48.82999099,1.699815641,0.83411012,0.024390585,82.2887314,1.772951986
USGS_05558300,SimulationRaw,0,1907,1989,0.017401521,0.0206926,22.26117857,24.00145,0.687488257,0.882996824,0.712818891,0.062709581,0.085437777,0.669660541,5.014276882,0.881416636,-1.978959195,1.638242437,0.958876259,0.169449979,4.544200186,0.987330344,762.3864556,89.55826108,1.348472528,0.025905786,0.06541402,228.2806314,1.1264956
USGS_05568500,SimulationRaw,0,1907,1993,0.04240928,0.04186174,23.1945157,37.82514191,1.509815345,0.567558804,0.891551437,0.015357825,0.040353276,1.281836789,4.015975966,5.837687582,0.561753961,10.73790503,0.599090471,0.409659675,1.187167666,0.885562415,152.6005898,28.30517805,1.555550466,0.029148366,0.042758012,256.4576825,1.155855894
USGS_05569500,SimulationRaw,0,1940,1971,0.01346359,0.029981029,24.71904246,26.64278666,1.577526928,0.924145901,0.748154944,0.083019462,0.037055971,1.436125807,5.421858768,6.048022503,-0.855908176,4.093261173,0.229129368,0.684997037,6.589048225,0.379198919,950.4346606,23.30305453,1.159997488,0.610734581,0.029496311,142.7747285,2.227149408
USGS_05570000,SimulationRaw,0,1940,1999,0.0151499,0.065538397,12.41286352,39.26382451,1.780297623,0.819589258,0.845826658,0.062112316,0.154137263,1.103248062,5.348927569,9.560687134,-1.081643635,6.79695728,0.883321252,0.380038051,6.911922709,0.437371974,414.5996747,1.148863279,0.479046823,0.212571567,0.02693629,126.6013488,1.030399476
USGS_05572000,SimulationRaw,0,,,0.023028725,0.038868533,23.13455611,42.85517234,1.233030207,0.13277972,0.683509095,0.09350861,0.09472308,1.343514607,4.832125064,8.317979134,-1.12854777,4.416958848,0.033572904,0.456392484,6.188586842,0.397653392,354.5538849,3.584907911,1.126453154,0.349965237,0.052605122,63.62395446,1.776200182
USGS_05585000,SimulationRaw,0,1949,2001,0.045491252,0.025450094,13.89137274,14.09655005,1.905245149,0.720521282,0.73363578,0.097025887,0.148403793,0.989754002,4.27999099,9.505514583,-3.132070327,15.21953049,0.253975018,0.697980028,6.418554165,0.471623218,618.5130866,8.638107409,0.648229293,0.769574313,0.028332285,273.5569346,1.878215064
USGS_05591200,SimulationRaw,0,,,0.02210474,0.058800731,19.90478692,38.82785737,1.723210003,0.744402413,0.683566587,0.018179238,0.005939058,1.180545936,4.133731519,6.811256194,-1.923816708,3.749279137,0.739635489,0.774519049,6.911150358,0.475078759,162.4431506,0.636226944,1.166170538,0.192550606,0.021360803,219.7834271,1.422063845
USGS_06019500,SimulationRaw,0,,,0.044924774,0.054834417,22.00604019,34.87383154,1.845267975,0.540697741,0.78574913,0.065036613,0.033327703,1.317313286,4.064594825,4.181426187,-4.608919767,11.94744451,0.898763484,0.019969324,2.617537967,0.683464881,1705.699153,60.89971512,1.921207063,0.080216266,0.038968753,227.1471663,5.561021489
USGS_06025500,SimulationRaw,0,,,0.029231492,0.014498137,13.05702523,16.30419846,1.553477042,0.36855324,0.797509566,0.102952062,0.131460115,0.993874226,3.890467597,6.923643572,-4.897880765,4.948191763,0.037084661,0.687119457,6.740710202,0.930820899,735.3855704,23.97336499,1.045085026,0.086034501,0.044187272,274.9752472,5.490873242
USGS_06033000,SimulationRaw,0,,,0.008535088,0.027370726,20.30078464,3.004827176,1.232380947,0.156235345,0.70537383,0.124856302,0.147209337,1.313273298,5.479261585,1.569870074,-4.57875313,16.58864628,0.037213199,0.709940727,2.62397153,0.520499301,292.8521032,24.875294,0.80961416,0.09237834,0.06110273,236.8868513,2.173188752
USGS_06052500,SimulationRaw,0,1951,1973,0.041269012,0.03657613,19.90025092,24.54895994,1.943970907,0.366807006,0.821273359,0.058338035,0.085558901,0.975897463,4.037041135,9.296215142,-4.612843287,11.02248316,0.138839612,0.278107962,2.422362182,0.9893036,992.2598583,30.24925897,1.779620584,0.073035765,0.04258445,216.968346,3.777346798
USGS_06093200,SimulationRaw,0,,,0.007783512,0.018657777,13.5044152,20.98584228,1.899765882,0.316623595,0.719081402,0.087323737,0.08865279,1.276829239,5.526097543,2.898168634,-2.621222536,11.43762135,0.286406238,0.550734888,6.962482493,0.418640677,1515.212373,50.9537217,1.772037,0.298381394,0.065048118,233.460613,5.294066633
USGS_06154400,SimulationRaw,0,,,0.043638842,0.05503124,14.16351163,45.12294582,1.932007782,0.165600715,0.706008412,0.097587746,0.124697105,1.295065429,4.926571161,9.753421733,3.896755679,12.31929108,0.423188405,0.064460971,6.931788403,0.343198296,543.4776691,72.00185735,1.647897077,0.322087715,0.02009473,297.9569471,1.064029312
USGS_06208500,SimulationRaw,0,1925,1925,0.029581277,0.067636925,15.33081574,35.31340319,1.002107583,0.531647627,0.837790838,0.118893685,0.03968723,1.011743525,6.211698652,9.279892396,-1.794356761,5.405743591,0.536465092,0.575119244,4.884863319,0.908788603,964.4138774,15.01936409,1.656740792,0.022993431,0.046593246,21.37030769,5.13668673
USGS_06214500,SimulationRaw,0,1912,1953,0.026194063,0.020442524,16.77035678,24.22698618,1.916874654,0.435490272,0.707262841,0.133621361,0.098617945,1.474587687,4.433248161,8.83073161,-4.065920058,18.30690754,0.275746335,0.433012281,6.588545881,0.907899874,1401.666486,61.29908331,0.598651586,0.028210556,0.055690812,49.38340485,4.787704516
USGS_06281000,SimulationRaw,0,,,0.039288021,0.064753101,11.73449215,8.905053686,1.214795181,0.54217926,0.858539629,0.05316474,0.040312495,1.240628139,5.572187261,1.008642525,-1.382563293,1.209185779,0.646991861,0.442336495,6.338717695,0.763272185,961.8942257,30.52720936,1.950745439,0.113562786,0.032728727,236.8524482,2.019155398
USGS_06289600,SimulationRaw,0,,,0.044815394,0.051433193,10.29437855,15.31382977,1.287808773,0.260573912,0.892024418,0.142457944,0.14536931,1.083413914,6.293146175,1.201843749,-4.893565776,7.586601344,0.96213816,0.210062387,2.898754392,0.896499172,1106.581976,18.91420765,0.805189325,0.034113895,0.035287922,287.1199897,5.793898604
USGS_06289820,SimulationRaw,0,,,0.02350158,0.042057147,18.94639829,32.60229267,1.901181914,0.660574165,0.889577763,0.067323818,0.086497032,1.377384766,3.596363513,2.005514682,-3.062411322,9.868599917,0.011155727,0.738390626,2.445967818,0.819340241,739.4439732,46.46078836,1.874762788,0.072353577,0.02906716,236.0238241,5.297681395
USGS_06309200,SimulationRaw,0,,,0.024404149,0.068078052,19.51424018,30.89242628,1.391784474,0.705762083,0.886165427,0.132980209,0.068345842,1.37567574,4.700785834,8.772791772,-3.677515778,14.74622306,0.291801086,0.345334514,6.774318616,0.894838923,828.7079852,78.898854,0.373750406,0.062103502,0.066365386,43.73257002,5.145005996
USGS_06317000,SimulationRaw,0,1958,1987,0.047256913,0.044067416,23.83073076,38.67354947,1.726372181,0.480889364,0.733277551,0.149660749,0.098873629,0.789705659,5.133451668,1.147273496,0.714055593,2.477463157,0.867368479,0.485044484,6.396195737,0.515288925,675.7946831,60.35874733,1.401881449,0.243532467,0.045580239,99.31770591,1.368736712
USGS_06337000,SimulationRaw,0,1966,1968,0.046653271,0.067295697,18.90846275,44.64003246,1.571012189,0.175260639,0.838916657,0.012720226,0.091870773,0.701456137,3.733648174,7.687063093,3.495207641,12.4508835,0.906516283,0.349896217,6.549782165,0.449026817,334.3828177,19.97810696,1.779346927,0.013423398,0.067844502,60.5866918,1.297417186
USGS_06339100,SimulationRaw,0,,,0.047604368,0.05880736,25.32940456,36.25153733,1.99052725,0.355548205,0.691181785,0.132464019,0.124271718,0.753799705,3.7426996,8.116527415,2.137127907,14.59606959,0.211576912,0.088577735,6.887866138,0.469309854,573.2710267,82.26668064,1.808790434,0.597234756,0.038673995,99.97563886,1.430953163
USGS_06340500,SimulationRaw,0,1937,1988,0.036860666,0.0621001,16.17889896,35.83955628,0.741641034,0.226241611,0.733124735,0.173193375,0.116841524,1.200558048,4.225086405,5.791658669,-4.566732778,12.39512768,0.720225159,0.646249369,5.480898101,0.442826886,1639.534889,48.10672059,0.586935921,0.463971614,0.026532689,4.507678957,1.407434269
USGS_06344600,SimulationRaw,0,,,0.044776373,0.057778455,21.02220068,30.2355736,1.538287196,0.204348733,0.742024878,0.079088329,0.026755857,0.879470047,4.21264719,8.753722947,2.151644706,17.23368921,0.286190826,0.551034724,6.876336774,0.37366522,273.2174161,0.865999679,0.144426496,0.634011382,0.029587368,286.2876666,1.387490352
USGS_06350000,SimulationRaw,0,,,0.043939649,0.066305194,25.72266631,45.9357771,1.699064904,0.259401292,0.69603277,0.002714197,0.105151554,0.770081093,4.615183821,9.586863968,2.017575061,7.750626984,0.064460467,0.203884952,2.75521714,0.369384154,331.0362666,48.85038991,0.260130055,0.49803123,0.020667627,49.47751274,1.340363051
USGS_06352000,SimulationRaw,0,,,0.041741418,0.035879497,25.69613482,46.04209234,1.70499667,0.111380279,0.746073995,0.167233959,0.154879528,0.758063326,5.823772893,2.168661385,2.522823456,7.844737094,0.369809267,0.681302701,6.573196681,0.438702336,539.7566779,32.71124255,1.371440424,0.464360544,0.021811927,134.5441876,1.068593552
USGS_06353000,SimulationRaw,0,,,0.037754013,0.05935954,23.8384504,35.0954303,1.579279958,0.398597851,0.743202817,0.110911892,0.003967148,0.66627498,3.726510133,8.45489061,2.360099282,11.70761843,0.269187519,0.374926683,6.073771545,0.347505269,429.9890039,1.160840388,0.285478171,0.417111132,0.029019521,39.47531211,1.054628952
USGS_06400875,SimulationRaw,0,,,0.031541222,0.068035694,22.67579771,39.12191134,1.965149146,0.897215123,0.715722628,0.009990664,0.009085991,1.48373489,5.250734967,8.816561769,4.920633623,0.053145213,0.711104887,0.260491282,6.824476943,0.306526139,380.0752558,33.99782722,0.814979342,0.594211929,0.028246807,34.37849023,1.222658338
USGS_06402000,SimulationRaw,0,1953,1969,0.027595127,0.057852705,14.40638765,18.5961879,1.124328465,0.622757016,0.827035898,0.113829005,0.036556087,1.113936158,6.030306468,4.04980508,-3.012602811,14.1283217,0.973820763,0.467459385,6.247639197,0.535364203,1799.670831,32.17682121,1.532450477,0.01356281,0.031860426,126.6324065,2.182164714
USGS_06402500,SimulationRaw,0,,,0.009734119,0.058528665,25.37313627,44.97499549,0.898713193,0.892999663,0.696703846,0.142477405,0.019152221,0.806544638,3.633468718,8.697205453,-3.548994315,5.726448173,0.808003348,0.327335133,5.397905787,0.661630736,1936.602555,32.77525566,0.925527231,0.0916914,0.020406673,110.2896849,1.24849596
USGS_06425100,SimulationRaw,0,,,0.047891461,0.068101422,18.76692047,35.39997394,0.801872299,0.297387169,0.846342571,0.075763175,0.076627572,0.727466263,4.054647877,7.993543807,2.921347456,6.245820535,0.095947098,0.4108441,6.469724868,0.501610408,573.6862517,63.21966755,1.439291872,0.5608974,0.031101255,5.252731064,1.245551835
USGS_06425500,SimulationRaw,0,,,0.019614904,0.029804406,12.9707411,13.01786367,1.820520874,0.227019226,0.684298274,0.094484926,0.113706676,0.949686893,5.34965663,1.965818237,1.276941965,10.84625,0.514015866,0.35777745,6.020637158,0.549129398,1372.871183,0.504220187,1.20953568,0.481576176,0.024097876,20.3676535,1.334256388
USGS_06430500,SimulationRaw,0,,,0.022498766,0.050746188,22.03210979,45.22341803,1.413089323,0.139094976,0.875923721,0.075038433,0.01821609,1.214883688,3.733177658,9.737939691,-4.940671475,8.128977761,0.573623373,0.465508164,2.756453936,0.506045494,1975.95177,34.36361739,1.869239206,0.041835859,0.020191372,1.856810603,1.65662398
USGS_06431500,SimulationRaw,0,,,0.037473459,0.039649132,16.41437726,34.19103812,1.839360946,0.313014367,0.682839901,0.119040895,0.136780575,1.009297633,4.5182886,2.805502129,-4.240776198,17.72021815,0.853376402,0.578019148,0.541084984,0.325372996,1531.472927,56.12626308,0.13254199,0.025587112,0.021627811,7.661807076,1.389176654
USGS_06433000,SimulationRaw,0,,,0.01251456,0.036512895,24.74211672,33.24088947,1.318491979,0.239576368,0.818691703,0.004276182,0.055851391,0.994347756,5.976550407,4.995988857,-4.668388081,10.97292076,0.22722054,0.113155985,2.480442102,0.376664142,1485.094807,0.593588987,1.652662304,0.170226771,0.09295267,211.0369577,1.114398383
USGS_06436180,SimulationRaw,0,,,0.018931727,0.042260778,11.46072603,27.03278175,1.765935707,0.546321738,0.798708013,0.015832756,0.115766585,0.945736956,4.031919062,3.911455334,-4.381500106,2.346146364,0.361163146,0.409646759,1.582716525,0.522336826,346.5187344,9.419977603,1.881137851,0.150195359,0.023914034,12.24861413,1.671085819
USGS_06436190,SimulationRaw,0,,,0.014288264,0.033044719,15.26719523,17.58334486,0.992261332,0.935563882,0.727962663,0.146625158,0.049029866,1.372431531,4.262446631,0.420559549,-4.860762965,3.723888713,0.268947132,0.269878674,2.306494579,0.449170561,905.5229474,43.32925185,1.584930795,0.124186271,0.038011419,6.964169399,1.988012008
USGS_06436198,SimulationRaw,0,,,0.026502243,0.044645903,17.38828362,13.09865194,1.320622882,0.555095939,0.866974979,0.110272421,0.085346145,1.445536733,4.277802468,1.65786664,-2.652289633,3.429863709,0.674832802,0.546926562,4.64829971,0.904416865,652.3921197,71.06265953,1.961483375,0.01,0.070180935,9.716425819,1.418897522
USGS_06447500,SimulationRaw,0,,,0.037991832,0.053020756,25.29442248,30.17114547,1.378066295,0.250223445,0.688779591,0.04848426,0.05612945,0.773369777,3.901893269,6.797012116,-4.01217111,16.59487235,0.950795612,0.54636552,4.470229333,0.664813072,1922.969928,37.57198859,1.581391059,0.141764649,0.022569349,288.8065187,2.601131873
USGS_06449100,SimulationRaw,0,,,0.038336054,0.068516118,20.07463613,42.85032589,1.025407383,0.859149279,0.803185701,0.147740208,0.109029458,0.703119765,3.78739238,1.066358379,-4.037800554,3.47566164,0.762020013,0.17359293,2.94194833,0.815169806,1962.579918,24.22716021,0.565790001,0.053993184,0.021990118,172.286072,1.106071324
USGS_06449500,SimulationRaw,0,,,0.041213859,0.060106949,25.23938122,45.62183697,1.93733666,0.159851507,0.74618048,0.142602055,0.083680274,1.254988503,6.279962107,9.9397851,-1.632251632,12.41545651,0.637311054,0.799438579,4.033192146,0.778911493,1970.439573,12.27362191,0.91499983,0.049800826,0.020321616,86.31992616,4.873355769
USGS_06450500,SimulationRaw,0,1970,1973,0.035521865,0.017937982,24.85559519,34.40203623,1.267709247,0.529478134,0.683062792,0.15411708,0.111715853,0.908597212,3.831621127,8.637528069,-4.811406904,5.952986407,0.102344618,0.29634834,2.617619497,0.698880687,1959.449937,66.77439785,1.520580652,0.111183946,0.02004259,75.9681296,1.175387109
USGS_06452000,SimulationRaw,0,1922,1985,0.041541516,0.05263766,16.86752579,28.57936359,0.802887789,0.439666793,0.80002692,0.091442913,0.118289726,1.157017201,4.715903222,8.410059819,3.428839347,8.389388632,0.571512535,0.146125279,6.933603318,0.484956428,1184.52882,37.83346685,1.303115701,0.588737043,0.024622494,56.17797845,2.121796811
USGS_06463500,SimulationRaw,0,,,0.028003285,0.04343781,20.50492904,29.68812087,0.582328728,0.861206682,0.728806897,0.014446521,0.117891226,1.07257903,3.850931409,4.518062027,-3.101949786,6.604128545,0.414297662,0.143734657,2.072791028,0.719067942,1989.013509,29.62415717,0.398056693,0.023795027,0.022146581,180.3230973,1.381682328
USGS_06464100,SimulationRaw,0,,,0.016110482,0.066398873,13.34594067,37.74747726,1.494754296,0.281276976,0.836051549,0.128609871,0.10910164,1.155281672,5.49554773,5.659579055,-4.885688549,0.346165929,0.285953552,0.170756001,3.368924294,0.509777138,1996.800958,42.56759537,1.823464573,0.234212014,0.020957177,24.42669245,2.492742167
USGS_06464500,SimulationRaw,0,1972,1972,0.02416309,0.036024877,13.58888591,31.12025886,1.363704751,0.567605734,0.794560716,0.143194882,0.029016153,0.857662732,4.993451853,7.374954002,-3.723678217,18.15016066,0.94693378,0.125435522,6.472454756,0.337991216,1848.552489,39.76546041,1.239589122,0.228133626,0.020486288,192.5231522,4.359475272
USGS_06468170,SimulationRaw,0,,,0.042213514,0.056686023,25.66868819,44.7327462,1.928084627,0.267221558,0.699777856,0.122993038,0.033661484,1.057687543,4.820890247,9.014912741,-0.013843288,8.223987877,0.047595961,0.455939852,6.771572399,0.380041548,376.0735129,56.18763158,1.367360843,0.08778501,0.067964435,97.06351323,1.131749055
USGS_06468250,SimulationRaw,0,,,0.038325972,0.062112235,23.39617023,34.1948378,1.625425561,0.781089827,0.738603355,0.030299848,0.045841539,0.929147068,6.444880952,7.959070807,0.170687909,9.57213549,0.996982344,0.638915099,6.948297585,0.519947049,400.6460143,5.535711656,1.251844897,0.038291026,0.051247957,74.64817582,1.444820592
USGS_06469400,SimulationRaw,0,,,0.032546515,0.044062395,24.29703229,40.74486084,1.626844327,0.698608678,0.692573491,0.085577583,0.13482874,1.219312027,5.963458523,9.314399419,0.346563501,12.13007714,0.382419888,0.546281529,6.769480263,0.325154008,364.7363733,3.030582486,1.833242362,0.195806865,0.041745828,183.3000195,1.198988371
USGS_06471200,SimulationRaw,0,,,0.047033598,0.068550398,25.5255045,35.15456995,1.843420452,0.156315769,0.720190024,0.13821347,0.117185611,1.170335185,5.846821246,9.364591524,4.606520422,10.03593403,0.099729025,0.230816035,6.968994932,0.350384429,614.7792453,34.45860534,1.303169625,0.497817079,0.027555071,222.3349192,1.490648833
USGS_06477500,SimulationRaw,0,,,0.045820482,0.055272733,22.92031765,22.03567143,1.926598386,0.446079708,0.766890548,0.043036604,0.040667174,1.373786773,6.355371315,8.452927574,4.351856914,1.35916807,0.976066811,0.77892551,6.968816992,0.361254489,908.0456223,91.66772723,1.21290476,0.011822798,0.05598642,1.765334233,1.235186376
USGS_06479010,SimulationRaw,0,1958,1958,0.022322357,0.039831796,17.02192111,39.84892006,1.500425576,0.536962106,0.745296625,0.132399253,0.111120448,1.126599734,5.332756798,5.905068007,-4.237975272,10.28974028,0.73365256,0.139812136,6.552668401,0.562068921,680.5469333,26.06262129,1.262453998,0.295890997,0.041965133,68.53305697,1.831444325
USGS_06479438,SimulationRaw,0,,,0.043131558,0.063635497,22.65007052,42.37728033,1.927666541,0.784554011,0.773222892,0.074708012,0.050104943,1.451817835,5.201337371,3.943399506,0.154429033,4.846056015,0.75313889,0.293369647,6.855117181,0.403331088,474.6508184,69.59758064,1.155699892,0.513354882,0.04700497,241.0785171,1.040791188
USGS_06479525,SimulationRaw,0,,,0.043306294,0.051513721,24.94511991,44.25163195,1.947071906,0.217692211,0.727561182,0.09115737,0.137454847,1.460385444,4.918132104,7.778187793,-3.105774717,1.978352163,0.211998234,0.619069282,5.475572394,0.488455968,406.2583335,53.23765456,0.742935292,0.106901058,0.051485747,70.13901531,1.550733441
USGS_06480000,SimulationRaw,0,,,0.030230904,0.048711583,22.18767024,41.66015473,1.347614892,0.890627419,0.863854634,0.041448965,0.056727065,1.294026882,5.219506018,2.625150752,-1.050836207,14.84560644,0.417444924,0.016370057,6.77082951,0.321501528,587.4854551,31.19493332,1.812756713,0.140299308,0.043733486,31.12325135,1.628416296
USGS_06481000,SimulationRaw,0,,,0.03154051,0.046967529,21.2142864,28.01584851,1.161607855,0.396809244,0.753732243,0.095502546,0.132684111,0.941202997,6.171948591,3.455202671,-1.437164265,18.79552788,0.796867482,0.632261552,5.254148313,0.583936626,537.7083297,17.72113444,0.210509156,0.050458337,0.057617579,278.5283836,1.728545429
USGS_06481500,SimulationRaw,0,,,0.029303301,0.043843534,15.39708993,26.16541678,1.935568911,0.915791808,0.774239767,0.083158888,0.05100847,1.230202708,3.518589236,0.420088148,0.138105443,14.46557208,0.427137307,0.355341182,6.474908799,0.578337355,590.4738548,71.50942656,0.822977223,0.379850404,0.0308673,211.6690049,1.567018648
USGS_06482020,SimulationRaw,0,,,0.041249331,0.02539167,21.9842281,27.58732587,1.359239157,0.959150022,0.69896372,0.02472595,0.100547248,1.434481183,5.49496628,4.461745929,-2.168176487,15.73067178,0.434720345,0.544651044,6.42856176,0.420765817,492.6876245,34.42375565,0.940339803,0.068096844,0.072663445,209.0746041,1.474243254
USGS_06483500,SimulationRaw,0,,,0.021848449,0.018366472,16.62898555,30.03688724,1.85140014,0.750362359,0.853700727,0.138083681,0.036109389,0.981017718,4.338455873,3.406466155,2.213220425,17.32621954,0.514718535,0.6829697,4.988979807,0.327877338,1434.517384,10.35640778,1.929896402,0.392066587,0.031487255,208.0862843,3.768046499
USGS_06485500,SimulationRaw,0,1966,1973,0.028427767,0.05184485,16.49639877,29.6361682,1.570441009,0.932692129,0.873989985,0.080975084,0.008912495,1.038164143,4.536767215,9.654072972,-4.461949907,17.6651171,0.799841139,0.170718683,5.159158602,0.545117785,623.694819,26.96065818,0.653045211,0.054481358,0.076234635,132.8634602,2.315981262
USGS_06600500,SimulationRaw,0,1965,1965,0.010127803,0.007468652,23.37318026,40.59401429,1.89400031,0.307058393,0.825170078,0.093215362,0.042131783,0.757074292,4.569785763,0.342340028,-4.095653957,13.04125348,0.335249962,0.16291156,4.369610501,0.514901621,1420.955945,82.87467276,1.568090085,0.358530922,0.02044897,19.54392212,1.78697956
USGS_06605000,SimulationRaw,0,1941,1941,0.045186852,0.012013687,25.69068792,40.70239516,1.582177928,0.514665777,0.727487556,0.156876497,0.081418736,0.982378914,4.399933284,4.131029504,-4.387039567,2.24104898,0.822262826,0.176418101,6.79829048,0.740094069,1226.859453,11.12973311,0.836838595,0.617579896,0.030056802,126.837303,3.837743847
USGS_06605850,SimulationRaw,0,1941,1941,0.018774314,0.062446507,21.33464058,42.9591417,0.685735348,0.986508694,0.856174975,0.085851679,0.046971921,1.428485037,5.709463083,8.156235555,-3.693019658,16.56231909,0.944951976,0.468044761,6.806253081,0.351578186,1040.318491,94.90750815,1.924380277,0.05216858,0.076392236,296.3937735,1.906850399
USGS_06606600,SimulationRaw,0,1941,1941,0.029541209,0.02964991,24.20135483,39.53129809,1.87486282,0.988155637,0.703250113,0.136530102,0.054387081,1.10679023,5.152566692,2.040870454,-4.330430609,9.969015738,0.239086463,0.379526334,6.464877697,0.631998775,1070.927451,48.94311229,1.334064955,0.108134378,0.097393485,49.67436553,2.588276456
USGS_06607200,SimulationRaw,0,,,0.018912746,0.04744988,17.14343357,23.61092097,0.689463647,0.765179125,0.832817414,0.059416853,0.002548337,0.689163891,4.362942647,8.354356831,-4.846941864,5.771519687,0.747139079,0.114079015,4.900409643,0.553805368,1027.90671,24.94581572,0.75717766,0.143880658,0.027346026,11.61860921,1.285030592
USGS_06607500,SimulationRaw,0,1941,1986,0.016824085,0.045247348,20.72358728,28.50565778,1.308486702,0.808217705,0.699514143,0.122378855,0.00611629,0.6957273,4.180554392,4.198753149,-3.9926606,16.29835487,0.474538444,0.060263517,5.142786723,0.548764785,1674.991002,91.6533161,0.914970094,0.213232502,0.048390535,186.6045377,3.982847896
USGS_06609500,SimulationRaw,0,1961,1989,0.038070309,0.021977092,24.09761364,3.92428152,0.993628027,0.811087555,0.734805733,0.09297671,0.013444972,1.216042129,5.905835986,7.578813978,-4.427157717,19.14659034,0.082247698,0.16117138,2.130398146,0.386604613,556.5090336,8.591475446,1.873633226,0.278752787,0.022074006,30.35930782,1.187227589
USGS_06647500,SimulationRaw,0,,,0.044664902,0.025707449,8.399079931,11.64222077,1.63069056,0.327400792,0.787624434,0.114015703,0.133116674,0.950052834,3.519393346,8.165401223,1.943630674,4.514104325,0.207730986,0.002165417,6.917480252,0.607765896,383.6138472,76.78346513,1.646919264,0.216822335,0.07876766,144.6537694,2.852341938
USGS_06710385,SimulationRaw,0,,,0.034565342,0.03860857,23.088044,38.76990821,1.463094239,0.571755062,0.758201983,0.162535071,0.013054378,1.011850599,4.274353064,1.195164809,-2.531436096,16.91521015,0.056249059,0.757537824,5.429954515,0.993752185,452.7749404,61.74069918,0.610310163,0.095328273,0.030474224,246.8449707,5.77960599
USGS_06775500,SimulationRaw,0,,,0.047965036,0.063839381,24.04952747,39.96588806,1.568829962,0.473660281,0.824866628,0.163801506,0.084994211,0.884245398,5.415534969,8.017329936,-4.247958861,1.553338765,0.619148486,0.551876043,6.406848817,0.335469813,1995.808757,12.55815428,0.834792977,0.242669241,0.024968154,85.39512548,1.098945114
USGS_06786000,SimulationRaw,0,,,0.03061598,0.043019467,24.86157062,31.23528393,0.970933706,0.806526923,0.783938603,0.162560759,0.129056662,0.791688877,3.892880228,6.316914007,-3.339574191,9.585509015,0.808251998,0.299321303,1.54874833,0.452505313,1969.544256,1.379916286,0.930558315,0.054904637,0.020737942,195.4772182,1.106815341
USGS_06807410,SimulationRaw,0,1960,1960,0.012602282,0.00871415,18.48282731,40.35262928,1.842453386,0.214633833,0.710024344,0.052510133,0.060669609,1.227564746,5.470466049,5.448072539,-2.405945121,2.468337523,0.889314807,0.282209645,6.851475945,0.889222047,1654.715236,1.51566492,0.500623219,0.236693277,0.023736614,12.0438024,1.434475437
USGS_06808500,SimulationRaw,0,1960,1983,0.030378306,0.007401087,19.57078689,45.62725945,1.152300842,0.850537205,0.757663301,0.013007702,0.104313128,1.165663698,5.585331299,1.821361839,-4.270933594,7.232494199,0.497732947,0.786544272,6.119257848,0.583522891,1073.072175,5.728082665,1.930861312,0.220499824,0.021673704,34.77924,1.399292896
USGS_06809210,SimulationRaw,0,,,0.019836873,0.066847585,7.321916984,42.12106061,1.647825438,0.527340565,0.72280795,0.128417934,0.030157223,1.409506917,4.702507608,6.391994963,-0.414381509,10.36115979,0.13449876,0.547944095,3.042471764,0.333552936,270.2639242,29.51772065,0.353860894,0.214483748,0.024709841,8.109148492,1.231017606
USGS_06809500,SimulationRaw,0,,,0.012095406,0.021317547,24.39050798,46.29745064,0.606278049,0.691434366,0.718237764,0.014793892,0.059731006,1.249691399,5.060582716,9.790039941,-4.605909859,14.84836265,0.061035722,0.703104774,3.000629127,0.362952325,512.2363866,17.06992804,1.403903494,0.28075039,0.029004156,31.18919417,1.285435887
USGS_06810000,SimulationRaw,0,1960,1984,0.023838496,0.048987755,18.77546676,23.62712824,1.179439131,0.732426597,0.741422891,0.04874114,0.055811866,1.329166886,5.046934663,3.977783698,-4.444681637,17.89747481,0.1312693,0.634277788,2.588322116,0.45167458,1057.737863,22.19861127,0.517871073,0.331448315,0.050405338,278.2859712,3.075610421
USGS_06815000,SimulationRaw,0,1936,2000,0.036850777,0.044561916,24.70545596,42.85025515,1.467251653,0.851375601,0.887759243,0.071414853,0.016779529,1.09051122,5.564448482,0.799675891,-3.339676901,9.215424651,0.365137244,0.073189569,3.41089002,0.898336125,255.1941801,38.72319291,0.68241985,0.492561511,0.021439389,2.359866805,1.301907121
USGS_06817700,SimulationRaw,0,1957,1974,0.040855831,0.029372201,19.24066064,12.36479007,0.738709663,0.937873885,0.875985054,0.098489988,0.058706435,0.760894834,5.902034484,0.788559237,-4.237687025,0.408952897,0.30008234,0.283801503,6.102013119,0.798742312,647.5234126,70.9443507,0.475328723,0.533266754,0.029955166,248.9556803,1.343078828
USGS_06846500,SimulationRaw,0,,,0.046708803,0.068946175,25.2668495,40.6178766,1.924610018,0.257242193,0.705458318,0.167670781,0.132342636,1.445826566,5.168862825,9.790601093,4.650367782,0.992548662,0.266048252,0.039858099,6.174496019,0.301695221,1879.428265,69.0573012,0.600010009,0.045567183,0.021745692,58.88745617,1.087739033
USGS_06847900,SimulationRaw,0,,,0.043680985,0.062573258,25.51752596,45.34341108,1.890992481,0.112209872,0.710827273,0.120259446,0.11249497,1.392999401,5.647151922,9.232351309,4.230249519,0.127920125,0.391328321,0.782424949,6.99572875,0.30249177,1937.548089,91.40917322,0.95350048,0.078486013,0.020105384,279.3078348,1.035344456
USGS_06866900,SimulationRaw,0,,,0.04689493,0.067046869,25.38748871,45.57286319,1.931608842,0.224979689,0.700531071,0.088529085,0.14476974,1.433352701,4.673964274,9.038412803,4.734283094,2.42996625,0.234854972,0.151232106,6.955909224,0.318257829,642.0571154,74.19173815,0.117246959,0.123575404,0.020650877,90.31298565,1.092836949
USGS_06867000,SimulationRaw,0,,,0.047995244,0.064793442,25.46758711,35.27910257,1.075355646,0.845657636,0.860462866,0.128850488,0.05786961,1.459793713,6.063773706,0.963728811,-4.701610559,4.683321257,0.959893327,0.215067901,5.590468317,0.47589262,339.5104951,0.213804841,0.309845733,0.442060741,0.020292485,224.2439528,1.385357232
USGS_06897500,SimulationRaw,0,1960,1993,0.045933711,0.013517099,17.13871294,34.54193145,0.674789248,0.351519855,0.851533341,0.002395145,0.120827486,1.241953649,3.615263262,6.381,-1.275552601,5.706806285,0.60758164,0.744054938,6.389202667,0.432777833,467.6493466,1.064223926,0.845092951,0.774620344,0.020675265,43.74612665,1.541274353
USGS_06902000,SimulationRaw,0,1960,1995,0.047431902,0.058276323,23.84585201,45.66779417,1.132637239,0.78284267,0.883399242,0.065285506,0.037121552,1.386772753,5.332908567,3.452418783,0.285792148,11.35839552,0.28612478,0.469399464,4.97044239,0.459352464,127.4484089,94.02420859,0.632160396,0.540561565,0.097582399,106.3587276,1.898900441
USGS_06918440,SimulationRaw,0,,,0.013956086,0.031691552,22.26644919,21.05026477,0.787222486,0.894076439,0.790683374,0.108056805,0.035371091,0.87197326,6.002316888,5.012551492,-2.553241228,2.404949922,0.215041819,0.522471533,6.06147696,0.84813154,310.3952257,99.18378407,1.488066932,0.520047014,0.041412404,58.90968532,1.487892324
USGS_06918460,SimulationRaw,0,,,0.030661489,0.014003581,20.02955316,6.717937485,1.775238534,0.536485694,0.877044019,0.143798558,0.123326119,1.077728004,5.632865179,6.18299187,0.976430683,3.920082065,0.595453519,0.028455089,2.356132332,0.812488286,149.4337753,94.49420575,0.760543635,0.5279484,0.058630525,61.74152127,1.108963622
USGS_06932000,SimulationRaw,0,1963,1963,0.038547403,0.037777943,6.477925322,34.17010033,1.531203596,0.721967733,0.729294629,0.120265068,0.067295903,1.461464089,5.092368052,9.76568865,-3.569920838,1.177017679,0.38913081,0.558510106,3.873079999,0.922068842,1159.128512,28.37421894,0.651464967,0.243652152,0.052370967,5.666059646,1.213999741
USGS_06933500,SimulationRaw,0,1963,1963,0.044172549,0.027926858,24.29551435,22.4596828,0.546385569,0.538761413,0.721919773,0.142462852,0.138368547,0.693591267,5.047970702,5.596322354,-0.199827315,17.44492412,0.25931872,0.10171122,3.60321667,0.914775761,548.1828932,2.219667689,1.418218449,0.396131081,0.077050368,140.4594495,2.058276989
USGS_06934000,SimulationRaw,0,1963,1963,0.044115001,0.029242727,20.81062417,16.78069054,1.87196732,0.879758449,0.86453123,0.098266661,0.134731534,1.230184365,3.529913136,1.747233399,-3.744512313,16.8776811,0.094093967,0.251381356,3.976252306,0.537623402,685.7575043,0.53827705,1.617881387,0.344541248,0.058946912,7.084773869,3.529385459
USGS_07013000,SimulationRaw,0,1949,1949,0.041275251,0.03147526,5.349478167,26.5081758,1.543782251,0.441004124,0.813526739,0.028964649,0.047238927,0.741228159,6.203204838,7.400220118,-1.702061506,1.714689158,0.539495331,0.27540391,2.983737986,0.620499795,1194.528061,81.70001893,1.912406403,0.432150227,0.052150305,14.38613678,1.230874474
USGS_07014500,SimulationRaw,0,1949,1986,0.02850358,0.062086982,20.26673008,19.57997027,1.140900619,0.741411553,0.839878081,0.080593279,0.069814505,1.386524308,5.601590212,9.883938389,-0.38879606,1.530359009,0.628874724,0.097268055,1.519066408,0.779872389,407.144286,1.369573991,1.331823181,0.3617977,0.037704576,19.02966442,1.301650026
USGS_07016500,SimulationRaw,0,1960,1964,0.036888705,0.040986645,21.51731356,33.08169184,1.957409643,0.195731946,0.74033915,0.051475478,0.0203121,0.717879175,3.518389684,1.792022743,-0.462774358,16.40338452,0.919317228,0.027146794,5.440792709,0.757187825,190.6092798,2.767215476,1.503740654,0.791347019,0.04371759,287.6976679,1.851978654
USGS_07018100,SimulationRaw,0,1955,1981,0.028875221,0.023997635,22.29664893,12.55089413,0.547529616,0.585869143,0.710903115,0.166749554,0.103862246,0.970558238,4.479510392,6.065978375,-4.439305551,7.406464772,0.53894096,0.108192681,1.695418513,0.657654241,204.6427412,86.50511818,1.013444234,0.454602936,0.066114395,12.71386002,1.107131151
USGS_07018500,SimulationRaw,0,1950,1989,0.02429795,0.051280122,10.28951698,17.01676735,1.550750872,0.483969551,0.894195293,0.162183542,0.051837758,1.344756453,4.094637754,7.143713888,-2.745498329,9.258060539,0.540302351,0.393044475,3.569130979,0.892188576,774.9536041,2.93401643,1.039547927,0.650144263,0.027738493,8.512221465,1.654990021
USGS_07019000,SimulationRaw,0,1941,1989,0.037362088,0.063585957,21.98168828,42.59840074,1.603557574,0.243715827,0.733606094,0.015586163,0.012210978,0.878381079,3.704212031,5.367614585,-0.548447091,9.422393896,0.922937656,0.168567141,5.173904161,0.811500677,622.7703046,0.764796927,0.106678074,0.544755138,0.061975803,21.35613661,2.642726341
USGS_07029500,SimulationRaw,0,,,0.044874912,0.056169435,21.30770967,37.93919719,1.772123349,0.351593797,0.68374245,0.038950901,0.008883804,0.674855659,4.210716785,0.430438629,0.969278748,18.44848016,0.586117399,0.054556938,2.432324462,0.756285165,350.0374119,0.67946718,1.190692722,0.22386032,0.030528423,98.37135223,1.710174089
USGS_07030240,SimulationRaw,0,,,0.0106524,0.034709491,18.0111671,35.78757976,1.496840879,0.729142197,0.823246444,0.014983993,0.069226734,0.903518753,5.095515509,4.941100331,-4.616327745,3.693014745,0.933226858,0.096886408,1.080578056,0.375135036,501.0131264,14.36234258,1.045271365,0.433075801,0.021213308,8.817943568,1.127220316
USGS_07031650,SimulationRaw,0,,,0.04592655,0.063501831,20.43345093,20.05158165,1.225984048,0.148094007,0.766583432,0.045371191,0.031268396,0.796638147,6.161606514,5.444471216,-1.178853702,5.205347543,0.452651896,0.047220624,1.858617597,0.965442665,1049.253762,49.79798647,0.785393853,0.284052221,0.074463168,12.82204418,2.002773765
USGS_07037500,SimulationRaw,0,1944,1971,0.02704993,0.03222317,19.7788915,12.72742256,0.555151413,0.834060169,0.680945897,0.069820229,0.095157035,0.761012178,5.999287453,4.891102258,-2.770010127,3.239220118,0.904394494,0.769649601,5.722555769,0.74724825,413.3562386,0.871740874,0.584428693,0.70394735,0.062261386,33.44514208,1.370579678
USGS_07050700,SimulationRaw,0,,,0.04165876,0.029091264,16.92971284,23.79552293,0.605034744,0.992856983,0.689562159,0.052227986,0.018921099,0.670439753,5.635737773,7.873721771,-1.030382538,6.239246663,0.013595089,0.240131373,6.05101551,0.660509159,219.6793823,57.58031878,0.228569545,0.726071049,0.028080602,132.5578192,1.075803086
USGS_07052500,SimulationRaw,0,,,0.01954297,0.011479354,17.81335857,34.38228764,1.080907154,0.859228968,0.789776875,0.037227592,0.112293175,0.895352069,5.370176653,7.384372489,-4.598053709,0.181582383,0.278371011,0.614472574,5.243469505,0.810927209,518.80798,9.066118507,0.170906476,0.490640526,0.067601645,9.487564891,1.140216173
USGS_07056000,SimulationRaw,0,1977,1977,0.029180172,0.059173,12.20782244,31.68844213,1.718078759,0.978950505,0.734250444,0.1097482,0.041150435,1.104266015,4.522454728,4.538004486,0.100067232,6.378673673,0.594786661,0.357162267,3.766630733,0.337629982,168.2595564,91.64273907,1.107710268,0.687656702,0.081256959,259.9317909,1.310953376
USGS_07057500,SimulationRaw,0,,,0.017916587,0.061727186,21.55511368,34.26647011,1.309641873,0.981323724,0.825130956,0.050381903,0.157743816,0.706685187,5.800885172,6.050390531,3.212493405,7.800922404,0.214131872,0.773088313,0.85991648,0.844064425,166.7953512,9.860838638,0.319035594,0.301131921,0.023786806,185.0790472,1.168152646
USGS_07061500,SimulationRaw,0,1963,1981,0.037490306,0.010544174,6.812789615,16.59469031,1.659703317,0.765662727,0.738201913,0.083743394,0.097695338,1.281217868,4.015316247,6.768754388,-3.531331698,1.622518423,0.981633298,0.574668664,2.359383566,0.378294117,608.1634047,92.2685621,0.940807039,0.390647611,0.045311651,11.18540904,1.002091187
USGS_07066000,SimulationRaw,0,,,0.019212114,0.003298389,24.1173383,20.42620561,1.78144315,0.543921226,0.780113007,0.034778736,0.090511028,0.887648074,5.18789615,1.511939572,1.213761986,4.521430743,0.921920884,0.763215455,1.679194185,0.79965755,721.1366255,1.671130525,0.332126419,0.255942926,0.042704434,7.497303107,1.102579383
USGS_07067000,SimulationRaw,0,,,0.007635009,0.008016896,9.562043581,14.27604484,1.725478684,0.347921176,0.738661428,0.004937874,0.078064728,1.262914296,5.967812587,1.31030105,-4.683239779,2.51156413,0.742399736,0.779436966,6.222659713,0.455980868,1821.424148,5.917862807,0.712856645,0.355315824,0.023495298,36.96490581,1.205079326
USGS_07071500,SimulationRaw,0,,,0.047737481,0.016305461,23.79396398,2.514520995,1.741747154,0.535109317,0.800200224,0.051398179,0.132255755,0.719197648,5.826751124,6.474115449,-4.052947436,5.104024816,0.255759559,0.372596197,2.176864374,0.826851049,1266.163154,30.33811768,0.543734491,0.335607618,0.025468414,172.8850799,1.1378348
USGS_07072000,SimulationRaw,0,,,0.045665347,0.039873727,16.5585335,38.36561739,1.42189777,0.402565938,0.867415945,0.012306212,0.088493161,0.704385721,3.572431206,9.603389313,-4.165583799,12.16770341,0.736157343,0.006149173,0.851655909,0.339182039,1062.057295,47.62920273,1.783446719,0.097070876,0.027297912,12.67560378,1.653448143
USGS_07072500,SimulationRaw,0,1942,1998,0.043207255,0.064986798,23.94846055,34.47096319,1.388866068,0.939971965,0.826941113,0.007258222,0.028830915,1.00525448,3.679430334,7.43145802,-1.408325566,13.13965482,0.097749922,0.33422877,1.268286047,0.717727176,438.3158668,10.00822357,1.091135992,0.151014045,0.050037813,52.91005925,2.366895992
USGS_07124200,SimulationRaw,0,1963,1963,0.041138526,0.006288091,24.05519726,9.518139548,1.717643984,0.693697474,0.880311196,0.130470986,0.049065727,1.050012707,5.280863162,5.788728445,1.02591004,18.00468688,0.331267919,0.216418158,5.265420876,0.325480724,890.7454373,72.83911058,0.410165835,0.095910279,0.041304613,121.3930813,4.279262069
USGS_07141780,SimulationRaw,0,1984,1984,0.045889833,0.06337752,24.91653752,41.21296271,1.51145433,0.293485795,0.807782006,0.113227933,0.125034503,1.333037476,3.753605477,6.48421938,2.843540948,0.281009739,0.692599416,0.769840686,6.847410253,0.359862161,1913.697383,15.09168542,1.056157214,0.289251117,0.020540313,151.1824884,1.092617611
USGS_07145200,SimulationRaw,0,,,0.016777152,0.059009766,14.24676707,40.38170092,1.802001243,0.592755728,0.732890364,0.114361039,0.037006197,1.200667469,4.633689294,9.293232042,-2.261401581,2.567035276,0.842042138,0.743886395,2.439612021,0.840179602,1707.575587,86.16511126,1.908864318,0.22910346,0.020538676,8.899663909,1.459381631
USGS_07149000,SimulationRaw,0,1954,1968,0.029655125,0.049295901,24.20312734,27.21172313,1.232496186,0.659223151,0.866255605,0.053060926,0.089255824,0.724642003,6.43859761,7.80558955,-3.585689786,0.10127594,0.383543465,0.274585473,3.409191791,0.69189884,1412.196187,44.57215937,0.662847429,0.540997592,0.027574024,97.91510619,1.900864067
USGS_07151500,SimulationRaw,0,,,0.0049512,0.063031804,24.85618606,36.6451903,1.58779196,0.115038054,0.850368397,0.158134283,0.038126308,1.15634014,4.428721473,5.112636309,-3.549177943,2.826397724,0.592398404,0.713261339,6.430704886,0.379819456,1788.513241,92.216716,1.947901815,0.474997413,0.057707627,3.951458995,2.0767656
USGS_07152000,SimulationRaw,0,1991,1991,0.019537836,0.039068191,24.79931211,10.07425141,1.31903476,0.673143613,0.724886148,0.113304735,0.118946789,1.246740855,5.342313763,1.921875506,-2.396749213,16.95020465,0.696580547,0.491062686,2.503778407,0.585980599,129.0202232,20.00702146,1.459783363,0.68127205,0.024028017,226.2688787,1.433061149
USGS_07154500,SimulationRaw,0,,,0.044269997,0.057758457,25.58731014,40.00649588,1.816290855,0.1409774,0.747915301,0.133219848,0.120823037,1.218344581,6.453656116,9.915964474,3.625407236,0.692944683,0.823910342,0.014645551,6.359243956,0.340306688,1948.20152,34.32321529,1.81538291,0.035702304,0.022080728,60.60971171,1.402314295
USGS_07186000,SimulationRaw,0,,,0.046960543,0.037884054,13.52774758,31.61223264,1.073315886,0.834557901,0.688755297,0.134309792,0.050836155,0.683877092,4.37742469,5.29533929,-4.431059282,3.85997299,0.020301047,0.750743797,3.832707623,0.555218568,182.6409927,86.82252157,1.591268136,0.662784689,0.021261228,71.74548899,2.091053979
USGS_07187000,SimulationRaw,0,,,0.039604054,0.021468457,10.59944668,9.167493835,1.695532971,0.955297065,0.710488787,0.019513556,0.127472987,1.015259409,6.040900129,5.792668777,-2.918461253,18.01064053,0.166434408,0.161954963,3.435321773,0.421048489,1288.037872,34.49362457,1.776737372,0.526454925,0.028540469,21.44065881,1.990588401
USGS_07188000,SimulationRaw,0,1905,1905,0.045892037,0.012522718,18.85565555,44.93058506,1.760596138,0.981406959,0.797228055,0.112929373,0.106541878,0.678843239,3.945440788,8.984997768,-0.734364624,8.357883412,0.777170067,0.418233977,4.355031791,0.839129242,305.0533203,39.04140869,0.405163391,0.548281238,0.02831309,7.038436581,2.034641858
USGS_07191220,SimulationRaw,0,1959,1959,0.036851513,0.061651396,6.692864047,18.21122804,1.442148098,0.234411464,0.74058506,0.075790507,0.002335216,1.298960051,4.731221503,6.308571518,-1.860590572,1.174781872,0.122140387,0.212572239,6.216687631,0.978703972,1158.830089,15.00042751,1.732044974,0.408396979,0.060578456,22.41402238,1.276271595
USGS_07195500,SimulationRaw,0,1963,1975,0.041002515,0.043537445,23.82360635,5.275034171,1.997287918,0.759732293,0.797374912,0.001238894,0.059866501,0.720776152,6.31692325,4.399091337,0.472878059,11.22977292,0.482263504,0.407569392,1.412558302,0.706951511,466.4500357,8.230769243,1.250171586,0.582785653,0.031318538,62.7528024,1.215950287
USGS_07196500,SimulationRaw,0,1963,1977,0.032132876,0.050173946,14.77350268,17.7472496,1.863397661,0.905215796,0.843642665,0.016626889,0.006617515,1.114188888,3.747398927,6.88809335,-2.560247666,1.549105837,0.907371675,0.606516326,4.933725966,0.859725103,949.9525868,57.27599123,1.540131557,0.469960092,0.072464875,11.48406492,2.114382804
USGS_07197000,SimulationRaw,0,,,0.038192756,0.03207027,22.14270703,30.01386853,0.818704808,0.602023417,0.786358052,0.16352428,0.130545351,0.768496719,4.536094613,8.8531418,-2.961935189,1.022863886,0.006885105,0.576517727,4.601403241,0.318800463,22.1449727,90.63685698,1.268141047,0.346513819,0.043651413,242.7282172,1.384817581
USGS_07207500,SimulationRaw,0,,,0.019585541,0.025594751,17.36579402,34.01084963,1.244758559,0.816130527,0.796727914,0.019933643,0.039099302,1.440692934,4.458287171,6.890438193,1.553398346,3.229742946,0.411292016,0.014581422,4.517108542,0.411566511,437.8519973,16.4108389,0.129646893,0.283769039,0.026726487,209.6150141,2.077104552
USGS_07208500,SimulationRaw,0,,,0.009241506,0.068353132,14.83538912,31.66366159,1.987351335,0.369587506,0.841051436,0.138745157,0.121960217,1.480107951,4.971537263,9.617663513,-3.896225799,18.85407092,0.466622227,0.283895784,6.280289662,0.514160412,517.0792283,0.527292993,1.29280995,0.056776574,0.040724878,236.8509128,5.132757875
USGS_07218000,SimulationRaw,0,,,0.039235158,0.018861656,12.74423372,15.39846017,1.13402109,0.120331128,0.889928254,0.151040449,0.051911163,1.053418257,5.694767135,9.886264154,-0.913629687,6.134085808,0.702108988,0.514054846,4.732545497,0.337625021,323.75149,30.58724927,1.574566207,0.293628141,0.020477042,262.4521719,1.285148567
USGS_07249985,SimulationRaw,0,,,0.043939489,0.057634385,22.1767772,43.45395532,1.62146311,0.112957322,0.784469072,0.109023305,0.146918807,0.875017202,6.407115153,9.631192668,4.171236615,17.06939683,0.115462763,0.779462839,6.993213775,0.536532533,658.0660051,66.45466194,1.605919671,0.952191188,0.075968536,4.632179038,1.313678185
USGS_07252000,SimulationRaw,0,,,0.03297277,0.060767664,13.20249098,18.18375449,0.62595557,0.153732926,0.794283717,0.118634319,0.117855634,1.089362102,5.443994846,9.636875771,0.731478856,8.582625101,0.481747488,0.417581958,6.683301352,0.301344031,59.23516268,0.110871617,0.119293068,0.285347709,0.094404729,5.943085931,1.409370354
USGS_07261500,SimulationRaw,0,,,0.045553034,0.060502908,25.6076908,41.09350592,1.604302079,0.178661377,0.813234783,0.169822656,0.134846113,1.160551556,4.603197214,9.919383422,-4.98559357,19.24816827,0.928359866,0.101355423,5.828699835,0.485156759,329.3481146,2.838483574,1.470437154,0.717259774,0.065720884,0.251810264,1.138296027
USGS_07289350,SimulationRaw,0,,,0.030731998,0.06860298,18.00394996,35.07032948,1.113976111,0.480758516,0.682735449,0.076152218,0.0214596,1.018303434,5.212057363,9.844456757,-3.9761841,19.06228266,0.06601153,0.082317719,6.224353496,0.511200025,438.7469524,3.56356456,0.081904258,0.60362684,0.075207925,192.7811672,2.274447621
USGS_07290000,SimulationRaw,0,1965,1965,0.044925915,0.04570194,15.72299552,27.99892999,0.926667494,0.136598785,0.688014093,0.085427097,0.135611979,0.837866907,4.531619844,2.07466235,3.768380336,18.09510168,0.4419797,0.075372602,3.912000523,0.530293603,357.4738964,62.36432532,0.25044955,0.16217514,0.097117864,179.1243972,2.280252734
USGS_07292500,SimulationRaw,0,,,0.029191079,0.006657108,16.94749696,25.69747269,0.988851681,0.426477745,0.852683517,0.138435948,0.115301087,1.431264715,3.787453779,5.877854457,-4.467654551,0.073738194,0.988185895,0.173817968,6.2090912,0.973463134,1917.492526,99.7186249,1.264299299,0.441396787,0.029430784,13.62601609,1.306280411
USGS_07301420,SimulationRaw,0,,,0.0364325,0.065151045,25.10810707,46.11902248,1.968545017,0.393574685,0.862726991,0.064665565,0.068235704,1.327971758,4.381100094,9.853401247,-2.494758173,12.17485856,0.685988608,0.135912455,5.188980327,0.337574682,629.0945207,56.63608058,1.369391862,0.284204135,0.029771982,106.1200324,1.092473647
USGS_07356000,SimulationRaw,0,1946,1977,0.010681937,0.026661025,20.33583937,24.86386128,0.733497388,0.899574178,0.731093237,0.037828307,0.155758016,1.29667809,6.34954849,1.388765871,-3.992681384,12.496787,0.223772813,0.200325944,5.053993528,0.303568249,312.1287689,17.70703113,1.27034567,0.584028044,0.076626365,103.3295462,1.067198546
USGS_07375500,SimulationRaw,0,,,0.024608572,0.045861012,16.6910128,38.28989562,0.616148985,0.886579113,0.816467066,0.04321081,0.124552817,0.690177378,5.493940802,5.237400934,-0.482216216,18.0688709,0.701295069,0.524189257,3.488854272,0.720984882,1514.943363,4.728404596,1.515519276,0.266155985,0.041968307,22.71967264,2.349775534
USGS_07376000,SimulationRaw,0,,,0.037925548,0.043580535,20.85927344,39.69554918,1.905198098,0.431800131,0.743985568,0.129287745,0.085307607,1.13961571,6.064601029,4.507662864,-3.230947954,14.07316337,0.18197553,0.761772547,3.912679502,0.793741871,1437.122929,87.79021558,1.889409614,0.408230439,0.038365941,5.351167273,3.981297532
USGS_07377000,SimulationRaw,0,,,0.029447912,0.030302433,17.8957103,20.2397004,0.611953956,0.758409435,0.818915383,0.064220528,0.054046568,0.735946801,6.352410323,8.520210367,-2.208935242,9.507816721,0.519783437,0.687859228,1.739904524,0.634414458,521.8040942,4.86187114,1.739420436,0.276702502,0.030684757,39.16001496,1.174785705
USGS_07378500,SimulationRaw,0,,,0.036252838,0.02719263,24.64412817,43.8899875,1.886047031,0.567107938,0.874373269,0.113988369,0.086608655,1.358948277,5.73706947,8.947022702,-2.625757642,11.68948578,0.94077179,0.542882747,5.893971086,0.90084829,1271.106806,9.60385481,0.651218235,0.367655615,0.076620188,2.923386263,3.027250231
USGS_08013000,SimulationRaw,0,,,0.031740376,0.043124445,16.3490946,19.41103956,1.544874541,0.910515003,0.773823436,0.067034033,0.012971493,0.894796705,5.778874536,5.672101979,-1.545666967,7.757723711,0.338047662,0.035193455,4.794290109,0.356983113,433.2373886,26.32737809,0.205760739,0.472266661,0.0280041,6.958720605,3.406838092
USGS_08013500,SimulationRaw,0,,,0.042762141,0.043960131,23.43368038,42.8205089,1.016066357,0.491460466,0.698379012,0.066827551,0.058698802,1.233154492,4.527644356,1.975425613,0.931755382,10.77887169,0.680569642,0.70714808,3.334619059,0.450902042,133.7209674,2.109288918,1.521297589,0.251239535,0.092350385,283.7957804,2.265302116
USGS_08014500,SimulationRaw,0,,,0.031531621,0.030157218,23.29800607,29.60808762,1.228990169,0.583753326,0.786158429,0.145288765,0.022305501,1.05933045,5.165726793,8.99520221,-3.579817127,14.80840958,0.664934348,0.77636855,1.893204072,0.543750587,925.0968067,4.941833936,0.909931391,0.378349874,0.077331613,5.888604018,2.851825494
USGS_08015500,SimulationRaw,0,1961,1961,0.033911544,0.068311559,24.65189396,29.30307774,1.460588414,0.501275047,0.829911247,0.1147753,0.023926021,1.099445131,4.325942773,8.501188659,0.421940628,0.556139913,0.764804506,0.522151898,6.560639335,0.627090742,868.8298813,15.23958776,0.525013558,0.451164346,0.099762121,11.68112372,4.41439078
USGS_08082700,SimulationRaw,0,,,0.046978282,0.067902053,25.20211039,43.98139772,1.999037314,0.151121803,0.726824031,0.155140947,0.099683057,1.422539518,5.983059095,9.937607858,4.414123636,0.527867693,0.925449447,0.039580349,6.806894089,0.317507024,904.3238453,25.24942313,0.412060639,0.362912295,0.020190648,248.1637951,1.36936211
USGS_08103900,SimulationRaw,0,,,0.036765558,0.057103999,21.80738663,22.24431688,1.788464181,0.326250872,0.897580334,0.131743552,0.144431289,1.357942911,6.30644322,9.955984069,-1.405095664,10.22866566,0.475434906,0.309449338,6.62371295,0.3340156,317.4958329,51.24242266,0.573227396,0.526059404,0.067594004,268.0386793,1.448690282
USGS_08144500,SimulationRaw,0,,,0.041980775,0.04992346,25.67384551,40.24062263,1.892976621,0.126248234,0.704686015,0.096333987,0.066093498,1.307464527,5.960373597,9.604037658,2.768210753,0.036776682,0.239801676,0.765225253,4.589592288,0.413502181,1984.561534,47.06367357,0.656042762,0.400173762,0.022021155,121.1708775,1.18458283
USGS_08150000,SimulationRaw,0,,,0.044122594,0.06371231,24.66876303,34.76891559,1.421543445,0.188222063,0.877066409,0.156366908,0.032600094,0.825411745,3.576819049,4.247131537,0.940099383,2.313908996,0.042789784,0.03157374,1.473648322,0.441763915,1489.99399,41.96952698,1.482085748,0.043438531,0.021056165,1.434505774,1.367660969
USGS_08150700,SimulationRaw,0,,,0.042876382,0.063341233,24.63259505,12.22777658,1.5906052,0.92000894,0.837874895,0.169581821,0.134099403,0.763334967,4.448270628,0.866269873,-4.431666901,0.706690894,0.810358202,0.435386361,2.10660098,0.430976171,1522.760442,90.71776475,1.752111785,0.284719411,0.020004649,1.46937804,1.497624334
USGS_08151500,SimulationRaw,0,,,0.028504658,0.050496979,18.92707686,39.86761212,1.71377466,0.783168707,0.754275216,0.019068846,0.099780062,0.746249614,6.421458645,0.526331956,-3.383805077,6.082920939,0.138638814,0.167609964,5.655579609,0.778826475,1176.060982,1.237199804,1.755565864,0.46406084,0.020090137,160.2817496,1.092910428
USGS_08158700,SimulationRaw,0,,,0.038183424,0.062314668,16.85965731,20.86767124,1.626122095,0.133811473,0.703458261,0.139733935,0.070117635,0.793094344,6.188343194,2.427056791,-2.591953826,15.16449485,0.961370405,0.058392752,6.438420033,0.30463412,133.9215386,89.21561859,1.918590328,0.327884262,0.062980726,258.0181977,1.209805693
USGS_08158810,SimulationRaw,0,,,0.044528723,0.066124373,23.286452,23.95207086,1.454095017,0.119852227,0.841390121,0.14542577,0.068102559,1.05525105,4.775513964,1.669663901,3.650494382,4.44896312,0.837207141,0.242009943,6.667610055,0.313819262,189.3271728,39.8421593,1.704769644,0.767982594,0.044846841,175.4035515,1.567052414
USGS_08165300,SimulationRaw,0,,,0.032685748,0.047017113,16.16474374,32.01177328,1.42689704,0.254620933,0.863787056,0.11398018,0.157497954,0.657057675,5.272648625,0.295162092,-3.623179732,9.116547605,0.429402438,0.187329188,2.33447754,0.749267264,1940.848746,94.54753325,1.646734787,0.145804269,0.021482041,8.165978593,1.185221931
USGS_08165500,SimulationRaw,0,,,0.017243313,0.054863106,22.60613478,33.94802633,1.381492943,0.991222275,0.784356595,0.167927372,0.01005578,1.323370807,4.312277659,3.125289285,4.380793703,11.76892659,0.98904665,0.504420783,2.222679659,0.367045981,1577.531769,74.3875216,1.154069865,0.302613678,0.022484853,103.3095282,3.710771187
USGS_08166200,SimulationRaw,0,,,0.045400594,0.053182954,21.79191501,20.29964738,1.325787845,0.153742349,0.882347333,0.111047198,0.026510131,1.477351167,3.857679392,7.484448999,1.826037214,1.779863623,0.809566698,0.661511846,1.036066793,0.528402452,1725.408207,25.69282405,1.530663406,0.289905262,0.020039506,6.396870582,1.279200888
USGS_08167000,SimulationRaw,0,1986,1986,0.042115948,0.021479901,22.08253797,25.62227915,1.303301604,0.721060282,0.897104467,0.047621777,0.141858373,1.148419911,3.622725071,2.28473095,-4.262483205,9.267773482,0.765273011,0.045373071,1.984005177,0.810874439,781.7323282,22.51216089,1.879972144,0.536110262,0.023699807,7.965170675,1.23953359
USGS_08167500,SimulationRaw,0,1986,1986,0.018953552,0.038675395,21.01158247,22.81388122,1.315290835,0.692045622,0.77145715,0.031704216,0.060333976,1.065675651,3.741306953,2.824229463,-0.504991434,4.006890136,0.849157331,0.441154064,2.750611939,0.762487369,502.5852192,1.979238538,1.983291765,0.43381956,0.031972144,9.934456665,1.175102979
USGS_08171000,SimulationRaw,0,,,0.029665339,0.047892558,12.50842713,23.76721057,1.756011011,0.574805778,0.850838039,0.155015054,0.030832803,1.429432937,4.061644058,9.525334807,3.297240254,7.238012836,0.811579332,0.08101008,5.749708144,0.797631271,951.5923519,22.79650463,1.991348695,0.169485611,0.035763366,5.573017486,3.358127624
USGS_08171300,SimulationRaw,0,,,0.047573613,0.026460352,23.71915888,43.86367376,1.166896032,0.774773937,0.756745759,0.059016468,0.081480647,0.718603826,5.270897957,9.463173706,0.912188245,15.19113076,0.947774787,0.153776584,6.542055135,0.843010227,539.5420873,61.03048394,0.648332102,0.42456452,0.059100073,8.471845441,1.806504743
USGS_08178880,SimulationRaw,0,1964,1964,0.043365785,0.056609062,21.23918653,44.86316026,1.367293248,0.165330987,0.743966776,0.09244157,0.015810833,1.470170673,6.223434321,9.551235418,-2.413857546,4.00925635,0.946471382,0.772029851,6.431535408,0.976359268,428.4349936,1.490228437,1.668195954,0.141833822,0.058141971,18.9179122,2.71746553
USGS_08181400,SimulationRaw,0,,,0.024214779,0.029809517,23.56421655,37.24345971,0.982600416,0.315350981,0.755066271,0.014974173,0.025858461,0.750511013,5.299742196,5.276042529,3.946539045,16.45258999,0.653964967,0.146825047,6.230793027,0.311462913,316.5000985,9.868788158,1.716816785,0.784682353,0.025963569,10.7755853,1.065414571
USGS_08190000,SimulationRaw,0,,,0.045216891,0.034796626,16.76897523,2.915166093,1.877999316,0.270310124,0.852423366,0.031590829,0.031099136,0.890785154,6.358539289,9.353708686,2.591679478,15.13165026,0.492271469,0.033292819,2.407325723,0.479837755,994.7386634,80.48638265,1.672179838,0.142975431,0.04647693,3.656291818,1.212509393
USGS_08190500,SimulationRaw,0,,,0.047112342,0.040012365,23.93826,45.73447678,1.945607684,0.407582046,0.82732589,0.019627694,0.024704258,0.940936648,5.313245705,0.43839907,-2.232653986,10.52611674,0.212339001,0.442596436,6.87418571,0.357188447,791.246914,75.19532413,1.949894323,0.060045279,0.020102387,0.94835508,1.396198448
USGS_08192000,SimulationRaw,0,,,0.040750098,0.06402888,25.49063138,36.61212656,1.259982545,0.115622598,0.895385246,0.021910116,0.054960547,1.083182797,5.523509935,1.591967521,2.762342727,14.79593709,0.485052918,0.168366835,5.713869605,0.644243702,434.3984007,25.03460704,1.25036007,0.620643603,0.020065532,25.27794838,1.244657968
USGS_08193000,SimulationRaw,0,1947,1947,0.044918387,0.066069671,25.29832816,43.46952101,1.946786009,0.478740635,0.76259303,0.047745116,0.011867147,0.929709821,4.68897189,3.524245694,4.44398849,1.457878702,0.109383469,0.480552232,6.950944139,0.362143909,468.0618201,0.511870172,0.154556423,0.227576809,0.028277788,295.1432703,1.042283546
USGS_08194000,SimulationRaw,0,1947,1947,0.044161909,0.064742726,25.03622238,43.42775603,1.513119073,0.427775545,0.684201192,0.154128733,0.13343956,0.715315141,5.940658611,5.806401361,-3.669280101,1.278553336,0.700661169,0.033477629,6.881330583,0.396055688,412.8966351,95.80907875,0.429253824,0.440120553,0.026304339,44.37644791,1.194646643
USGS_08195000,SimulationRaw,0,,,0.036480527,0.057576534,23.97771842,17.53722734,0.858762388,0.668952618,0.848766693,0.000270402,0.134767896,0.949031536,3.748431387,2.149629059,4.838049967,10.13892023,0.202145065,0.557232755,2.218322821,0.80806897,1453.42803,27.2869589,1.870288703,0.354085711,0.029844842,11.97905347,2.325117114
USGS_08196000,SimulationRaw,0,,,0.037910599,0.018568339,15.18272794,6.674274341,0.70386553,0.364756876,0.830778629,0.077574373,0.102785579,0.840658869,6.309818378,8.480721196,-0.911845014,19.6923353,0.375943935,0.23379282,5.992160464,0.737627017,846.3925594,53.52515435,1.083985329,0.483660455,0.036276052,2.892902009,1.193842615
USGS_08197500,SimulationRaw,0,,,0.041189678,0.059077694,23.99651257,44.37951427,1.420890645,0.271050887,0.739218151,0.042828426,0.048293188,0.769066212,3.945731094,1.444170507,1.432895593,17.54438908,0.825469822,0.178497064,6.757278633,0.385369333,1212.664516,69.09892286,1.481112933,0.394690694,0.020894924,177.7734877,1.345790523
USGS_08198000,SimulationRaw,0,,,0.028903841,0.031599251,14.0520555,35.46634341,1.738771692,0.902070112,0.708020469,0.070672149,0.057903906,1.057428159,5.410166089,4.920064958,-0.867042896,18.57448895,0.93564601,0.630683432,4.502533061,0.875422828,200.1073838,3.55790312,1.887284359,0.173675644,0.023764399,84.62097183,1.386483558
USGS_08198500,SimulationRaw,0,,,0.045668797,0.058300094,24.09468221,44.18189554,1.875279998,0.13969408,0.683907231,0.053896122,0.014214176,1.261215016,3.896606561,9.653894303,3.777799744,14.29081932,0.8655287,0.530156074,6.749695448,0.324147411,176.3980218,10.22192072,1.096520865,0.502608645,0.024321127,37.70147818,1.044320036
USGS_08200000,SimulationRaw,0,,,0.011309109,0.056649691,15.82474227,31.54706317,1.137495503,0.987513303,0.750640601,0.015598228,0.014795339,0.843736445,4.633373345,8.786992987,-1.730495959,17.29172739,0.938665827,0.314002752,6.542188203,0.463247731,214.0950386,5.354918298,1.965093707,0.015634334,0.020799126,55.81802443,1.469339107
USGS_08201500,SimulationRaw,0,,,0.024793258,0.044521668,14.38432816,14.42985144,1.877422755,0.800248034,0.727433412,0.033301613,0.082849579,1.20530248,5.910210953,2.157973731,-2.732692048,5.450297732,0.571829418,0.735201236,4.016650455,0.517759223,155.857312,0.279387181,1.976540704,0.257495503,0.040723243,109.1525542,1.322538229
USGS_08202700,SimulationRaw,0,,,0.045553894,0.064926881,25.09660001,34.41754794,1.820495187,0.125462378,0.696010955,0.135321992,0.157992094,1.399773539,6.289902037,9.487991389,4.170005571,0.284111797,0.376290951,0.039198111,5.764110858,0.373675453,1940.124567,69.51300072,1.107164011,0.07440991,0.02149472,0.338924389,1.041935001
USGS_08206600,SimulationRaw,0,,,0.03720244,0.032709289,24.78507961,42.09724071,0.893668803,0.512681743,0.690085197,0.167214582,0.010586067,1.350737166,5.796181143,5.449768201,-3.36380621,8.860878657,0.502736401,0.316880696,4.837238213,0.355223067,1775.258189,38.83181967,0.381142986,0.209416696,0.036317062,51.14772132,1.163272046
USGS_08265000,SimulationRaw,0,,,0.043019122,0.055643744,10.97357316,12.58359073,1.569999759,0.504758252,0.712971416,0.130545364,0.043567558,1.010634659,6.112717657,8.872047554,-2.220814099,16.72066447,0.431807426,0.67350435,3.452240038,0.664801988,461.3642972,99.10877422,1.377362589,0.032290048,0.020863977,156.3705607,5.13763378
USGS_08269000,SimulationRaw,0,,,0.006321439,0.026581655,19.19268738,5.237120622,1.746722876,0.378071471,0.889625481,0.063088395,0.131507221,1.147391709,4.247961956,9.86906471,-2.982195034,16.05780439,0.538848144,0.01801074,4.367305576,0.540066442,426.822948,96.81406225,0.063036722,0.087539605,0.032915982,257.6715529,5.256450121
USGS_08275500,SimulationRaw,0,,,0.036059045,0.033798366,5.790516846,23.8161435,0.717586785,0.1460468,0.760824722,0.14332526,0.041158717,1.165008252,4.762899511,8.840161041,-3.389429063,8.378184697,0.943977361,0.634053204,6.853038782,0.397373778,704.6542736,87.43432095,1.857546159,0.011788195,0.045863481,248.432267,3.280632039
USGS_08276300,SimulationRaw,0,1967,1967,0.014345183,0.015621608,15.14447599,14.59137533,1.610705154,0.333457384,0.855753904,0.034600738,0.016368092,0.835099459,6.1931252,7.327120246,-3.259674859,12.68292381,0.725347415,0.438522448,6.576794064,0.357135441,453.5389835,98.22413601,0.88314961,0.113139359,0.043412264,107.4108366,3.023940266
USGS_08279000,SimulationRaw,0,,,0.021272437,0.035158848,13.39104433,7.201372354,1.573739576,0.632744237,0.851830128,0.091028464,0.050393014,1.095095604,5.874442048,9.979556827,-1.940779493,11.90166186,0.292594725,0.008043484,6.203949805,0.509316374,551.8780863,43.48577867,0.553003348,0.024814008,0.040926359,177.6010469,5.692652616
USGS_08284100,SimulationRaw,0,,,0.045440593,0.003692095,25.55246858,32.09083056,1.896170224,0.575265483,0.861054237,0.088255119,0.132979522,1.013989931,4.809724148,1.235181537,-1.635177548,2.436779489,0.491945437,0.525533337,5.464893206,0.748672837,1686.212482,91.68171886,0.771036824,0.107575099,0.025519265,145.6463779,3.326632818
USGS_08289000,SimulationRaw,0,,,0.015020571,0.056311348,21.71621177,24.60878971,1.302143365,0.867298777,0.874679441,0.021650755,0.112851494,0.996168508,5.834946269,6.148678212,0.430688773,2.794901211,0.317486792,0.01561222,3.59812169,0.519286578,408.8037053,12.27010527,1.503487381,0.115367494,0.035855218,179.1444897,1.781811811
USGS_08291000,SimulationRaw,0,,,0.037283028,0.057588438,17.17047295,15.82789857,0.623759812,0.90897669,0.738983361,0.040017818,0.04079592,1.134499798,5.847139146,2.262203783,0.49698278,3.136395865,0.551942117,0.149517625,6.879973121,0.957460637,1900.468234,80.61523128,0.704827068,0.278959621,0.02008516,208.3743539,5.992354808
USGS_08377900,SimulationRaw,0,,,0.019436427,0.033228667,21.41029798,17.3009141,0.732890121,0.897013569,0.757665987,0.171284913,0.016388825,0.685735298,5.760986923,8.292851978,-1.709162872,1.432773334,0.530673241,0.146071479,5.628331634,0.972233717,847.8205002,72.07570068,0.303392029,0.301515497,0.020044518,4.129532814,5.193662199
USGS_08378500,SimulationRaw,0,,,0.02755394,0.053267329,7.553209602,18.72025224,1.904533032,0.235627087,0.898329314,0.14953489,0.020458734,1.152296123,5.901260078,8.21044349,-2.441275891,18.10619862,0.247403656,0.373721363,5.124245783,0.77537242,571.8363139,78.85998551,1.678567681,0.110771731,0.031251555,26.83961481,5.715462543
USGS_08477110,SimulationRaw,0,1937,1937,0.008273102,0.044933138,13.95885678,11.779898,1.425215559,0.234296896,0.757106977,0.158630922,0.059837863,1.425251694,3.73965448,2.144076039,-0.366209032,3.568827798,0.579646312,0.165017564,4.591281434,0.578620462,530.8283741,0.430497548,0.597122096,0.468609468,0.021912115,175.7699011,1.459526501
USGS_09022000,SimulationRaw,0,,,0.029874201,0.004383613,16.35515349,32.41829477,1.792849812,0.326916069,0.891273783,0.118580411,0.02091943,1.315553166,3.646340129,0.385217511,-2.858173376,1.1905564,0.865208146,0.051186219,4.586317845,0.85344542,51.00428711,14.42204318,1.8310071,0.039048267,0.025135595,53.36830202,1.913564187
USGS_09026500,SimulationRaw,0,,,0.046513151,0.054303426,24.31415766,44.13676126,1.721160015,0.457416121,0.781892939,0.148809583,0.076944784,1.270667467,5.488751651,1.905466762,-3.37493521,9.193892395,0.906991582,0.575589315,1.367046448,0.402849364,613.9987295,57.69446758,1.537174953,0.051736344,0.02155354,190.4620124,5.237842639
USGS_09046600,SimulationRaw,0,1965,1965,0.042673092,0.028256886,22.30322809,6.125111452,0.717055336,0.172687493,0.868994873,0.104065045,0.131516634,0.877077815,4.461759131,9.984810843,-3.948099666,13.3647993,0.02662523,0.081861023,1.992674737,0.459505533,681.4645309,75.58000886,0.347858573,0.108195143,0.037158223,141.1993621,5.02633989
USGS_09050100,SimulationRaw,0,1977,1977,0.025247698,0.054186469,10.51139183,20.09732368,1.140686108,0.446075571,0.832478402,0.144801551,0.143699707,1.050829525,4.780060696,0.505390714,-3.414846132,1.294626572,0.667975634,0.006380213,5.899687979,0.838295695,1421.253563,23.97089466,1.208423547,0.014576626,0.022980126,77.80052828,4.417901965
USGS_09066300,SimulationRaw,0,,,0.019882661,0.034379367,18.99198415,30.74810552,1.543566944,0.657179016,0.844792117,0.016451871,0.107210787,1.268765823,4.049341629,0.181850672,0.396617049,2.726776677,0.018034184,0.094455282,2.679674789,0.903883986,567.5811261,98.72639418,1.306558737,0.056425085,0.020265349,91.34304277,4.171658605
USGS_09073300,SimulationRaw,0,1930,1930,0.046611203,0.050948613,12.11722219,21.20361826,1.240800535,0.410101616,0.759784535,0.123613511,0.117882183,0.738718679,6.286827588,3.799273343,-4.973159133,3.302192775,0.941122347,0.047941381,5.799755283,0.906625334,1817.197496,58.896397,1.773509416,0.028734864,0.022962135,270.4171841,3.488899854
USGS_09073400,SimulationRaw,0,1930,1930,0.038481228,0.01628985,8.601744578,33.52172874,1.24916035,0.975529762,0.72557398,0.057174671,0.009400913,1.27559915,3.757646547,1.221959476,-4.308123074,4.392023476,0.738683851,0.015046253,6.624010003,0.998956904,1367.653197,93.22879932,1.079049167,0.053145444,0.020171724,299.8675985,2.244862351
USGS_09074000,SimulationRaw,0,,,0.011405777,0.001740848,23.98616003,39.77049225,1.800286244,0.426125364,0.754982645,0.11205835,0.0270262,1.15779681,4.714010533,8.106743913,-4.248831762,1.156534361,0.701318736,0.044693482,6.473727266,0.936415957,462.3856251,61.61620694,1.135799577,0.043653583,0.026115906,115.1995431,1.798975538
USGS_09107000,SimulationRaw,0,,,0.04700646,0.037020995,18.97623701,28.04215155,0.828715452,0.200416746,0.790502179,0.111841741,0.030319749,1.339103272,4.383215744,6.795571548,-3.504782525,4.7841716,0.031032516,0.204567142,1.796003551,0.683926528,1013.214687,66.56777379,1.892268885,0.018891046,0.020696247,173.117433,4.84094656
USGS_09118450,SimulationRaw,0,1950,1975,0.021154372,0.050411622,21.37569643,43.07538289,0.717216243,0.383589411,0.770972967,0.072956842,0.134398698,1.412394607,5.825918098,4.350397631,-4.78263272,19.44062247,0.064692008,0.017196958,5.930527381,0.393511643,1904.243664,33.93882298,1.206938223,0.032228996,0.022598453,69.25142106,5.256827275
USGS_09119000,SimulationRaw,0,1950,1980,0.033654347,0.031860525,11.75814571,37.79297364,1.845058391,0.995595764,0.843657742,0.093893107,0.081413744,0.790437068,6.131571223,9.600293764,-4.700686258,19.10169442,0.674618921,0.021988442,3.847075889,0.528705296,996.1191242,64.96758528,1.49071313,0.031658033,0.022308095,214.116483,4.529743915
USGS_09124500,SimulationRaw,0,,,0.039192986,0.047725544,8.457778654,26.31035925,1.268559612,0.718616466,0.832163044,0.157565709,0.135768241,0.710984918,5.143318522,2.465492605,-4.039628802,1.587238556,0.30793862,0.04811265,6.161936119,0.776909053,775.8170164,43.27403741,1.90519188,0.033044167,0.020243776,167.5622898,1.213540385
USGS_09165000,SimulationRaw,0,,,0.028280285,0.060467386,15.77096429,32.36137665,0.70206767,0.624917199,0.789971176,0.069718345,0.048958271,1.409070535,6.479859425,8.820921608,-0.989082616,5.523284366,0.223205505,0.05232635,3.694020058,0.89570375,1133.978203,34.87915925,1.601104134,0.023497115,0.022483559,125.2368565,3.802145122
USGS_09172500,SimulationRaw,0,,,0.023622566,0.054186953,24.6892377,41.33014388,1.691826172,0.153386287,0.862948583,0.105931078,0.059215814,1.079623677,5.481628088,9.392839345,-2.887101124,2.538454136,0.167468544,0.102025554,2.86289193,0.789495259,1342.061968,68.2611676,1.858248724,0.06309118,0.027614062,41.26158719,5.985884472
USGS_09177000,SimulationRaw,0,1959,1978,0.009585878,0.030378889,19.60218094,28.25971851,1.612631657,0.512988551,0.731575953,0.096840301,0.076451724,0.94870156,4.79315525,7.762171321,1.662154603,3.25696519,0.087193632,0.316802489,3.043439413,0.49630836,922.9814673,87.65564783,0.109852053,0.124114175,0.020099851,255.8256797,4.776231911
USGS_09183500,SimulationRaw,0,,,0.016858019,0.044283506,8.428566577,14.79272632,1.467459123,0.248805465,0.793662158,0.052991082,0.093122772,1.321457759,3.97257789,3.594592481,-1.10125561,14.52081136,0.036157186,0.260608621,4.539151026,0.917018748,695.2917564,88.20530237,0.812616564,0.032118387,0.021264685,60.8838855,5.43246936
USGS_09210500,SimulationRaw,0,,,0.013954701,0.040881793,15.53403402,26.94425806,1.397553557,0.137072942,0.851869797,0.138541335,0.081280852,0.683180365,6.044018967,9.894850009,-4.514167657,18.33041002,0.49224513,0.447788554,5.406223877,0.919298433,1086.344151,53.77472185,0.635143645,0.097078118,0.032324456,292.195296,5.911278633
USGS_09304200,SimulationRaw,0,1964,1964,0.039170449,0.012139092,10.53259606,32.25407787,1.581368844,0.936947209,0.866607583,0.165789411,0.023677071,1.254507161,4.806142371,1.832557971,-3.661794076,0.872816108,0.800522654,0.072098056,2.230089371,0.774315717,1370.987027,56.78230357,0.229892226,0.013317568,0.022975464,262.8227702,2.577562578
USGS_09304800,SimulationRaw,0,1964,1964,0.040848622,0.033155208,17.75871358,32.34293036,1.925633688,0.589422314,0.841975297,0.064925299,0.142766292,1.239240577,5.962049838,9.500030433,-3.922569049,19.96858129,0.085791259,0.681508353,2.422455852,0.887679508,1046.404697,55.96579158,1.462813098,0.021822449,0.029430135,113.5842521,5.738902502
USGS_09306200,SimulationRaw,0,,,0.023627797,0.048544169,7.94240925,44.93833225,1.631996208,0.906922206,0.765267509,0.17272481,0.147218159,1.352734511,5.151329604,2.206735764,-0.441829555,2.200658595,0.524019921,0.058791413,6.728472951,0.496366382,1519.176305,57.09747686,0.721497703,0.018458066,0.020269844,208.6440001,1.494156768
USGS_09306222,SimulationRaw,0,,,0.013422862,0.047700048,17.55453803,27.44393382,1.089281283,0.87691879,0.763944356,0.172275538,0.020037004,1.049204325,3.680329306,3.093292023,1.727090457,7.912907652,0.208311582,0.003683436,5.261711284,0.327999558,1163.52294,48.97161349,1.403495775,0.025045264,0.027148359,23.08987488,1.47178696
USGS_09306242,SimulationRaw,0,,,0.038920635,0.0404951,23.14966101,44.26770865,0.600466934,0.819256847,0.720034918,0.072726358,0.109935081,0.963395415,4.15304104,0.542187699,1.519383865,3.90536123,0.064761155,0.166032811,6.418699692,0.551178947,1731.109708,2.00650282,1.100816241,0.085673464,0.026506771,263.4522586,1.199600058
USGS_09306290,SimulationRaw,0,1964,1964,0.04464561,0.018986588,17.5339169,18.66252596,1.656868087,0.237590946,0.801229862,0.111444247,0.080623348,1.096076426,4.956924391,6.080947884,-4.192491111,1.755011157,0.54212859,0.525754386,2.949523055,0.697729252,1301.275899,42.20282993,1.073773772,0.061098634,0.027767143,217.6398621,3.678008634
USGS_09306500,SimulationRaw,0,1964,1984,0.021472665,0.00848853,22.6002633,8.781609414,1.933389707,0.349490593,0.810499825,0.122172532,0.118397067,1.316600049,5.262931827,5.984219661,-2.537208591,4.758868441,0.92067691,0.32459554,6.845228367,0.651144969,1430.010036,90.30995163,1.43178322,0.054742792,0.032727679,45.14479706,5.229378939
USGS_09337000,SimulationRaw,0,,,0.012133935,0.042845063,6.755624921,41.85567054,1.942429299,0.950433709,0.768915866,0.153633395,0.132253445,0.719700553,5.761904429,4.627012669,-1.42224896,1.092991471,0.606296439,0.164810105,5.686113466,0.504815396,1228.621435,43.2655067,0.667435806,0.060835653,0.020840242,120.5103496,1.746218741
USGS_09346400,SimulationRaw,0,1965,2000,0.038589094,0.036005185,19.90963857,15.4215552,1.175660132,0.563572908,0.718480561,0.090232335,0.140347871,0.759449932,4.700982725,9.289639157,-0.74031157,10.78648421,0.887327906,0.331247684,4.626921142,0.727228287,1234.513824,33.6863136,1.888927692,0.035960002,0.029447206,150.244425,5.665139912
USGS_09349800,SimulationRaw,0,1958,1964,0.021973293,0.009614815,12.75704478,4.129878609,1.716327105,0.152902653,0.693370949,0.160799625,0.097661922,1.479543505,5.262133089,1.669725307,-0.152249142,4.015258486,0.06996715,0.314481099,5.908026113,0.958120019,655.1083292,77.81263286,1.786825643,0.087409322,0.020228734,80.29864216,1.145847092
USGS_09378170,SimulationRaw,0,,,0.027596405,0.032864448,18.58723646,22.98262896,1.659793727,0.290604565,0.819077554,0.063565232,0.102974361,0.821659784,4.364667207,4.793335453,2.429980941,5.748706114,0.842664332,0.61068459,6.111722915,0.702753407,881.8611666,92.90693928,1.81477611,0.06986889,0.031067865,291.1318427,4.07012397
USGS_09378630,SimulationRaw,0,,,0.0130614,0.048379011,15.96934859,28.84978926,1.534156978,0.532133407,0.843044326,0.023809276,0.016518456,1.474897377,5.241925776,4.928970061,3.710751663,18.01128976,0.009330164,0.013448148,6.781081532,0.308381886,426.8724108,56.0401102,1.470157342,0.052756734,0.03279159,140.7729419,4.32827876
USGS_09386950,SimulationRaw,0,,,0.038894692,0.067909677,10.87008498,34.07078312,1.516624609,0.493948929,0.878006378,0.019646554,0.087217784,1.024216173,5.695977166,6.630934141,4.769288027,0.176520884,0.20754257,0.788583688,6.969085264,0.322767982,584.9145799,65.17723083,0.828952804,0.058766022,0.02079892,168.2404718,1.498628103
USGS_09390500,SimulationRaw,0,,,0.019066001,0.014054957,23.94494594,41.96176091,0.753545118,0.412799459,0.862653183,0.025201584,0.067019195,0.687520975,3.983026706,1.407974931,1.936821601,19.00986568,0.177956273,0.212712452,6.560904006,0.70205001,340.4282001,0.401370881,1.785631402,0.663329074,0.023113403,203.45067,1.117155254
USGS_09403600,SimulationRaw,0,,,0.023515893,0.044767674,24.97379389,43.27680457,1.803311883,0.782410525,0.691914066,0.16008261,0.149886892,0.885799555,6.110325906,3.376805424,-2.076917338,12.28911078,0.254481453,0.446056104,2.545146463,0.642876602,1993.420363,29.16878473,1.097312283,0.033540596,0.021704769,69.34873609,1.0717938
USGS_09404450,SimulationRaw,0,,,0.041272869,0.061998614,19.73329912,43.13912566,1.833620689,0.381605077,0.840028208,0.110612204,0.03822405,1.477822212,3.876479795,7.112578839,0.082467591,2.896387887,0.837945955,0.104817409,1.940696666,0.80813014,1630.228457,49.57061417,1.928970485,0.026068007,0.020127323,122.057745,3.320737042
USGS_09405500,SimulationRaw,0,1956,1956,0.0121477,0.01472149,23.42521957,12.78957262,1.950140364,0.885941243,0.723644728,0.003562645,0.080483806,1.351901439,5.084821712,1.03246044,-2.303194587,18.82066304,0.425417491,0.612818256,6.254721219,0.877018115,1972.366583,33.0311108,1.783243725,0.021946339,0.031071885,181.4232552,5.786675628
USGS_09406000,SimulationRaw,0,1956,1988,0.037661673,0.050195034,25.10907715,33.497112,0.68197739,0.171623527,0.729273312,0.119647502,0.124909829,1.304407909,5.709698312,2.629036712,-1.916142423,19.44472222,0.669101761,0.627215267,2.956266434,0.588020819,1503.382906,84.51973665,0.585562343,0.034647622,0.023388175,105.1909612,5.876833944
USGS_09424900,SimulationRaw,0,,,0.029160477,0.062937618,16.37267836,34.53910998,1.870294323,0.918962498,0.770219204,0.155038613,0.148931717,1.392640798,6.445824114,7.073263092,2.777729475,9.409573834,0.587133818,0.14433494,6.764275308,0.391307041,1025.216876,86.13470545,0.992128912,0.520902285,0.024059071,47.12347508,1.137857789
USGS_09430500,SimulationRaw,0,1963,1963,0.029287585,0.033157933,15.68603407,25.50924746,0.631534692,0.562989557,0.8390016,0.000711709,0.128758589,1.330159648,6.192431988,1.997806021,1.135204574,12.46711636,0.73013937,0.490687557,4.769866333,0.655759307,1321.32404,53.63186797,1.883812347,0.171375212,0.033194529,1.017004316,2.286400637
USGS_09431500,SimulationRaw,0,1963,1969,0.01692267,0.053910916,23.34013161,24.88309809,1.143296297,0.791187366,0.698783071,0.042567805,0.088068693,1.482573722,4.132721891,8.889170622,-3.54303379,7.45160972,0.979388341,0.398550028,5.100693726,0.789690443,418.8722617,47.1390182,0.331968789,0.417984405,0.031239732,10.86793663,1.096088976
USGS_09432000,SimulationRaw,0,1963,1969,0.033155162,0.03031722,14.40745913,36.68735419,1.83447171,0.979463123,0.822115983,0.082050714,0.008956404,1.14575745,4.504847254,0.428772886,-4.306976379,16.30713941,0.59234488,0.550402795,6.042791691,0.613110563,708.0357728,2.512223222,0.40673736,0.293218742,0.064599725,175.865671,1.145313965
USGS_09444000,SimulationRaw,0,,,0.012678161,0.043487561,22.27244462,11.93225687,1.823837946,0.11946571,0.744639892,0.025109734,0.037578895,0.77404351,4.439964716,5.105157802,0.448880697,14.4246766,0.856943723,0.754666153,6.079510071,0.629858255,493.9546337,86.80347967,1.966635051,0.458645146,0.02576983,1.725109957,1.730246164
USGS_09444500,SimulationRaw,0,,,0.012862943,0.056996573,23.87795442,7.546466136,1.680006303,0.703033738,0.806924102,0.058875317,0.140303332,0.815200584,3.730152224,1.97134501,-1.499722248,4.125679182,0.078075863,0.520087892,5.800486747,0.645892084,586.314358,89.39945988,1.645401658,0.56071179,0.027820742,237.0462955,1.698515299
USGS_09447800,SimulationRaw,0,,,0.021906483,0.060986819,24.96912238,41.15380459,1.986786491,0.855203298,0.68255814,0.014802311,0.066924537,0.662588084,5.495115537,8.164183758,0.38337721,13.86288319,0.871164816,0.546848589,3.30666904,0.383476358,1070.778081,60.38490464,1.570653517,0.313325148,0.020753803,254.4223382,1.402873226
USGS_09448500,SimulationRaw,0,1963,1982,0.022576997,0.066185818,16.7756236,45.08047902,1.389862785,0.563366278,0.726354425,0.023649148,0.052821589,0.99308958,3.54607893,4.047949185,1.509414173,4.055104939,0.785433636,0.097452615,6.740412636,0.727330959,454.9256725,72.85401322,1.385881431,0.455723878,0.024216556,2.189776283,1.847946242
USGS_09466500,SimulationRaw,0,1929,1982,0.019355188,0.047557187,21.70783537,38.67089036,1.986968523,0.276852933,0.854413494,0.003658233,0.003417067,0.679013449,6.156807718,8.118484946,-3.449489468,18.40038054,0.103292647,0.526391413,6.995931851,0.310734489,360.557328,75.94814545,0.323692094,0.625296161,0.022868709,152.1555642,1.136731469
USGS_09480000,SimulationRaw,0,,,0.042918118,0.058519328,25.60486867,40.25786774,1.24273094,0.503241928,0.691120801,0.030356307,0.04605178,1.044171838,5.768397639,9.49743746,3.985981195,12.87795156,0.025949935,0.58432338,6.29087461,0.36218886,358.5426746,26.27612776,1.995045204,0.660427555,0.022064505,5.528240974,1.302329141
USGS_09492400,SimulationRaw,0,,,0.026733812,0.046078388,2.932100372,12.42298156,1.898567979,0.738970767,0.809861499,0.031816327,0.117966506,0.65926276,4.732771361,8.722997106,3.714580256,19.15782119,0.45168829,0.012717932,2.797006231,0.702412329,344.8623255,71.07612744,0.681239506,0.059572914,0.021680847,291.4508383,1.272339348
USGS_09494000,SimulationRaw,0,,,0.02423975,0.043731787,15.31273027,45.93134133,1.720544035,0.37368419,0.696758181,0.03420419,0.074637977,0.757886855,6.43179858,1.928106787,3.179019223,3.655107741,0.343098054,0.065233296,4.133715959,0.692877831,657.5971909,93.53242285,1.476040578,0.268873446,0.037479538,20.711159,4.356328315
USGS_09498400,SimulationRaw,0,,,0.041616116,0.046907619,20.9694263,45.90620034,0.621410278,0.686791939,0.88687735,0.075971882,0.080161263,0.81390979,3.696758573,6.587868544,-3.749420184,15.44882022,0.506481234,0.703854987,3.594230496,0.612244387,1339.991656,18.10577916,1.796057244,0.015353776,0.020686562,1.235211216,1.38673408
USGS_09498503,SimulationRaw,0,,,0.010056474,0.044185366,14.92495627,9.71897935,1.756536742,0.599143377,0.735816479,0.152112712,0.009525117,1.484013227,4.375354031,0.397726347,4.870284241,2.657963076,0.372230962,0.372079546,6.061851651,0.381219741,204.6704896,50.43854019,1.807095993,0.513401989,0.058531324,291.1538607,1.398209836
USGS_09512280,SimulationRaw,0,,,0.043900624,0.052191844,24.93930785,46.1572857,1.876972643,0.215517774,0.757862134,0.056701286,0.152951801,1.370762952,4.942397036,9.539391983,1.86670764,13.19780475,0.547888582,0.25909452,6.966488764,0.303928577,718.3697077,52.18644275,0.364113155,0.698468366,0.02535567,27.43523872,1.173373727
USGS_09513780,SimulationRaw,0,,,0.014211451,0.060744625,25.28807422,15.80370602,1.733602907,0.598899351,0.891753055,0.004835408,0.131830964,1.409771244,5.38309701,3.471592819,3.675843459,18.07495075,0.765000065,0.353424256,6.832632624,0.466732418,437.0720921,27.1977461,0.280860812,0.680298301,0.02022569,11.54128696,1.211139836
USGS_09513860,SimulationRaw,0,,,0.04636699,0.068406177,25.3455612,42.48057751,1.864420955,0.141803291,0.705803358,0.167146178,0.152476675,1.488201564,6.343499534,9.893421503,-0.535402922,14.1183798,0.748281461,0.163088641,6.986277402,0.382502835,881.9019161,71.68641605,0.544248329,0.492610753,0.020246757,85.60947518,1.255820624
USGS_09535100,SimulationRaw,0,,,0.047291938,0.067828869,25.34641842,36.25777281,1.969700255,0.41169081,0.689673786,0.156448345,0.075520146,1.324211956,5.696217086,9.982918989,2.204331885,9.748001728,0.294841476,0.42450748,6.981078446,0.310230892,1941.37883,27.95514412,1.739607926,0.050108694,0.02024159,209.7647708,1.036553169
USGS_09537200,SimulationRaw,0,,,0.047173078,0.065567441,25.55996625,33.88220039,1.830468534,0.148511456,0.806719638,0.078119125,0.130902449,1.337969679,6.400178665,9.866193707,4.561526605,0,0.061366685,0.565584817,4.873083184,0.325125821,1672.617059,84.51976163,1.578012784,0.037933265,0.021121266,255.7180642,1.08855262
USGS_10023000,SimulationRaw,0,,,0.023139755,0.019498011,10.13320038,40.3541115,1.091989975,0.460155875,0.890889998,0.130475707,0.042010137,1.380713363,5.947736264,2.768666645,-3.599934721,10.15746762,0.32972309,0.721667875,3.572749579,0.41656157,1228.79886,90.16911909,1.433420288,0.020012244,0.023835602,19.02939521,2.433993067
USGS_10113500,SimulationRaw,0,,,0.041364381,0.055855655,17.50481409,23.34921897,1.373668597,0.320681117,0.686704001,0.027550904,0.141266586,0.807587795,3.681815622,4.689202647,-3.389731995,15.10247241,0.81097344,0.640970846,3.357589436,0.955700352,1974.806244,49.62156845,0.717885546,0.044985236,0.021631381,282.9949651,5.913087326
USGS_10146400,SimulationRaw,0,,,0.006311792,0.021068419,23.11539517,22.58935602,0.916426844,0.346436229,0.799663183,0.085035443,0.085037936,1.100088834,5.426253941,0.161518198,0.690468076,11.86691747,0.039401775,0.058311074,6.596532843,0.371149095,1593.139678,67.83981009,0.379168296,0.080304888,0.020417665,191.3234087,1.68059897
USGS_10150500,SimulationRaw,0,,,0.044240205,0.057649689,20.43068906,11.06247448,0.985823765,0.609455737,0.812045133,0.028544416,0.019679151,0.946218887,4.948887859,7.587987052,-2.173730217,12.55615861,0.175078653,0.391858736,3.070133772,0.991521333,1097.694285,31.4196471,0.441395081,0.013149045,0.031446617,290.3943302,3.047866996
USGS_10172700,SimulationRaw,0,,,0.045786202,0.057376818,19.27412321,40.9785086,1.000457877,0.599442372,0.859099323,0.054425982,0.061368478,0.877238895,5.777111486,0.141337629,-2.146676188,15.27431289,0.793619938,0.654683,4.54213896,0.79803785,1612.647607,89.67229981,0.822070568,0.027380102,0.020766303,130.3887171,3.751327422
USGS_10172952,SimulationRaw,0,,,0.035643711,0.01826338,14.1121052,10.4105861,0.6088927,0.953196402,0.723574404,0.116004959,0.012530626,1.015509413,5.885609235,7.65919439,0.48644982,0.583050319,0.974343741,0.058280938,3.70622457,0.673853771,959.0191039,22.71088682,0.364173799,0.089948958,0.027495741,275.2704983,3.164699005
USGS_10205030,SimulationRaw,0,,,0.017628961,0.036167662,12.60639258,29.98301218,1.114671945,0.157897384,0.767813758,0.012999292,0.029975584,0.82523455,5.700938927,6.989566087,-0.034540005,5.489351277,0.565459114,0.060842686,3.281023086,0.764841755,1876.850936,0.959989891,0.86273396,0.04995127,0.020073705,36.67220604,5.98782487
USGS_10215900,SimulationRaw,0,,,0.023808955,0.066247648,17.78661858,17.31304877,1.754305384,0.998591372,0.870797049,0.02598773,0.039332556,0.925451132,5.831394241,9.142466018,1.093321164,3.692596142,0.909692193,0.037061081,0.987723955,0.458458796,602.4368164,80.69816205,1.810966182,0.051884423,0.022166956,14.16652865,5.566143977
USGS_10243700,SimulationRaw,0,,,0.036501997,0.055780733,14.56561312,22.75070824,1.596218947,0.647944582,0.715521452,0.139408479,0.084232391,1.46100253,6.310928987,8.29000591,-4.99763609,6.630822914,0.143008226,0.198941616,3.380009391,0.965119277,1352.272894,80.50390387,0.389657776,0.052442668,0.023091278,64.68998677,5.775506533
USGS_10244950,SimulationRaw,0,,,0.021695924,0.055358819,23.35878006,32.9370936,1.648008737,0.30039671,0.802356409,0.111454785,0.114654186,1.397314298,5.51083518,6.968207206,-2.545363944,13.83965598,0.412138208,0.72623064,1.244519483,0.962714806,619.5621028,78.56587269,1.121480121,0.033236509,0.020069454,259.5759424,3.573686321
USGS_10249280,SimulationRaw,0,,,0.007216552,0.065083671,12.87498894,18.87137952,0.820197819,0.828936957,0.713803829,0.170824612,0.051907608,1.062688056,5.981588172,2.693005353,0.656277965,1.335154697,0.380528263,0.079447561,1.927619825,0.546106386,1541.412306,48.99002073,1.720972743,0.02352746,0.020843313,17.6803126,3.144056586
USGS_10257600,SimulationRaw,0,,,0.037722148,0.055367695,19.84570887,11.01636134,0.822046871,0.25922171,0.800680455,0.118986241,0.146741285,0.846705696,3.529357365,7.001341705,2.623127524,6.795395802,0.522732476,0.539193803,3.662781857,0.321538604,1925.048734,87.93755778,0.684043453,0.089637726,0.020064308,171.4866958,1.104050132
USGS_10257720,SimulationRaw,0,,,0.030532252,0.031503391,20.65531622,33.68267787,1.37939946,0.214357639,0.72250767,0.074075561,0.016550905,0.902188798,4.718417033,9.580702667,4.669350506,19.91437204,0.788833959,0.448230759,3.618008593,0.976684998,1247.055137,38.08276929,1.494998141,0.340444148,0.021536697,112.2446588,1.66687945
USGS_10258000,SimulationRaw,0,,,0.040048617,0.012444167,10.31940831,15.35337213,0.503185636,0.764431743,0.787613754,0.070301151,0.063554107,1.058307421,4.543575984,8.09268347,3.419004656,2.29945511,0.958009026,0.033797131,6.212804122,0.87476807,742.3919671,90.98349113,1.259276314,0.338021834,0.021539011,159.8666762,1.439916022
USGS_10258500,SimulationRaw,0,,,0.017584683,0.051135088,25.36733423,38.27434263,1.724963968,0.567688557,0.825410489,0.001576173,0.058653024,1.051991227,6.305361993,0.169935303,-3.41877259,3.611278667,0.328508784,0.618332436,6.786046815,0.391182019,711.7847065,10.02892157,1.11612186,0.600334975,0.023366987,108.5946087,1.147634635
USGS_10259000,SimulationRaw,0,,,0.042098119,0.017630225,3.773761994,9.878777688,1.410563157,0.605592152,0.708825453,0.078360535,0.070060231,1.131791088,5.064541981,9.293656618,0.807622244,11.70328143,0.864979363,0.699939527,1.515539491,0.861709392,1384.227169,4.193989132,1.48660187,0.13148375,0.020464064,265.1354254,1.265620852
USGS_10259200,SimulationRaw,0,,,0.044772712,0.062240091,24.08356943,38.73652054,1.5364731,0.647187395,0.867892116,0.114983375,0.033226271,0.87353341,5.916688766,5.00998621,2.82678204,2.315380053,0.187861506,0.498037108,6.910816412,0.354642213,412.3902282,74.20394349,1.545348189,0.590212457,0.034343604,25.07844114,1.118204748
USGS_10265150,SimulationRaw,0,,,0.002552518,0.054945107,15.55613351,30.29107828,1.896957724,0.891662332,0.768026013,0.098876071,0.145817547,1.030845918,5.145024738,7.320522248,-0.483899771,0.116255334,0.485991318,0.012840993,0.321109139,0.322193394,1824.997011,0.667126851,1.35216536,0.01363281,0.022669774,196.4712537,1.941011863
USGS_10297500,SimulationRaw,0,,,0.02459501,0.062386086,12.74651057,11.38436613,1.88684659,0.858378921,0.738980054,0.115192689,0.015545965,0.951162277,4.248116132,7.399957753,0.273473191,0.870716081,0.859490196,0.532778507,1.864535008,0.906638633,1160.337288,93.66751862,0.479840128,0.02955321,0.029302416,116.7652077,1.37319581
USGS_10308200,SimulationRaw,0,,,0.031748361,0.033243418,14.51988707,21.78657078,1.789945241,0.60635203,0.856691757,0.038671808,0.062915408,0.750225059,6.213921977,5.856298812,1.474292694,7.906257819,0.267861859,0.272552636,1.320486783,0.928513822,1955.69808,91.970223,0.578781456,0.107488412,0.025428443,141.871515,2.505668925
USGS_10311100,SimulationRaw,0,,,0.035152635,0.02706421,16.34650446,10.40220714,1.006445084,0.710487836,0.698728604,0.138870075,0.150494784,0.742805379,6.205427409,3.707365451,-2.002503232,0.025094366,0.298784542,0.384320658,2.18501926,0.41408402,1928.785066,11.86757846,0.280443354,0.258436199,0.022893459,97.76388844,2.395859094
USGS_10311200,SimulationRaw,0,,,0.01374121,0.009930781,6.670702943,9.599820542,0.619282493,0.407194215,0.771874483,0.048266549,0.036086026,0.896385808,6.307748186,1.536198658,0.91765282,0.510177557,0.270358383,0.029523004,1.481657137,0.612364687,1995.443409,64.0933079,1.415876675,0.049275517,0.020007896,271.7418148,1.277241031
USGS_10311300,SimulationRaw,0,,,0.01786825,0.024316582,18.30063609,23.3311167,1.452719361,0.652450627,0.685872595,0.123714064,0.145081344,1.337079554,3.667510049,6.882744977,2.481519414,0.050485983,0.554869019,0.221258083,2.477156391,0.422278101,273.2492261,47.4406117,0.59937553,0.765253444,0.028106923,56.36628667,1.271611356
USGS_10315500,SimulationRaw,0,,,0.04454031,0.020909979,15.14093517,11.22806502,1.575346484,0.696606286,0.719939382,0.128493484,0.010695195,1.305219201,3.811339066,1.425797741,1.914501555,3.403299062,0.236889537,0.242295264,3.811911906,0.511478317,491.934181,67.0578723,0.131840182,0.121768369,0.030879344,162.3028184,1.969187103
USGS_10336610,SimulationRaw,0,,,0.022423187,0.009792538,7.761326399,17.70962744,1.038174548,0.154815559,0.866392391,0.058793533,0.058770351,1.398908924,5.384503193,0.75878535,0.757556691,3.068958487,0.401755167,0.038837672,2.134179694,0.729928366,423.2995359,85.57100001,1.485909255,0.25584704,0.03252121,288.5613586,1.713117681
USGS_10336645,SimulationRaw,0,,,0.033727609,0.042524509,3.777245388,13.59461186,1.522559938,0.708625692,0.815063378,0.06862059,0.095921123,1.162477135,3.764379463,3.913301291,0.659638013,2.467891381,0.384184984,0.253717782,6.040653527,0.949577652,1140.014846,49.80605113,1.992743215,0.514126487,0.027995468,152.6798492,1.778480013
USGS_10336700,SimulationRaw,0,,,0.03994612,0.014573398,16.76918625,4.42492836,1.207559408,0.604072742,0.680162761,0.013196684,8.73E-05,1.377416442,4.619573886,8.789029326,2.138813791,5.863796884,0.12225319,0.22265265,0.401374609,0.868077016,1298.19218,82.80722136,0.542508106,0.032660799,0.02033711,278.092037,2.341537482
USGS_10336730,SimulationRaw,0,,,0.034591041,0.061483026,9.272269419,6.944077698,0.703945038,0.829460137,0.831234493,0.013052408,0.083427637,1.340684746,6.390073877,3.009136746,3.81598211,6.686025807,0.934497086,0.002198426,4.599514973,0.645562016,1910.184736,55.91706023,1.064368513,0.153714672,0.022697964,116.2537017,1.061263803
USGS_10348460,SimulationRaw,0,,,0.019776083,0.026456741,0.476619162,2.010720085,0.644047097,0.295939512,0.870036882,0.001441561,0.071639221,1.052005708,6.397127104,3.687859373,2.122881599,2.518595782,0.61293444,0.055642495,0.034226416,0.961602138,1448.929533,41.44362794,0.81999207,0.024591889,0.022432981,213.9254005,1.222118615
USGS_10352500,SimulationRaw,0,,,0.043712411,0.068691883,25.17389482,42.28494095,1.223179001,0.455454609,0.690038938,0.023767049,0.122343414,0.786992579,4.248587974,3.651108399,2.821173037,18.94147355,0.444376918,0.169160236,2.758497201,0.683910548,320.9860422,24.31645216,1.997300709,0.158207685,0.036715811,133.5434629,1.225031665
USGS_11015000,SimulationRaw,0,,,0.041046507,0.055630449,22.6527697,44.98306273,1.47765187,0.772734749,0.699844795,0.159937927,0.046700288,1.232628259,6.232409884,6.412528961,3.481936629,2.725088811,0.869120826,0.113841193,5.921824106,0.589097406,591.4529357,66.67971324,0.431742132,0.569336598,0.020106938,244.8422691,1.571245396
USGS_11062000,SimulationRaw,0,,,0.002619475,0.041668658,17.98109682,13.39034139,0.584053354,0.255972478,0.812446926,0.132501561,0.10819282,1.191221918,5.859713952,3.464240736,2.298538019,0.114789034,0.189308779,0.328265752,6.975451678,0.800421882,1130.130958,44.27622784,0.219975346,0.259855178,0.021101547,208.1824632,1.328869255
USGS_11063510,SimulationRaw,0,,,0.014111638,0.045012727,14.20544806,20.98341413,1.789153027,0.901007235,0.741142711,0.061230721,0.054863862,0.667815387,4.581304449,8.817262208,4.728711553,0.066254504,0.45791765,0.006281081,1.877353127,0.781459085,1818.882047,41.12368541,0.492321209,0.292786106,0.02055054,5.655556865,1.072624092
USGS_11065000,SimulationRaw,0,,,0.044735892,0.051599258,24.99027068,42.72279664,1.893202613,0.274654995,0.859607142,0.100897272,0.14651493,1.260837,6.052340299,9.706893929,4.107259772,8.976789905,0.081294099,0.436536734,4.144992816,0.307681379,1876.551737,1.080693209,1.686422934,0.311735286,0.021118064,8.800275631,1.448569304
USGS_11119500,SimulationRaw,0,,,0.021515053,0.053324772,19.75844914,20.73379108,1.929564715,0.805844269,0.725033645,0.065001192,0.032165984,1.353930986,3.759636571,6.071920925,-4.36193099,1.024120624,0.111089793,0.767757482,6.540311421,0.903570168,276.3966601,62.82807898,0.832821633,0.640428949,0.020644374,93.29859944,1.119143683
USGS_11119940,SimulationRaw,0,,,0.041290172,0.036065404,20.34236377,37.14229707,1.219995595,0.785488755,0.691474316,0.030865809,0.063624407,0.665444813,5.394068964,8.49478913,-3.791375363,6.433762014,0.483035628,0.453162913,5.8520494,0.300803811,242.1646877,71.92686183,0.123430824,0.716734753,0.021619936,249.7252197,1.349747301
USGS_11120000,SimulationRaw,0,,,0.041558538,0.049317011,20.58918374,43.27447442,1.40933675,0.666796469,0.882825677,0.127436917,0.044234751,1.233426528,5.232274207,0.578304373,-1.682306149,13.23321491,0.268836652,0.422088622,6.938207262,0.406304181,647.6056194,12.95005174,1.177834201,0.890104458,0.020924599,103.8915633,1.801317295
USGS_11120500,SimulationRaw,0,,,0.040023089,0.047313136,7.840525699,35.13084586,1.772137688,0.877797662,0.878676994,0.068105919,0.000655476,1.04017532,6.332026043,6.632521318,-2.146902388,6.461607228,0.736298829,0.653357943,5.800755628,0.560052723,604.5179438,92.44087644,1.574554899,0.551541231,0.031568277,4.97467682,3.413445534
USGS_11136800,SimulationRaw,0,,,0.037371327,0.066412008,24.73981458,39.18014941,1.955472323,0.117132313,0.851551997,0.110823064,0.118568905,0.845353292,5.63950979,8.371083453,4.553551304,0.232597121,0.213973828,0.166150073,6.655844494,0.314843588,1786.45863,43.97248099,0.918348319,0.416599122,0.021317599,194.3434934,1.34240191
USGS_11140000,SimulationRaw,0,,,0.036479293,0.045325604,19.30784873,28.18403495,0.528343324,0.316377679,0.692641563,0.111570364,0.040006027,1.229307149,4.844236524,2.779507014,1.136830021,13.33584828,0.76874736,0.300973007,5.312050343,0.363383133,991.6283002,42.0985981,1.974685349,0.585523062,0.02551312,143.9266413,1.371773462
USGS_11148900,SimulationRaw,0,1966,1966,0.010690985,0.032656272,8.496780856,29.38522868,1.225001715,0.756794386,0.898612219,0.021904577,0.014222357,1.211156192,6.296651452,5.657838477,-0.131951985,18.66497048,0.670548855,0.198428918,6.712882938,0.346887736,656.6356189,40.33723883,0.640453894,0.798815475,0.054333893,298.2142632,1.058100583
USGS_11162500,SimulationRaw,0,1951,1951,0.030967595,0.0284877,4.624755757,35.74446293,1.019762784,0.280451736,0.754372424,0.000375189,0.053699784,1.108606373,5.068218934,4.523217212,3.702210267,6.806866918,0.772973927,0.753409316,5.400834282,0.710458354,932.553337,40.20128742,0.507847199,0.617360683,0.020231183,28.18496734,1.004919547
USGS_11186000,SimulationRaw,0,,,0.028464003,0.036036621,13.79726533,22.61714984,1.770503103,0.320637689,0.879893795,0.062356063,0.14788924,0.776426885,5.06253899,3.266626921,-0.035854316,4.922136909,0.032854001,0.625262191,1.108654632,0.529443202,937.2658914,54.79551889,0.403513388,0.1197921,0.022862818,70.59854439,1.419785502
USGS_11200800,SimulationRaw,0,,,0.018053643,0.009080928,20.5549726,27.2947319,1.202346636,0.821076824,0.851104654,0.121785086,0.0452557,1.337385537,6.064462837,9.227358442,-0.074111033,11.78063332,0.689097821,0.774889694,2.667704709,0.347905069,978.6598082,77.23541196,1.301332203,0.453775882,0.026272919,111.7306428,2.0324343
USGS_11224500,SimulationRaw,0,,,0.047265606,0.063444986,25.6608705,43.37968202,1.245084539,0.215509992,0.742516033,0.115164947,0.087526624,0.905211381,3.866511239,9.942929032,-1.822043353,9.419238505,0.817900405,0.141893466,6.739431494,0.317989717,1317.440019,85.23337714,0.622455765,0.607062858,0.020886192,5.871897881,1.181863815
USGS_11374000,SimulationRaw,0,1945,1966,0.04713808,0.052512904,21.34898656,15.47334165,1.746997658,0.754327076,0.86139471,0.020141932,0.084738481,0.665766531,3.692057724,1.532026427,-1.268950712,16.85074298,0.398658919,0.087265321,3.272893946,0.909524065,1249.554364,62.11630137,1.676633739,0.606665434,0.024940402,245.9732995,1.528137872
USGS_11376550,SimulationRaw,0,1954,1954,0.043724014,0.048535292,3.516264517,11.27903845,1.557581601,0.441078087,0.739755375,0.042507903,0.072341061,1.200362666,4.587078402,3.704844635,3.150777666,0.076378759,0.322207889,0.092338694,0.881288078,0.532419952,1865.213533,27.11977154,0.296035828,0.230549424,0.020575859,257.1985412,1.269509767
USGS_11379500,SimulationRaw,0,,,0.015252166,0.062066564,23.16088224,22.08194048,1.895389354,0.806058355,0.721597867,0.017822196,0.076295087,1.40172686,3.640980767,4.823107433,-3.317160599,7.152260525,0.575366079,0.170457737,3.539987633,0.93007055,893.7505072,12.14710432,0.530368991,0.507469833,0.036139026,227.7446225,1.314057379
USGS_11468000,SimulationRaw,0,,,0.046724034,0.025779083,22.81612239,27.58427649,1.428607373,0.200137078,0.685876805,0.12201367,0.124001305,0.693838757,4.52391219,8.706674015,-3.323171662,12.8605247,0.831780564,0.416430803,1.948896793,0.539898963,437.2866433,6.516725178,1.017199111,0.573185184,0.026321354,16.53793592,1.653135485
USGS_11468500,SimulationRaw,0,,,0.012904223,0.007185496,13.79000404,8.791789481,1.778572071,0.274583793,0.776304192,0.079425465,0.02825824,1.184979027,4.435705599,6.116223867,-1.194711037,4.477388456,0.05679527,0.267334154,3.47501247,0.985786078,692.1893589,36.81068311,0.254031856,0.583759348,0.023824968,6.110647207,1.055588185
USGS_11473900,SimulationRaw,0,1985,1985,0.028848544,0.013000016,22.62200573,33.03789333,0.908981855,0.958062574,0.85428345,0.156562986,0.145648881,0.809594923,6.118474843,1.716809231,-0.54664659,12.00882177,0.462696693,0.359111091,3.747162218,0.793661405,1375.630561,8.110526064,0.611711831,0.42322785,0.05878808,41.26110622,1.393522964
USGS_11475000,SimulationRaw,0,1907,1990,0.027474046,0.029454979,25.49669212,6.933561243,0.786044525,0.64022438,0.889193535,0.014165032,0.059830455,0.781655465,6.143745321,0.099746635,1.150664067,19.10785847,0.939228651,0.384198738,3.914744503,0.859056704,646.6472755,13.04143393,0.24478526,0.410973533,0.041857635,13.99839443,1.297636379
USGS_11480390,SimulationRaw,0,,,0.013370354,0.048955504,21.12281431,5.184819882,1.061668491,0.558694984,0.779905214,0.131032254,0.151004241,1.268130997,5.362144236,2.689247347,-4.945591172,10.43099148,0.174019559,0.691962613,6.444226212,0.632660702,252.263493,11.6105935,1.406028789,0.505416712,0.043161592,272.9591101,1.354638915
USGS_11481500,SimulationRaw,0,,,0.040624623,0.042436415,19.58682374,25.84558638,1.408343347,0.729998995,0.738913655,0.104962344,0.154121848,0.732278301,3.598896442,0.785650876,1.824020437,0.86993053,0.361686083,0.09261696,2.90422461,0.938852819,790.686825,10.89197035,1.196432598,0.492292148,0.032401758,61.73830858,1.843913039
USGS_11493500,SimulationRaw,0,,,0.031062565,0.064980257,19.43846167,41.02989219,1.261898172,0.187140802,0.856173988,0.107402164,0.105578929,1.076069198,6.150600168,9.085670163,0.411137383,0.18706165,0.262148378,0.144340138,4.652639452,0.360052441,613.1398851,0.994878596,0.36162555,0.036374789,0.055658801,166.9950678,1.923230703
USGS_11519500,SimulationRaw,0,,,0.017970933,0.013931225,19.80749034,13.26598191,0.540588912,0.397638327,0.716000705,0.091614499,0.078496034,1.451608537,4.961089528,6.74880549,1.18139312,0.61309255,0.552687763,0.01905818,2.203163615,0.342811566,1136.486898,9.804040338,0.482840324,0.215964936,0.062907813,16.45039783,1.458815655
USGS_12048000,SimulationRaw,0,,,0.033136021,0.061334222,21.5820496,32.49695743,1.755767099,0.209235868,0.814852013,0.132872011,0.152906803,0.985108451,6.175573462,9.314510013,0.873482028,1.076582071,0.494230563,0.228175328,1.330560125,0.611417502,1896.402954,13.85019655,0.12491463,0.198105255,0.023577102,219.9741445,1.249698685
USGS_12073500,SimulationRaw,0,,,0.022603067,0.013058099,9.140954166,37.15966317,1.716908632,0.809789317,0.714809208,0.110229157,0.049227795,1.276016466,3.853524684,4.408716881,1.679709006,14.51632893,0.646296785,0.373327375,0.927018779,0.50688746,1582.299628,4.859280626,0.70698299,0.085539982,0.020526949,40.82679435,1.00257384
USGS_12095000,SimulationRaw,0,,,0.042129149,0.06309875,23.01120723,14.2955861,1.00676332,0.932799782,0.897144791,0.035223284,0.016007501,0.68522338,5.991085798,2.717021187,1.86261315,10.0563978,0.552186018,0.323677328,0.919226537,0.553569401,737.7540947,12.29588117,1.940401092,0.284373481,0.049646909,101.9303585,1.473653826
USGS_12121600,SimulationRaw,0,,,0.028812422,0.056964748,14.16502925,40.40396107,1.013047707,0.672558222,0.804094588,0.141437588,0.125846786,0.664219974,4.211181623,4.204312532,1.469293217,19.69143069,0.098808831,0.35704885,0.957186761,0.519370361,856.1794745,4.690683468,1.531260318,0.359736584,0.031599629,172.9920044,1.246969674
USGS_12301300,SimulationRaw,0,,,0.022698817,0.039832054,24.30430863,6.259675668,1.687950867,0.665847745,0.681335065,0.171435867,0.024694778,1.468578635,4.219354368,8.438652169,-1.161159548,0.612479763,0.138475986,0.121110869,3.915164167,0.913417834,1767.169213,94.08116044,1.512640092,0.034059078,0.032694244,152.9457845,4.317247822
USGS_12302055,SimulationRaw,0,,,0.019286665,0.066721447,12.1233714,43.73609132,1.968979195,0.434809002,0.826742302,0.148218638,0.137146359,1.051261459,5.32265315,9.496568984,1.021267961,9.570551595,0.674449501,0.186309696,3.387600167,0.530352616,1542.308266,30.46179391,0.453271708,0.131868715,0.038129626,126.5870697,4.543194126
USGS_12323250,SimulationRaw,0,1897,1897,0.044201737,0.066800957,25.68043361,41.43134537,1.892227004,0.165359732,0.84310078,0.14684348,0.082907881,1.320037585,5.516054821,9.856769412,-4.839949902,16.21634196,0.588716226,0.571439422,2.262681554,0.721868103,1998.727915,23.98073944,0.364871022,0.042268253,0.024187403,185.8200905,4.785160985
USGS_12324590,SimulationRaw,0,,,0.027564907,0.013735289,23.93445744,14.71555099,1.373482541,0.336880678,0.843853814,0.125840505,0.108288546,1.367988831,5.063724265,9.168549623,-3.980527095,1.514178322,0.376121407,0.157604877,4.74037821,0.998784704,902.4470647,32.58213758,1.67082794,0.110852292,0.078759618,147.2950208,2.825029844
USGS_12335500,SimulationRaw,0,,,0.008316877,0.005758051,14.85577901,22.64854393,1.776350793,0.238943078,0.858868067,0.115831209,0.064089768,1.298214621,5.723769034,7.193630239,-2.489611351,0.546748487,0.22576826,0.062666973,6.84677357,0.553034547,1187.672878,78.87889483,1.16919862,0.141675806,0.056196101,227.0135439,2.45161337
USGS_12340000,SimulationRaw,0,1935,1938,0.009515159,0.043775198,12.20171611,42.83272077,1.703861561,0.240427969,0.715416006,0.091190507,0.062620946,0.786658938,4.326706345,9.064867874,-2.31779294,0.533804367,0.269313235,0.124979599,4.748662772,0.940296593,1843.35701,23.14712529,0.134943345,0.069908402,0.045197837,268.4757013,5.405875543
USGS_12340500,SimulationRaw,0,1897,1981,0.012881476,0.008467756,16.97969455,32.80827616,0.689442152,0.185767028,0.854340374,0.116976367,0.085896613,0.938936888,4.533719869,6.338036937,-2.575279049,1.089579312,0.477248599,0.191683807,6.862873103,0.954765283,1613.813191,25.99470644,0.7958811,0.168638014,0.027979428,187.2035986,4.231244547
USGS_12353000,SimulationRaw,0,1897,1981,0.038882642,0.059333496,7.365848218,46.03485127,0.631779854,0.133931843,0.81619084,0.114223925,0.030023466,0.758078642,4.43427834,5.236697182,0.625557359,2.902602619,0.826468126,0.094189108,0.863126856,0.334849727,1098.953338,78.58412757,0.808344943,0.030453049,0.028870936,139.7917425,3.111345812
USGS_12374250,SimulationRaw,0,,,0.017320925,0.052590991,21.07000025,37.5828195,0.841194647,0.987260719,0.879220976,0.061289194,0.091192635,0.821732697,3.603316466,9.040517226,1.185169415,19.93876355,0.563667773,0.669001329,3.422837228,0.567499752,1217.674435,7.645016704,1.674125224,0.157111705,0.026843154,113.4776794,5.153725268
USGS_12381400,SimulationRaw,0,,,0.009262944,0.027655635,18.5616911,8.568514195,0.977958802,0.140130766,0.801883779,0.1373882,0.028877794,0.912917016,6.333564514,2.137809453,0.335364568,2.933917846,0.514109234,0.027202207,5.346383373,0.877714326,1425.711565,28.50687634,0.072864423,0.153413974,0.026740675,252.2599293,4.961173347
USGS_12389500,SimulationRaw,0,,,0.042535999,0.065636182,11.73838649,23.68492798,1.668536093,0.638784768,0.758625724,0.123845503,0.147422251,1.056132119,4.661672351,8.58519148,0.846046985,4.729645366,0.093452426,0.01702757,2.984196345,0.907365128,1562.587341,11.99455321,1.742350816,0.125383115,0.026897996,12.63431133,4.01909831
USGS_12390700,SimulationRaw,0,,,0.047119668,0.056245091,21.68988548,39.31981616,1.195987977,0.958200163,0.730230726,0.172034912,0.043593361,0.678469409,5.520979345,4.588748389,-1.245932146,1.293340864,0.482486097,0.344456105,2.725806178,0.853952461,1342.708267,59.35789898,0.535257485,0.126799435,0.043493743,219.2664799,4.057129279
USGS_12413470,SimulationRaw,0,,,0.008794217,0.040579918,13.586018,40.88005974,0.716148623,0.246118785,0.699546062,0.052465571,0.008798276,1.332696151,5.881331654,2.150308435,1.139670334,2.999055359,0.718348868,0.056499378,1.960516628,0.810030861,594.7224879,50.25729933,0.145096905,0.30011341,0.024835262,230.7053592,2.268754854
USGS_12414900,SimulationRaw,0,,,0.010175504,0.021664297,12.66595702,20.33255866,1.643332697,0.481236529,0.864276882,0.047381212,0.039932266,0.97975574,4.35090446,7.268200855,-1.207348435,5.787252171,0.887143544,0.592657052,6.198126675,0.436352351,1970.888525,27.79966324,0.553052676,0.324789118,0.041623429,229.1650957,1.682970243
USGS_12424000,SimulationRaw,0,,,0.041705966,0.044966361,21.31258938,44.51697284,1.572659815,0.250937643,0.68332711,0.160508434,0.008341702,1.101629389,4.174021739,6.266383128,0.675820876,18.11927305,0.429970178,0.190462157,6.759303818,0.349486749,698.3221048,1.160792682,0.985747382,0.440027283,0.069814438,25.1862526,1.080334944
USGS_12431000,SimulationRaw,0,1969,1969,0.017861279,0.065448889,20.91487363,3.564545493,0.567131188,0.692329152,0.739518488,0.099180714,0.06869467,1.015218263,5.387049923,8.264822578,-1.765802864,2.076294309,0.395427221,0.328470847,3.903621616,0.549773406,1938.347475,31.14719453,0.7770701,0.081312274,0.027683011,136.7015034,2.412026077
USGS_12447390,SimulationRaw,0,,,0.005552005,0.042149496,22.70045351,22.21977458,1.482827901,0.974435823,0.725234252,0.140634209,0.086150007,0.828831249,4.059568834,4.262985427,-0.083942335,3.492003762,0.904637526,0.002458671,3.522523125,0.751225358,758.7783423,11.60573015,0.570488655,0.235127751,0.021359633,171.402936,1.915802116
USGS_12449950,SimulationRaw,0,,,0.027584153,0.02926867,21.70095644,20.59557997,1.774625044,0.158638701,0.844539021,0.033479737,0.1029884,1.349548909,6.374099654,6.967876216,-1.280321179,0.997432699,0.255459372,0.069091536,1.67053457,0.615649799,1988.04414,14.57140113,1.989939375,0.233658111,0.024323291,98.10839669,3.936665166
USGS_12452800,SimulationRaw,0,,,0.01182084,0.038689208,18.96240886,27.10209067,1.428946611,0.985392908,0.683877025,0.119431678,0.026590984,1.487665241,4.61992094,0.287696819,-1.011558443,1.288792517,0.705617007,0.038039419,2.693195807,0.556603141,1013.437715,49.99938293,1.698165124,0.213858925,0.024193072,266.162714,2.07544235
USGS_12462500,SimulationRaw,0,,,0.042442751,0.001608608,19.27249393,41.25963536,1.927308331,0.21222228,0.78160918,0.028803947,0.037175872,0.852020963,5.102552617,0.718655464,-0.408991032,1.447887281,0.193413953,0.126937351,6.558241694,0.8404087,1944.254775,47.50460641,1.849988365,0.154271453,0.029980805,238.3976002,1.222303903
USGS_12465000,SimulationRaw,0,,,0.036481881,0.067910641,23.92673925,36.97816655,1.97377837,0.152729981,0.871414366,0.00797769,0.138386857,1.01616498,5.147561225,8.641878214,1.937270574,19.54078577,0.748205441,0.289217927,6.888958951,0.30017633,557.5867981,39.90425216,1.795072064,0.157919762,0.021635608,291.8080594,1.242688062
USGS_13010065,SimulationRaw,0,,,0.04521442,0.003572681,15.59987241,14.74108675,1.69512889,0.235807072,0.697337491,0.169955599,0.069023034,0.911470646,3.643633705,0.534604967,-3.785729564,2.003253197,0.899645065,0.059910517,4.885281526,0.626438907,1383.032756,30.09212068,1.545222498,0.022779019,0.021187618,229.1651739,3.223337959
USGS_13027500,SimulationRaw,0,,,0.019630164,0.026516894,2.400982187,31.31272869,1.598718202,0.159425853,0.776096417,0.086305434,0.137872148,1.481708649,5.386033836,5.434826715,-4.23808478,0.821874699,0.877335734,0.061108496,2.133790839,0.676203057,1274.288062,10.97793378,0.867001342,0.012790636,0.020330044,163.5743321,1.871052421
USGS_13075000,SimulationRaw,0,,,0.045200436,0.03679543,23.39466914,33.36039062,0.637303183,0.49488987,0.756162584,0.001359064,0.093659119,0.944512556,3.692994818,7.778970251,-4.682188141,17.53424402,0.565813579,0.346555615,2.2274431,0.930596754,1965.474108,85.43150821,0.156245828,0.034280452,0.021717024,214.7270448,1.137111539
USGS_13075500,SimulationRaw,0,,,0.005073041,0.043742945,24.93941883,27.10829129,1.882498376,0.742339926,0.785808841,0.008019342,0.093028541,1.42599533,4.449613597,0.49723829,-4.204479037,0.282838164,0.228875677,0.023641436,5.31322816,0.466178796,1542.49077,34.67847139,1.099611666,0.070892586,0.050559406,249.0030794,1.180778164
USGS_13078000,SimulationRaw,0,,,0.026912334,0.02448742,13.89970622,17.89056989,1.915382335,0.771343665,0.787456196,0.075942737,0.014654197,0.70714118,5.186787827,0.777839324,2.849041367,8.986815117,0.081535412,0.010168125,3.192524842,0.300585034,1932.84307,65.93302287,0.125223231,0.155898677,0.021431106,203.5176707,1.233756398
USGS_13082500,SimulationRaw,0,,,0.037951497,0.055187006,22.16743714,25.76104114,0.928730435,0.196241091,0.768566421,0.134772669,0.036353161,1.128982349,5.015739179,3.238969601,-4.633606695,0.067966521,0.461238223,0.750186483,6.136001,0.617784712,719.9978507,69.00465281,0.772615256,0.215713238,0.041505962,243.5765863,2.337659452
USGS_13083000,SimulationRaw,0,,,0.046520519,0.05366793,22.08044151,39.35541079,1.437877463,0.762959442,0.702590905,0.066226804,0.082420261,1.16054986,4.231775163,3.552964782,-1.674367544,13.44869473,0.878946736,0.338669267,1.456858837,0.763457229,1984.870693,60.82667427,1.058498011,0.038665203,0.02094562,33.15179075,3.419346027
USGS_13105000,SimulationRaw,0,,,0.025828028,0.040164324,20.79778633,40.77987293,1.767195798,0.272258564,0.713061417,0.092610061,0.059747117,1.380994144,3.641712214,1.999393379,0.404410966,6.264223599,0.679691396,0.03435031,5.344728183,0.539556808,947.7474842,72.56338172,0.326332945,0.065472658,0.043559769,79.38145497,2.714350052
USGS_13116500,SimulationRaw,0,,,0.031145138,0.048555874,21.32818981,42.32634012,1.881926103,0.224329953,0.739362227,0.061738685,0.070963726,0.701139853,4.391295684,2.181514318,-3.670549222,14.74269054,0.145102669,0.033554156,1.165002553,0.814695719,1506.22346,3.79250103,1.306897351,0.048093474,0.020532387,293.6891043,1.370257027
USGS_13118700,SimulationRaw,0,,,0.041189493,0.026144035,15.65600118,18.5774662,1.364771434,0.652863975,0.773974813,0.061140358,0.070862358,1.143622958,3.659405865,3.515145292,-3.498931723,11.66498951,0.88670521,0.341120782,6.285178465,0.37771543,1480.89195,37.84477874,1.026459272,0.100876373,0.027049865,151.8750248,4.308041013
USGS_13120500,SimulationRaw,0,,,0.016549829,0.050187366,22.97397311,41.37625431,1.52977255,0.912277403,0.87885681,0.083524351,0.043670903,0.945938268,5.728926571,8.406100126,0.168265599,6.809211562,0.060105362,0.081336807,0.73954397,0.866599925,1100.452696,36.8771634,1.235240709,0.063127566,0.020267339,72.62353358,2.436510862
USGS_13127000,SimulationRaw,0,,,0.029067251,0.058478195,24.13101809,42.90880244,1.996927769,0.198582475,0.742469353,0.017231225,0.075757732,1.124963728,4.936703972,3.163993077,-1.416768684,9.163339886,0.299016633,0.053663372,3.145617915,0.973402602,1347.07438,52.93977583,1.079703203,0.052537219,0.021792587,116.0008892,3.986862865
USGS_13132500,SimulationRaw,0,,,0.047634384,0.030976041,25.4552939,15.26539159,1.383428163,0.763420072,0.87102568,0.113726105,0.014952417,1.454488971,4.202245769,0.138646872,-1.566623463,18.70871148,0.891963282,0.220206346,5.560078472,0.369876323,795.2206856,33.65847114,1.52835416,0.012806402,0.02013241,48.45092609,1.301205633
USGS_13141500,SimulationRaw,0,,,0.042707581,0.052797789,21.9898558,41.99473589,1.79739116,0.924423715,0.813789153,0.058295382,0.118682502,1.120298126,4.127482259,3.237809674,1.307436025,10.62367014,0.057785911,0.020199003,6.482807944,0.662929011,1103.842883,17.24970042,0.711282949,0.155821285,0.054627643,72.14523516,2.470751184
USGS_13147900,SimulationRaw,0,,,0.023500238,0.029862227,13.69853329,15.63085751,1.885294448,0.500934963,0.723025054,0.015150979,0.124863713,1.328465828,4.904012377,7.541008139,-4.976283574,5.083405322,0.025148441,0.62390044,1.293978279,0.583623699,432.9277054,17.67737319,1.803849338,0.252900312,0.023341605,245.1029724,2.215580931
USGS_13266000,SimulationRaw,0,,,0.025197672,0.020792746,18.90640853,14.39873671,1.514347128,0.91090215,0.856085006,0.01813536,0.087383009,0.843894914,6.238540663,2.270980827,0.49448648,5.234967984,0.64463748,0.13721545,1.333021009,0.604159067,885.9355792,5.796017738,1.491284682,0.365110177,0.031757708,72.48131984,1.508365754
USGS_13297330,SimulationRaw,0,,,0.036507016,0.038162791,16.75003494,6.863866351,0.512102609,0.257454052,0.830282786,0.130256593,0.011458964,0.911158192,6.32335479,6.799002401,-3.7577135,0.409865022,0.576877153,0.083413172,5.204630588,0.758848092,1184.618343,59.41525383,0.19738867,0.049511024,0.041842957,293.8645513,5.877398424
USGS_13297350,SimulationRaw,0,,,0.042118838,0.048428177,18.86881792,36.24743867,1.750210825,0.133967149,0.852242713,0.093260099,0.12174864,0.891885606,4.381745232,0.149028981,-0.110178377,6.155720244,0.069122455,0.007398024,3.633027992,0.415311355,1411.558043,39.94252677,0.067538885,0.049123066,0.02303736,234.5315741,4.030115717
USGS_13297355,SimulationRaw,0,,,0.037014311,0.036029002,7.421394948,10.52966462,1.024376898,0.68514077,0.892325241,0.039968931,0.152776098,1.013769352,5.726993303,0.283690484,-2.24048062,0.708192015,0.728892074,0.033264656,2.790551582,0.79262919,895.5861836,24.13613676,0.667538023,0.015194701,0.029972507,225.488521,1.883225331
USGS_13302005,SimulationRaw,0,,,0.045256333,0.037879263,8.631456033,6.460013009,1.561874376,0.910599357,0.75782865,0.047618303,0.007725738,1.32506939,3.703599236,1.42656522,-4.652847929,7.824749015,0.142482871,0.03091055,1.196333686,0.344167756,1827.682222,39.16729589,1.976313679,0.028394528,0.02000252,83.49523296,1.463312369
USGS_13305000,SimulationRaw,0,,,0.014056249,0.03464623,20.27283022,34.93636362,1.983259211,0.676754065,0.811816016,0.012515118,0.041511237,1.127766004,4.515689486,3.414416448,-4.90363777,14.43885836,0.749847743,0.257122239,3.285309726,0.769360402,1527.865106,96.463898,0.634278945,0.023867728,0.026233658,56.66937173,4.114412704
USGS_13333000,SimulationRaw,0,1931,1969,0.027367417,0.020952623,17.90529876,28.67901766,1.092715876,0.326339642,0.816011459,0.155462588,0.152576129,1.095259968,5.390402512,9.487191747,-0.125336409,12.80844989,0.721356832,0.296993047,5.400781912,0.956465881,1614.47544,55.90625613,0.636298779,0.242894888,0.042628235,115.3413989,5.615811124
USGS_13338500,SimulationRaw,0,,,0.004649128,0.04557337,18.77236208,39.13780578,1.239940019,0.266844262,0.71746981,0.076568211,0.011039478,0.678924931,5.665318214,9.839967189,-2.332804365,0.187381013,0.362212712,0.122686572,4.222355401,0.755589703,812.7539507,97.49828117,0.231881128,0.103516026,0.051854415,212.0224265,1.873764231
USGS_13339500,SimulationRaw,0,,,0.003596804,0.023323063,21.87137091,10.01106805,1.031643806,0.468332793,0.898660082,0.052933724,0.125485259,1.450862475,4.054817624,2.678578234,-3.168171661,18.15834738,0.289302268,0.598025254,2.32582463,0.408183784,499.7300308,81.87425565,1.250866794,0.36569894,0.038073641,176.4542905,2.404215652
USGS_13344500,SimulationRaw,0,,,0.037118027,0.05442934,14.51349917,8.057740925,1.261330778,0.91517245,0.688106662,0.122973901,0.050731579,0.684978736,3.801587431,2.367461358,-0.631380052,9.86324101,0.018253127,0.101343569,4.263256425,0.993054481,1440.456519,2.065592621,1.086150141,0.166350763,0.021165254,95.03196813,1.232790875
USGS_13351000,SimulationRaw,0,1940,1940,0.04307753,0.045910371,19.38806982,40.60473554,1.349568593,0.428640661,0.745498104,0.05124978,0.077082635,0.860134852,5.233297466,2.214789886,-1.794199506,9.410791757,0.582775774,0.243474494,4.728975564,0.708012259,544.3940497,1.036141125,1.46170312,0.234279443,0.042980556,200.1947135,1.099037319
USGS_14018500,SimulationRaw,0,1942,1942,0.027965092,0.04195648,23.96965635,30.04646605,1.619326819,0.759875011,0.711764669,0.164780234,0.140733118,1.249500893,4.686743384,5.357662934,-0.237546287,14.13171879,0.819805389,0.167273612,6.963563219,0.69526753,565.8366836,2.36305761,1.714311992,0.166482318,0.099951242,271.8716984,1.069942573
USGS_14020300,SimulationRaw,0,,,0.026226626,0.021153361,22.38595293,23.16534951,1.528628838,0.478438657,0.813658261,0.079728238,0.046833697,1.146428207,4.216402412,5.406519328,2.807819601,14.74539064,0.446671131,0.018693912,4.677272526,0.92577594,1269.13884,8.155214432,0.433206549,0.41021041,0.058885129,84.25918482,3.335828996
USGS_14038530,SimulationRaw,0,,,0.018330001,0.011595254,15.77711032,23.48011307,1.102783366,0.918740446,0.763329608,0.07768827,0.010020043,1.278445107,4.134932621,2.233685293,-0.25625148,13.61605314,0.616321603,0.13813508,6.336536271,0.370329706,1605.389747,83.30790738,1.00475731,0.220768561,0.038878246,94.70757944,4.468078234
USGS_14044000,SimulationRaw,0,,,0.015841176,0.053197096,25.0901773,37.96913205,1.637561488,0.254179147,0.715926016,0.082961182,0.135002845,0.937629208,3.568305696,6.314418999,1.166217384,6.601517504,0.18646259,0.260004455,1.629559541,0.619281853,762.1232649,48.02318044,0.671292026,0.228973697,0.028413346,249.7681347,2.576847575
USGS_14046000,SimulationRaw,0,1961,1961,0.042585883,0.067870434,24.65361207,32.09031388,1.389004701,0.628291385,0.755070768,0.066749887,0.078930782,1.374752038,3.989916504,8.332911175,-0.339986564,0.662503804,0.058429133,0.059341306,6.281938321,0.965069498,851.1478334,99.84116127,0.195284068,0.434351119,0.072389667,283.172275,2.548118533
USGS_14046500,SimulationRaw,0,1961,1965,0.032459907,0.060242395,15.791513,6.726494398,1.577885294,0.418514245,0.707514158,0.086910149,0.086925209,1.42466862,6.488687241,9.541475858,1.868345147,10.03767933,0.796001446,0.037433979,5.506604297,0.834732403,954.2595077,59.72957568,0.1167137,0.187734413,0.066668977,57.81620154,1.675958536
USGS_14048000,SimulationRaw,0,1948,1984,0.015844894,0.036482272,19.15821286,33.54261092,1.798823252,0.378687036,0.753492138,0.120434224,0.141222539,1.353905367,4.002426015,7.652979347,0.493166794,12.43847992,0.138918206,0.446430009,5.984749328,0.997122198,490.017215,5.909846595,1.416460183,0.074002864,0.0358541,100.2574564,1.814989971
USGS_14092750,SimulationRaw,0,,,0.031316225,0.000602318,19.96424928,42.54815563,1.327770603,0.617547937,0.815870691,0.117113912,0.063404993,0.772220173,3.946485779,8.028713411,1.062308023,3.286213888,0.665712738,0.019121089,2.000693351,0.435245806,1338.019211,31.25467249,0.435276841,0.071380814,0.020285715,17.18435387,1.309544295
USGS_14096850,SimulationRaw,0,,,0.028695791,0.024073901,21.45171062,21.32065504,1.238971777,0.361896696,0.718241249,0.048144334,0.156207133,1.419030991,5.368961361,2.876364272,0.169322732,10.95614767,0.106060993,0.484720912,1.163556414,0.761427778,1544.347563,39.09286525,0.395627573,0.073189891,0.020377545,38.22312789,1.318903842
USGS_14097100,SimulationRaw,0,,,0.044779661,0.017371804,15.52263831,45.44810851,0.904349446,0.957034407,0.800428497,0.128179621,0.017060495,0.802684363,3.565420161,9.944109334,1.621729934,0.100518576,0.813624191,0.00478543,2.167693518,0.764600976,1845.135058,5.975215896,1.412439273,0.213531451,0.023864891,122.7970106,1.252016844
USGS_14120000,SimulationRaw,0,1969,1969,0.009304459,0.013013029,10.61973208,2.353391694,1.996407703,0.213369579,0.856364643,0.025948825,0.032687361,1.079651458,3.719589974,8.023974432,0.438274757,1.813427936,0.85770698,0.044127976,1.970370445,0.595377842,1623.092432,11.34825902,0.502446138,0.149448521,0.022460908,56.98014002,1.499907172
USGS_14242580,SimulationRaw,0,1971,1988,0.022770598,0.048864496,16.77682431,10.73666351,1.127112737,0.238023628,0.898111751,0.165718174,0.143018417,1.388025264,5.514986948,3.857811867,-4.974505978,7.714772273,0.564392894,0.010926197,0.452968035,0.533824732,1409.765361,6.810915575,1.315468371,0.400506117,0.02540727,157.9330903,1.317109971
USGS_14308990,SimulationRaw,0,,,0.024345155,0.04920811,12.85167284,44.31052476,1.345780076,0.956388432,0.691401017,0.061461689,0.103281714,0.916441637,4.274152476,6.381934759,0.558865319,19.11750323,0.419130873,0.47027346,2.97394251,0.774661973,1535.481862,62.66525799,1.991637657,0.427640074,0.026619087,10.39844602,2.015541167
USGS_14309500,SimulationRaw,0,,,0.030707938,0.036095141,23.39778384,9.767042339,1.729418477,0.874621651,0.748684298,0.033151347,0.042119858,1.409414721,6.164369863,6.77646826,2.815404216,12.63552618,0.112926992,0.270087401,2.043436238,0.323147774,209.1858167,16.36107816,1.381913529,0.5523686,0.02198059,261.5747888,1.021029182
USGS_14312000,SimulationRaw,0,1980,1987,0.033019711,0.021983455,8.844816749,16.63257042,1.278987469,0.674065226,0.698242621,0.099880328,0.122246202,0.726192578,4.762590748,6.80872999,0.158502835,3.875072296,0.942990909,0.268266885,4.138235717,0.370780512,1648.451251,2.543592569,0.093882819,0.3881725,0.05269245,5.001139288,1.031044713
USGS_14313500,SimulationRaw,0,1955,1955,0.027250171,0.05533323,24.69871423,45.17244504,0.686127909,0.233339469,0.864453343,0.096416799,0.087559613,1.407110251,6.490477151,9.573872442,-0.996708197,0.167228552,0.896013544,0.098345919,2.48610653,0.577584934,1729.519469,96.47640771,1.378198296,0.053947826,0.051906219,75.58769074,1.151936789
USGS_15493000,SimulationRaw,0,,,0.001303647,0.045619601,14.62017708,9.950569394,1.446695293,0.236280282,0.701738932,0.020930858,0.025530271,0.776345486,5.343345984,6.814412888,-2.847865877,4.265911051,0.529692914,0.083134767,5.834127922,0.929975301,86.28092721,89.25917911,0.472023338,0.201700199,0.020012448,203.3683877,1.906967652
USGS_15896000,SimulationRaw,0,,,0.019073455,0.06161435,17.15391364,27.62979701,1.885840269,0.781472075,0.850947367,0.001318827,0.141710623,1.247197241,5.739955917,4.567633166,3.563891291,12.49744296,0.163235363,0.009401894,5.05651843,0.80745768,63.22858939,2.675333709,0.31430935,0.178445911,0.084386287,179.916985,1.922949748
USGS_15908000,SimulationRaw,0,,,0.009510707,0.019685453,1.623480182,3.419102818,1.067763575,0.970073197,0.754487629,0.041977995,0.041718846,1.343962869,4.12676966,1.52765012,0.822052897,2.38742016,0.186374245,0.0127425,4.442238718,0.590938871,1300.367023,14.4710912,0.750079493,0.239526757,0.060453768,256.1078733,2.321905016
USGS_50038100,SimulationRaw,0,1931,1934,0.020602948,0.002332072,18.02277215,17.05771578,0.910995186,0.703576367,0.709592519,0.076696253,0.029428142,0.981583904,5.696350675,8.098503547,2.009793313,8.578419449,0.928182168,0.776977618,2.144678865,0.559907983,59.95347732,3.648312179,1.742111104,0.35485357,0.033639808,27.04229168,1.070423116
USGS_50144000,SimulationRaw,0,1955,1956,0.012661252,0.01501166,10.5100296,29.30543102,1.807122092,0.971041846,0.794802278,0.003521225,0.059146625,1.069179584,4.288250334,6.383007332,2.175913186,1.815650289,0.986640123,0.590818957,6.455942602,0.659111154,986.5433121,84.63192126,1.419469846,0.668781933,0.021325697,124.5948044,1.405426879
